{"type":"FeatureCollection","attribution":"Lineas limite municipales (c) Instituto Geografico Nacional, CC BY 4.0. TopoJSON: es-atlas (MIT).","features":[{"type":"Feature","properties":{"name":"Mesegar de Corneja","layer":"municipio"},"geometry":{"type":"MultiLineString","coordinates":[[[-5.32994,40.5175],[-5.30295,40.52073],[-5.28496,40.51266],[-5.28721,40.49812],[-5.3007,40.4965],[-5.33894,40.48842],[-5.32994,40.5175]],[[-5.27596,40.60313],[-5.27147,40.59505],[-5.27371,40.59505],[-5.28271,40.59182],[-5.28721,40.59505],[-5.27596,40.60313]]]}},{"type":"Feature","properties":{"name":"Mijares","layer":"municipio"},"geometry":{"type":"MultiLineString","coordinates":[[[-4.88012,40.31393],[-4.85763,40.32363],[-4.82614,40.33817],[-4.81264,40.33171],[-4.80365,40.32686],[-4.80815,40.29616],[-4.80365,40.27516],[-4.81714,40.25577],[-4.8059,40.23477],[-4.81939,40.23154],[-4.83514,40.21215],[-4.84638,40.25092],[-4.85538,40.259],[-4.84188,40.27839],[-4.85763,40.29939],[-4.88012,40.31393]]]}},{"type":"Feature","properties":{"name":"Pinarejos","layer":"municipio"},"geometry":{"type":"MultiLineString","coordinates":[[[-4.34033,41.24615],[-4.34033,41.26231],[-4.33133,41.26069],[-4.2976,41.27846],[-4.25711,41.27039],[-4.25486,41.26231],[-4.23237,41.25584],[-4.2841,41.22838],[-4.34033,41.24615]]]}},{"type":"Feature","properties":{"name":"Mu\u00f1omer del Peco","layer":"municipio"},"geometry":{"type":"MultiLineString","coordinates":[[[-4.91386,40.86648],[-4.89361,40.89394],[-4.88462,40.86971],[-4.85763,40.85032],[-4.90261,40.85355],[-4.91386,40.86648]]]}},{"type":"Feature","properties":{"name":"Yelo","layer":"municipio"},"geometry":{"type":"MultiLineString","coordinates":[[[-2.59051,41.22515],[-2.56577,41.23807],[-2.50055,41.23323]],[[-2.55003,41.19607],[-2.58826,41.22353],[-2.59051,41.22515]]]}},{"type":"Feature","properties":{"name":"Puras","layer":"municipio"},"geometry":{"type":"MultiLineString","coordinates":[[[-4.70244,41.18476],[-4.65071,41.1993],[-4.63272,41.18476],[-4.62822,41.17022],[-4.64396,41.1686],[-4.67995,41.18637],[-4.70244,41.17506],[-4.70244,41.18476]]]}},{"type":"Feature","properties":{"name":"Fuente de Pedro Naharro","layer":"municipio"},"geometry":{"type":"MultiLineString","coordinates":[[[-3.10781,39.91326],[-3.09432,39.95526],[-3.04034,39.95203],[-2.96387,39.9585],[-2.97286,39.93749],[-3.01335,39.90518],[-3.02234,39.89226],[-3.06283,39.8971],[-3.09432,39.89387],[-3.10781,39.91326]]]}},{"type":"Feature","properties":{"name":"Bocigas","layer":"municipio"},"geometry":{"type":"MultiLineString","coordinates":[[[-4.70019,41.2203],[-4.71368,41.25908],[-4.67545,41.26231],[-4.6687,41.25908],[-4.65296,41.22999],[-4.70019,41.2203]]]}},{"type":"Feature","properties":{"name":"Frumales","layer":"municipio"},"geometry":{"type":"MultiLineString","coordinates":[[[-4.20313,41.40125],[-4.17165,41.39964],[-4.1694,41.39156],[-4.1649,41.36732],[-4.17839,41.34147],[-4.22338,41.35117],[-4.22787,41.38348],[-4.20313,41.40125]]]}},{"type":"Feature","properties":{"name":"Vita","layer":"municipio"},"geometry":{"type":"MultiLineString","coordinates":[[[-5.02631,40.82932],[-5.01282,40.84063],[-5.00382,40.84548],[-4.99482,40.84548],[-4.96783,40.82286],[-4.97458,40.81478],[-5.00607,40.80024],[-5.01507,40.7857],[-5.02631,40.82932]]]}},{"type":"Feature","properties":{"name":"Adrada de Haza","layer":"municipio"},"geometry":{"type":"MultiLineString","coordinates":[[[-3.82528,41.5822],[-3.82753,41.58059],[-3.84777,41.58705],[-3.84102,41.59513]]]}},{"type":"Feature","properties":{"name":"Fuente de Santa Cruz","layer":"municipio"},"geometry":{"type":"MultiLineString","coordinates":[[[-4.65071,41.1993],[-4.64846,41.22353],[-4.61472,41.2413],[-4.60573,41.23323],[-4.59673,41.21222],[-4.61022,41.19768],[-4.63272,41.18476],[-4.65071,41.1993]]]}},{"type":"Feature","properties":{"name":"Rebollo","layer":"municipio"},"geometry":{"type":"MultiLineString","coordinates":[[[-3.89051,41.19122],[-3.87026,41.21061],[-3.85902,41.21222],[-3.82753,41.20091],[-3.83203,41.19284],[-3.83878,41.17668],[-3.86576,41.16699],[-3.86801,41.17991],[-3.89051,41.19122]]]}},{"type":"Feature","properties":{"name":"Remondo","layer":"municipio"},"geometry":{"type":"MultiLineString","coordinates":[[[-4.48427,41.36571],[-4.47078,41.33501],[-4.47528,41.3237],[-4.47303,41.32209],[-4.49327,41.32693],[-4.50227,41.34309],[-4.49552,41.36409],[-4.48427,41.36571]]]}},{"type":"Feature","properties":{"name":"San Crist\u00f3bal de Cu\u00e9llar","layer":"municipio"},"geometry":{"type":"MultiLineString","coordinates":[[[-4.43029,41.43195],[-4.4078,41.44164],[-4.36507,41.4368],[-4.39206,41.39964],[-4.4123,41.39964],[-4.40555,41.41741],[-4.43029,41.43195]]]}},{"type":"Feature","properties":{"name":"San Crist\u00f3bal de la Vega","layer":"municipio"},"geometry":{"type":"MultiLineString","coordinates":[[[-4.6642,41.11044],[-4.66195,41.12659],[-4.65521,41.12821],[-4.64396,41.12175],[-4.61472,41.12659],[-4.60123,41.1379],[-4.58323,41.12498],[-4.59673,41.11205],[-4.61922,41.11044],[-4.62372,41.10074],[-4.62822,41.09751],[-4.6642,41.11044]]]}},{"type":"Feature","properties":{"name":"Brahojos de Medina","layer":"municipio"},"geometry":{"type":"MultiLineString","coordinates":[[[-5.08479,41.23161],[-5.04206,41.25423],[-5.01507,41.24777],[-5.00382,41.23323],[-5.00832,41.22676],[-5.0623,41.18799],[-5.07354,41.17991],[-5.07804,41.22515],[-5.08479,41.23161]]]}},{"type":"Feature","properties":{"name":"Mu\u00f1opepe","layer":"municipio"},"geometry":{"type":"MultiLineString","coordinates":[[[-4.83289,40.65322],[-4.80365,40.64514],[-4.80365,40.62737],[-4.82389,40.61929],[-4.81939,40.6209],[-4.83963,40.65322],[-4.83289,40.65322]]]}},{"type":"Feature","properties":{"name":"Geria","layer":"municipio"},"geometry":{"type":"MultiLineString","coordinates":[[[-4.86213,41.56443],[-4.86437,41.54989],[-4.88237,41.54666],[-4.90936,41.55635],[-4.90936,41.57251]]]}},{"type":"Feature","properties":{"name":"Haza","layer":"municipio"},"geometry":{"type":"MultiLineString","coordinates":[[[-3.79829,41.49173],[-3.78705,41.48526],[-3.82303,41.48042],[-3.83428,41.4998],[-3.79829,41.49173]],[[-3.84777,41.58705],[-3.82753,41.58059],[-3.82528,41.5515],[-3.80954,41.54989],[-3.81628,41.54181],[-3.79604,41.52242],[-3.80279,41.52404],[-3.84327,41.52404],[-3.83653,41.4998],[-3.84327,41.50142],[-3.86352,41.52889],[-3.88601,41.53212],[-3.88601,41.53696],[-3.895,41.5515],[-3.91525,41.56281],[-3.904,41.56605],[-3.91525,41.58382],[-3.913,41.60805]]]}},{"type":"Feature","properties":{"name":"Hontangas","layer":"municipio"},"geometry":{"type":"MultiLineString","coordinates":[[[-3.77805,41.56766],[-3.79379,41.56443],[-3.82528,41.5822]]]}},{"type":"Feature","properties":{"name":"Gallegos","layer":"municipio"},"geometry":{"type":"MultiLineString","coordinates":[[[-3.80279,41.09428],[-3.7848,41.10882],[-3.76231,41.07166],[-3.73981,41.05389],[-3.75556,41.02804],[-3.7668,41.01996],[-3.78255,41.0442],[-3.7848,41.06359],[-3.80279,41.09428]]]}},{"type":"Feature","properties":{"name":"Valdezate","layer":"municipio"},"geometry":{"type":"MultiLineString","coordinates":[[[-3.91525,41.58382],[-3.904,41.56605],[-3.91525,41.56281],[-3.94223,41.56928],[-3.96473,41.58543]]]}},{"type":"Feature","properties":{"name":"Garcill\u00e1n","layer":"municipio"},"geometry":{"type":"MultiLineString","coordinates":[[[-4.2976,40.97473],[-4.2886,41.0135],[-4.27735,41.01996],[-4.26836,41.01027],[-4.24587,41.01512],[-4.23912,40.9828],[-4.25711,40.9618],[-4.2976,40.97473]]]}},{"type":"Feature","properties":{"name":"Gomezserrac\u00edn","layer":"municipio"},"geometry":{"type":"MultiLineString","coordinates":[[[-4.34033,41.26231],[-4.34708,41.272],[-4.33583,41.31239],[-4.29535,41.30108],[-4.25711,41.30593],[-4.23912,41.28816],[-4.25711,41.27039],[-4.2976,41.27846],[-4.33133,41.26069],[-4.34033,41.26231]]]}},{"type":"Feature","properties":{"name":"Fuentelape\u00f1a","layer":"municipio"},"geometry":{"type":"MultiLineString","coordinates":[[[-5.43565,41.24615],[-5.44465,41.26392],[-5.4334,41.27362],[-5.40191,41.28493],[-5.39742,41.29624],[-5.39292,41.29785],[-5.34569,41.251],[-5.35243,41.22676],[-5.34794,41.20576],[-5.37043,41.19768],[-5.39067,41.20414],[-5.42441,41.21222],[-5.42441,41.23161],[-5.43565,41.24615]]]}},{"type":"Feature","properties":{"name":"La Peraleja","layer":"municipio"},"geometry":{"type":"MultiLineString","coordinates":[[[-2.58377,40.24931],[-2.54103,40.27354],[-2.4983,40.26547]],[[-2.54328,40.21053],[-2.56577,40.21377],[-2.57927,40.20569],[-2.59276,40.22669],[-2.58377,40.24931]]]}},{"type":"Feature","properties":{"name":"Grajera","layer":"municipio"},"geometry":{"type":"MultiLineString","coordinates":[[[-3.6476,41.36571],[-3.64535,41.37217],[-3.61611,41.38994],[-3.58912,41.37379],[-3.57563,41.3754],[-3.58013,41.36409],[-3.59362,41.35924],[-3.62736,41.36732],[-3.6431,41.35763],[-3.6476,41.36571]]]}},{"type":"Feature","properties":{"name":"Arahuetes","layer":"municipio"},"geometry":{"type":"MultiLineString","coordinates":[[[-3.89051,41.13629],[-3.89051,41.15083],[-3.87476,41.15083],[-3.86576,41.16699],[-3.83878,41.17668],[-3.83203,41.15729],[-3.84327,41.1476],[-3.84777,41.12821],[-3.87926,41.12821],[-3.89051,41.13629]]]}},{"type":"Feature","properties":{"name":"Valdevacas de Montejo","layer":"municipio"},"geometry":{"type":"MultiLineString","coordinates":[[[-3.64535,41.53858],[-3.63186,41.54666],[-3.61161,41.54504],[-3.58687,41.53373],[-3.60936,41.51435],[-3.63635,41.49173],[-3.64535,41.53858]]]}},{"type":"Feature","properties":{"name":"Adanero","layer":"municipio"},"geometry":{"type":"MultiLineString","coordinates":[[[-4.64846,40.94888],[-4.64171,40.96826],[-4.59673,40.96503],[-4.56524,40.95695],[-4.56749,40.94564],[-4.55849,40.9408],[-4.55849,40.91656],[-4.61247,40.91979],[-4.63721,40.94726],[-4.64846,40.94888]]]}},{"type":"Feature","properties":{"name":"Lomoviejo","layer":"municipio"},"geometry":{"type":"MultiLineString","coordinates":[[[-4.94984,41.14114],[-4.92735,41.16375],[-4.89136,41.17345],[-4.86437,41.19284],[-4.83289,41.19768],[-4.84188,41.17829],[-4.88237,41.16699],[-4.88462,41.14598],[-4.89361,41.13952],[-4.90936,41.11852],[-4.91161,41.12013],[-4.94984,41.14114]]]}},{"type":"Feature","properties":{"name":"Llano de Olmedo","layer":"municipio"},"geometry":{"type":"MultiLineString","coordinates":[[[-4.63272,41.272],[-4.61022,41.29462],[-4.59448,41.29624],[-4.57424,41.27523],[-4.59898,41.26392],[-4.61247,41.24454],[-4.63272,41.272]]]}},{"type":"Feature","properties":{"name":"Muriel","layer":"municipio"},"geometry":{"type":"MultiLineString","coordinates":[[[-4.89361,41.13952],[-4.88462,41.14598],[-4.82614,41.14437],[-4.81264,41.12983],[-4.81489,41.10398],[-4.82839,41.09913],[-4.85538,41.10074],[-4.86437,41.12336],[-4.89361,41.13952]]]}},{"type":"Feature","properties":{"name":"Albornos","layer":"municipio"},"geometry":{"type":"MultiLineString","coordinates":[[[-4.91386,40.83417],[-4.90261,40.85355],[-4.85763,40.85032],[-4.85088,40.84224],[-4.86437,40.82124],[-4.89811,40.80993],[-4.91386,40.83417]]]}},{"type":"Feature","properties":{"name":"Aldeanueva de Santa Cruz","layer":"municipio"},"geometry":{"type":"MultiLineString","coordinates":[[[-5.4469,40.35594],[-5.45589,40.36725],[-5.43115,40.38341],[-5.42441,40.39956],[-5.41541,40.38825],[-5.39742,40.37371],[-5.4469,40.35594]]]}},{"type":"Feature","properties":{"name":"Aldeaseca","layer":"municipio"},"geometry":{"type":"MultiLineString","coordinates":[[[-4.83963,41.05551],[-4.80365,41.0652],[-4.78341,41.0652],[-4.77441,41.06359],[-4.76766,41.03774],[-4.78566,41.01835],[-4.82389,41.02158],[-4.83963,41.02966],[-4.83963,41.05551]]]}},{"type":"Feature","properties":{"name":"La Aldehuela","layer":"municipio"},"geometry":{"type":"MultiLineString","coordinates":[[[-5.43115,40.41895],[-5.41091,40.43187],[-5.39292,40.44803],[-5.37717,40.4141],[-5.38167,40.40118],[-5.41541,40.38825],[-5.42441,40.39956],[-5.43115,40.41895]]]}},{"type":"Feature","properties":{"name":"Amavida","layer":"municipio"},"geometry":{"type":"MultiLineString","coordinates":[[[-5.09603,40.59182],[-5.07579,40.60798],[-5.0578,40.59505],[-5.0443,40.57405],[-5.03081,40.57243],[-5.05555,40.54658],[-5.06455,40.56113],[-5.09603,40.59182]]]}},{"type":"Feature","properties":{"name":"El Arenal","layer":"municipio"},"geometry":{"type":"MultiLineString","coordinates":[[[-5.12302,40.29293],[-5.09603,40.29455],[-5.0623,40.31232],[-5.0578,40.30909],[-5.06455,40.28324],[-5.0533,40.26547],[-5.05555,40.24769],[-5.08029,40.24446],[-5.09828,40.25254],[-5.12302,40.29293]]]}},{"type":"Feature","properties":{"name":"Arenas de San Pedro","layer":"municipio"},"geometry":{"type":"MultiLineString","coordinates":[[[-5.23998,40.24769],[-5.19275,40.26708],[-5.1815,40.26062],[-5.1905,40.22992],[-5.17475,40.22669],[-5.13427,40.19438],[-5.13652,40.16691],[-5.10953,40.15399],[-5.12077,40.20569],[-5.11628,40.23315],[-5.09154,40.23477],[-5.08029,40.24446],[-5.05555,40.24769],[-5.04655,40.22346],[-5.0533,40.21377],[-5.01057,40.16045],[-4.98808,40.16207],[-4.97458,40.1556],[-4.95884,40.1556],[-4.95434,40.15399],[-4.94984,40.13298],[-4.95434,40.12167],[-5.01282,40.11198],[-5.00607,40.12652],[-5.01731,40.15883],[-5.05555,40.14914],[-5.0668,40.15076],[-5.10053,40.12652],[-5.14327,40.09098],[-5.16576,40.08936],[-5.1815,40.08775],[-5.1905,40.12006],[-5.1905,40.17661],[-5.23998,40.24769]],[[-5.16576,40.16045],[-5.14776,40.17499],[-5.17475,40.17337],[-5.16576,40.16045]]]}},{"type":"Feature","properties":{"name":"Arevalillo","layer":"municipio"},"geometry":{"type":"MultiLineString","coordinates":[[[-5.40866,40.60959],[-5.39742,40.61444],[-5.37043,40.60636],[-5.33894,40.57243],[-5.35243,40.56113],[-5.35918,40.56113],[-5.39967,40.59828],[-5.40866,40.60959]]]}},{"type":"Feature","properties":{"name":"El Barco de \u00c1vila","layer":"municipio"},"geometry":{"type":"MultiLineString","coordinates":[[[-5.54586,40.37048],[-5.51887,40.3721],[-5.48738,40.35109],[-5.52112,40.33655],[-5.53461,40.34463],[-5.54586,40.37048]]]}},{"type":"Feature","properties":{"name":"Gormaz","layer":"municipio"},"geometry":{"type":"MultiLineString","coordinates":[[[-3.02459,41.48365],[-3.02909,41.51273],[-3.02459,41.52727],[-2.99535,41.54504],[-2.98861,41.51919],[-2.9976,41.50788],[-2.98861,41.49011],[-3.0201,41.48365],[-3.02459,41.48365]]]}},{"type":"Feature","properties":{"name":"Becedillas","layer":"municipio"},"geometry":{"type":"MultiLineString","coordinates":[[[-5.35243,40.56113],[-5.33894,40.57243],[-5.3007,40.57082],[-5.28721,40.59505],[-5.28271,40.59182],[-5.3007,40.56597],[-5.29846,40.54497],[-5.30295,40.52073],[-5.32994,40.5175],[-5.34119,40.54982],[-5.35243,40.56113]]]}},{"type":"Feature","properties":{"name":"Bercial de Zapardiel","layer":"municipio"},"geometry":{"type":"MultiLineString","coordinates":[[[-5.00832,41.0442],[-4.95884,41.07166],[-4.94534,41.06035],[-4.95884,41.04258],[-4.95434,41.02481],[-4.98583,41.01512],[-5.00832,41.0442]]]}},{"type":"Feature","properties":{"name":"Mu\u00f1osancho","layer":"municipio"},"geometry":{"type":"MultiLineString","coordinates":[[[-5.0623,40.9101],[-5.06455,40.91818],[-5.03981,40.94241],[-5.01507,40.95211],[-5.00382,40.94726],[-5.00832,40.91172],[-5.03981,40.89718],[-5.0623,40.9101]]]}},{"type":"Feature","properties":{"name":"Pascualcobo","layer":"municipio"},"geometry":{"type":"MultiLineString","coordinates":[[[-5.29846,40.64352],[-5.29621,40.65483],[-5.25797,40.66937],[-5.24223,40.66937],[-5.26247,40.64191],[-5.23773,40.63221],[-5.23323,40.62252],[-5.27147,40.62413],[-5.27371,40.61444],[-5.27821,40.63868],[-5.29846,40.64352]]]}},{"type":"Feature","properties":{"name":"Bercimuel","layer":"municipio"},"geometry":{"type":"MultiLineString","coordinates":[[[-3.59587,41.40771],[-3.58013,41.41902],[-3.56663,41.41579],[-3.54864,41.41095],[-3.54864,41.38994],[-3.54864,41.37863],[-3.57113,41.37702],[-3.58013,41.3964],[-3.59587,41.40771]]]}},{"type":"Feature","properties":{"name":"Salobral","layer":"municipio"},"geometry":{"type":"MultiLineString","coordinates":[[[-4.82614,40.61283],[-4.82389,40.61929],[-4.80365,40.62737],[-4.7879,40.61121],[-4.78566,40.60475],[-4.79915,40.59021],[-4.81489,40.59828],[-4.82614,40.61283]]]}},{"type":"Feature","properties":{"name":"Salvadi\u00f3s","layer":"municipio"},"geometry":{"type":"MultiLineString","coordinates":[[[-5.10953,40.89556],[-5.08479,40.90849],[-5.0623,40.9101],[-5.03981,40.89718],[-5.04655,40.88102],[-5.09379,40.86648],[-5.10278,40.85678],[-5.11403,40.8891],[-5.10953,40.89556]]]}},{"type":"Feature","properties":{"name":"San Mart\u00edn de la Vega del Alberche","layer":"municipio"},"geometry":{"type":"MultiLineString","coordinates":[[[-5.23098,40.43995],[-5.20849,40.45449],[-5.186,40.45934],[-5.1725,40.45611],[-5.14776,40.45773],[-5.12527,40.42541],[-5.12752,40.40279],[-5.16801,40.40118],[-5.1815,40.39148],[-5.20624,40.39795],[-5.21299,40.40764],[-5.22423,40.40926],[-5.23098,40.43995]]]}},{"type":"Feature","properties":{"name":"Collado de Contreras","layer":"municipio"},"geometry":{"type":"MultiLineString","coordinates":[[[-4.95659,40.90041],[-4.90261,40.90364],[-4.89361,40.89394],[-4.91386,40.86648],[-4.94534,40.86325],[-4.95659,40.86163],[-4.95659,40.90041]]]}},{"type":"Feature","properties":{"name":"Collado del Mir\u00f3n","layer":"municipio"},"geometry":{"type":"MultiLineString","coordinates":[[[-5.37043,40.53528],[-5.37717,40.56274],[-5.35918,40.56113],[-5.35243,40.56113],[-5.34119,40.54982],[-5.37043,40.53528]]]}},{"type":"Feature","properties":{"name":"Blascosancho","layer":"municipio"},"geometry":{"type":"MultiLineString","coordinates":[[[-4.68669,40.8584],[-4.6687,40.89071],[-4.62822,40.89718],[-4.61472,40.89718],[-4.60797,40.87617],[-4.61922,40.85678],[-4.63047,40.85678],[-4.68669,40.8584]]]}},{"type":"Feature","properties":{"name":"Constanzana","layer":"municipio"},"geometry":{"type":"MultiLineString","coordinates":[[[-4.9161,40.93272],[-4.91386,40.94726],[-4.89361,40.95211],[-4.88687,40.95857],[-4.86437,40.94241],[-4.83289,40.91495],[-4.84413,40.91172],[-4.86437,40.90202],[-4.89361,40.89394],[-4.90261,40.90364],[-4.9161,40.93272]]]}},{"type":"Feature","properties":{"name":"Donjimeno","layer":"municipio"},"geometry":{"type":"MultiLineString","coordinates":[[[-4.88687,40.95857],[-4.87337,40.97796],[-4.83514,40.98442],[-4.83064,40.95372],[-4.86437,40.94241],[-4.88687,40.95857]]]}},{"type":"Feature","properties":{"name":"Donvidas","layer":"municipio"},"geometry":{"type":"MultiLineString","coordinates":[[[-4.82839,41.09913],[-4.81489,41.10398],[-4.7879,41.09751],[-4.78341,41.0652],[-4.80365,41.0652],[-4.82839,41.09913]]]}},{"type":"Feature","properties":{"name":"Espinosa de los Caballeros","layer":"municipio"},"geometry":{"type":"MultiLineString","coordinates":[[[-4.69569,41.00058],[-4.70694,41.01996],[-4.70019,41.03127],[-4.67995,41.02804],[-4.6597,41.04097],[-4.63946,41.02966],[-4.62372,41.00704],[-4.63047,41.01189],[-4.6687,40.99896],[-4.69569,41.00058]]]}},{"type":"Feature","properties":{"name":"Fuente el Sa\u00faz","layer":"municipio"},"geometry":{"type":"MultiLineString","coordinates":[[[-4.9251,40.99088],[-4.89586,40.98927],[-4.88012,40.9828],[-4.87337,40.97796],[-4.88687,40.95857],[-4.89361,40.95211],[-4.90711,40.96019],[-4.9251,40.99088]]]}},{"type":"Feature","properties":{"name":"Fuentes de A\u00f1o","layer":"municipio"},"geometry":{"type":"MultiLineString","coordinates":[[[-4.94309,41.02481],[-4.93185,41.04743],[-4.90486,41.04743],[-4.87337,41.01835],[-4.89136,41.00542],[-4.93185,41.00058],[-4.94309,41.02481]]]}},{"type":"Feature","properties":{"name":"Berrocalejo de Aragona","layer":"municipio"},"geometry":{"type":"MultiLineString","coordinates":[[[-4.61697,40.70815],[-4.57424,40.71138],[-4.57649,40.68068],[-4.61022,40.68876],[-4.61697,40.70815]]]}},{"type":"Feature","properties":{"name":"Gilbuena","layer":"municipio"},"geometry":{"type":"MultiLineString","coordinates":[[[-5.57285,40.44803],[-5.58184,40.38179],[-5.59984,40.3931]]]}},{"type":"Feature","properties":{"name":"Gil Garc\u00eda","layer":"municipio"},"geometry":{"type":"MultiLineString","coordinates":[[[-5.57735,40.29293],[-5.5661,40.29132],[-5.58634,40.259],[-5.58859,40.23154],[-5.61333,40.29939]]]}},{"type":"Feature","properties":{"name":"Tajueco","layer":"municipio"},"geometry":{"type":"MultiLineString","coordinates":[[[-2.8739,41.5402],[-2.84691,41.56605],[-2.83567,41.56443],[-2.81992,41.5402],[-2.80643,41.53212],[-2.82892,41.52889],[-2.83792,41.51111],[-2.86266,41.51758],[-2.8694,41.52889],[-2.8739,41.5402]]]}},{"type":"Feature","properties":{"name":"La Adrada","layer":"municipio"},"geometry":{"type":"MultiLineString","coordinates":[[[-4.69794,40.28162],[-4.70019,40.28808],[-4.6597,40.30424],[-4.66195,40.32524],[-4.68445,40.34948],[-4.6822,40.36079],[-4.63047,40.36725],[-4.61022,40.35432],[-4.63272,40.32847],[-4.61022,40.30101],[-4.63946,40.2687],[-4.6687,40.25092],[-4.68669,40.24931],[-4.70019,40.25739],[-4.69794,40.28162]]]}},{"type":"Feature","properties":{"name":"Ar\u00e9valo","layer":"municipio"},"geometry":{"type":"MultiLineString","coordinates":[[[-4.77441,41.06359],[-4.74067,41.06682],[-4.72943,41.10398],[-4.71593,41.10721],[-4.70694,41.08944],[-4.71593,41.07166],[-4.70244,41.05228],[-4.6597,41.04097],[-4.67995,41.02804],[-4.70019,41.03127],[-4.70694,41.01996],[-4.69569,41.00058],[-4.69344,40.98442],[-4.71818,40.97957],[-4.71143,40.99573],[-4.72718,40.99896],[-4.72043,41.01673],[-4.74967,41.03935],[-4.76766,41.03774],[-4.77441,41.06359]]]}},{"type":"Feature","properties":{"name":"Aveinte","layer":"municipio"},"geometry":{"type":"MultiLineString","coordinates":[[[-4.85313,40.76469],[-4.84188,40.80347],[-4.83064,40.81155],[-4.8104,40.78731],[-4.81714,40.77277],[-4.85088,40.76308],[-4.85313,40.76469]]]}},{"type":"Feature","properties":{"name":"Avellaneda","layer":"municipio"},"geometry":{"type":"MultiLineString","coordinates":[[[-5.41541,40.38825],[-5.38167,40.40118],[-5.35918,40.39633],[-5.36143,40.38341],[-5.39742,40.37371],[-5.41541,40.38825]]]}},{"type":"Feature","properties":{"name":"\u00c1vila","layer":"municipio"},"geometry":{"type":"MultiLineString","coordinates":[[[-4.81489,40.72269],[-4.7969,40.75338],[-4.77891,40.74531],[-4.7879,40.72915],[-4.78341,40.71784],[-4.76541,40.72753],[-4.74742,40.72269],[-4.73393,40.70007],[-4.69569,40.70976],[-4.68894,40.734],[-4.65296,40.73561],[-4.63496,40.71784],[-4.61697,40.70815],[-4.61022,40.68876],[-4.57649,40.68068],[-4.554,40.68876],[-4.53825,40.68391],[-4.52926,40.69361],[-4.51801,40.68876],[-4.47078,40.69199],[-4.45279,40.66776],[-4.46628,40.63544],[-4.47977,40.61929],[-4.51351,40.62252],[-4.50901,40.63383],[-4.53375,40.64998],[-4.55175,40.6516],[-4.56524,40.66614],[-4.59448,40.6516],[-4.58773,40.64029],[-4.61922,40.64675],[-4.64621,40.61929],[-4.65746,40.59667],[-4.68894,40.5999],[-4.69344,40.56274],[-4.71368,40.56436],[-4.72043,40.57728],[-4.76766,40.57405],[-4.74742,40.58374],[-4.74292,40.60636],[-4.72943,40.61121],[-4.72043,40.64352],[-4.73842,40.64191],[-4.75192,40.65806],[-4.74067,40.67745],[-4.77891,40.70815],[-4.79465,40.70815],[-4.8104,40.71784],[-4.81489,40.72269]]]}},{"type":"Feature","properties":{"name":"El Barraco","layer":"municipio"},"geometry":{"type":"MultiLineString","coordinates":[[[-4.68445,40.53366],[-4.67995,40.54012],[-4.63496,40.54982],[-4.64621,40.52881],[-4.63272,40.50458],[-4.56524,40.49812],[-4.5315,40.48681],[-4.52476,40.45611],[-4.54275,40.43834],[-4.554,40.41895],[-4.53825,40.3931],[-4.5495,40.34463],[-4.59448,40.34625],[-4.61022,40.35432],[-4.63047,40.36725],[-4.61922,40.39148],[-4.62597,40.40118],[-4.62147,40.42057],[-4.65521,40.48034],[-4.67095,40.49812],[-4.68445,40.53366]]]}},{"type":"Feature","properties":{"name":"Barrom\u00e1n","layer":"municipio"},"geometry":{"type":"MultiLineString","coordinates":[[[-4.95884,41.07166],[-4.94534,41.0862],[-4.89361,41.06359],[-4.88687,41.05551],[-4.90486,41.04743],[-4.93185,41.04743],[-4.94309,41.02481],[-4.95434,41.02481],[-4.95884,41.04258],[-4.94534,41.06035],[-4.95884,41.07166]]]}},{"type":"Feature","properties":{"name":"Becedas","layer":"municipio"},"geometry":{"type":"MultiLineString","coordinates":[[[-5.58184,40.38179],[-5.58184,40.38017],[-5.60883,40.36887]]]}},{"type":"Feature","properties":{"name":"Las Berlanas","layer":"municipio"},"geometry":{"type":"MultiLineString","coordinates":[[[-4.8014,40.80508],[-4.77441,40.81963],[-4.75642,40.82447],[-4.73842,40.81155],[-4.74517,40.7857],[-4.76092,40.77923],[-4.8014,40.79378],[-4.8014,40.80508]]]}},{"type":"Feature","properties":{"name":"Bernuy-Zapardiel","layer":"municipio"},"geometry":{"type":"MultiLineString","coordinates":[[[-4.99033,40.97634],[-4.98583,40.97957],[-4.94984,40.9925],[-4.93185,40.9925],[-4.9251,40.99088],[-4.90711,40.96019],[-4.89361,40.95211],[-4.91386,40.94726],[-4.94534,40.95372],[-4.94984,40.96503],[-4.99033,40.97634]]]}},{"type":"Feature","properties":{"name":"Santa Cruz de Pinares","layer":"municipio"},"geometry":{"type":"MultiLineString","coordinates":[[[-4.63496,40.54982],[-4.60123,40.56759],[-4.55849,40.5482],[-4.56524,40.49812],[-4.63272,40.50458],[-4.64621,40.52881],[-4.63496,40.54982]]]}},{"type":"Feature","properties":{"name":"Blascomill\u00e1n","layer":"municipio"},"geometry":{"type":"MultiLineString","coordinates":[[[-5.16351,40.86486],[-5.13652,40.84871],[-5.10053,40.84386],[-5.08479,40.81963],[-5.0533,40.79701],[-5.06005,40.77923],[-5.07354,40.78893],[-5.11628,40.79054],[-5.12977,40.8067],[-5.15901,40.81963],[-5.16801,40.84063],[-5.16351,40.86486]]]}},{"type":"Feature","properties":{"name":"Blasconu\u00f1o de Matacabras","layer":"municipio"},"geometry":{"type":"MultiLineString","coordinates":[[[-5.02181,41.15406],[-5.01282,41.16375],[-4.99033,41.16052],[-4.96783,41.15244],[-4.95884,41.13952],[-4.95659,41.13144],[-4.99257,41.12013],[-5.00382,41.1476],[-5.02181,41.15406]]]}},{"type":"Feature","properties":{"name":"Guisando","layer":"municipio"},"geometry":{"type":"MultiLineString","coordinates":[[[-5.1815,40.26062],[-5.15451,40.26062],[-5.13202,40.24931],[-5.11628,40.23315],[-5.12077,40.20569],[-5.10953,40.15399],[-5.13652,40.16691],[-5.13427,40.19438],[-5.17475,40.22669],[-5.1905,40.22992],[-5.1815,40.26062]]]}},{"type":"Feature","properties":{"name":"El Bohod\u00f3n","layer":"municipio"},"geometry":{"type":"MultiLineString","coordinates":[[[-4.78341,40.92303],[-4.75417,40.93595],[-4.73842,40.92787],[-4.6687,40.92626],[-4.72718,40.90364],[-4.75417,40.89879],[-4.78116,40.90525],[-4.78341,40.92303]]]}},{"type":"Feature","properties":{"name":"Bonilla de la Sierra","layer":"municipio"},"geometry":{"type":"MultiLineString","coordinates":[[[-5.30295,40.52073],[-5.29846,40.54497],[-5.29171,40.55143],[-5.26922,40.54174],[-5.24673,40.54982],[-5.25347,40.58213],[-5.27371,40.59505],[-5.27147,40.59505],[-5.25797,40.60959],[-5.27147,40.62413],[-5.23323,40.62252],[-5.23323,40.61929],[-5.23323,40.59667],[-5.24673,40.58213],[-5.21749,40.55951],[-5.186,40.55143],[-5.22423,40.5272],[-5.23548,40.50296],[-5.25347,40.50135],[-5.28721,40.49812],[-5.28496,40.51266],[-5.30295,40.52073]]]}},{"type":"Feature","properties":{"name":"Bohoyo","layer":"municipio"},"geometry":{"type":"MultiLineString","coordinates":[[[-5.50088,40.32524],[-5.49413,40.31878],[-5.46939,40.32686],[-5.43115,40.32524],[-5.40866,40.32363],[-5.37493,40.30586],[-5.36593,40.29616],[-5.3232,40.28647],[-5.31645,40.26385],[-5.34344,40.26385],[-5.39517,40.25092],[-5.4289,40.25254],[-5.46489,40.29455],[-5.47614,40.29778],[-5.50313,40.31717],[-5.50088,40.32524]]]}},{"type":"Feature","properties":{"name":"Canales","layer":"municipio"},"geometry":{"type":"MultiLineString","coordinates":[[[-4.93185,40.9925],[-4.93185,41.00058],[-4.89136,41.00542],[-4.88012,40.9828],[-4.89586,40.98927],[-4.9251,40.99088],[-4.93185,40.9925]]]}},{"type":"Feature","properties":{"name":"Candeleda","layer":"municipio"},"geometry":{"type":"MultiLineString","coordinates":[[[-5.34344,40.26385],[-5.31645,40.26385],[-5.28271,40.24123],[-5.27371,40.24769],[-5.26247,40.25092],[-5.23998,40.24769],[-5.1905,40.17661],[-5.1905,40.12006],[-5.1815,40.08775],[-5.19949,40.08128],[-5.21074,40.10552],[-5.24897,40.10875],[-5.29396,40.11037],[-5.31645,40.10713],[-5.33669,40.11521],[-5.36818,40.16368],[-5.36368,40.17822],[-5.37043,40.21538],[-5.35918,40.22507],[-5.34344,40.26385]]]}},{"type":"Feature","properties":{"name":"Brabos","layer":"municipio"},"geometry":{"type":"MultiLineString","coordinates":[[[-4.96783,40.776],[-4.94534,40.78247],[-4.92285,40.78085],[-4.90936,40.78408],[-4.90036,40.76308],[-4.91386,40.73884],[-4.90936,40.72753],[-4.9251,40.72269],[-4.94534,40.74531],[-4.93635,40.75662],[-4.96783,40.776]]]}},{"type":"Feature","properties":{"name":"Cantiveros","layer":"municipio"},"geometry":{"type":"MultiLineString","coordinates":[[[-4.99707,40.95211],[-4.99033,40.97634],[-4.94984,40.96503],[-4.94534,40.95372],[-4.91386,40.94726],[-4.9161,40.93272],[-4.94084,40.94726],[-4.95209,40.94241],[-4.99707,40.95211]]]}},{"type":"Feature","properties":{"name":"Gutierre-Mu\u00f1oz","layer":"municipio"},"geometry":{"type":"MultiLineString","coordinates":[[[-4.69119,40.97311],[-4.63272,40.9925],[-4.61247,40.98765],[-4.59673,40.96503],[-4.64171,40.96826],[-4.64846,40.94888],[-4.67545,40.93434],[-4.68894,40.95049],[-4.69119,40.97311]]]}},{"type":"Feature","properties":{"name":"Bularros","layer":"municipio"},"geometry":{"type":"MultiLineString","coordinates":[[[-4.8104,40.71784],[-4.79465,40.70815],[-4.81264,40.69522],[-4.8104,40.71784]],[[-4.85088,40.76308],[-4.81714,40.77277],[-4.81489,40.75985],[-4.7969,40.75338],[-4.81489,40.72269],[-4.83514,40.7243],[-4.84188,40.71138],[-4.88012,40.71138],[-4.89361,40.72753],[-4.85988,40.74208],[-4.85088,40.76308]]]}},{"type":"Feature","properties":{"name":"Hoyorredondo","layer":"municipio"},"geometry":{"type":"MultiLineString","coordinates":[[[-5.4334,40.46903],[-5.41541,40.47873],[-5.39742,40.48681],[-5.38392,40.47065],[-5.39292,40.44803],[-5.41091,40.43187],[-5.42666,40.44157],[-5.4334,40.46903]]]}},{"type":"Feature","properties":{"name":"Burgohondo","layer":"municipio"},"geometry":{"type":"MultiLineString","coordinates":[[[-4.82839,40.41895],[-4.79015,40.43349],[-4.78341,40.43187],[-4.74067,40.43187],[-4.75417,40.39148],[-4.75192,40.37371],[-4.72718,40.35756],[-4.77216,40.34463],[-4.80365,40.32686],[-4.81264,40.33171],[-4.79915,40.34786],[-4.79915,40.37856],[-4.81264,40.39956],[-4.82839,40.41895]]]}},{"type":"Feature","properties":{"name":"Cabezas de Alambre","layer":"municipio"},"geometry":{"type":"MultiLineString","coordinates":[[[-4.86437,40.94241],[-4.83064,40.95372],[-4.81264,40.94241],[-4.81714,40.92626],[-4.83289,40.91495],[-4.86437,40.94241]]]}},{"type":"Feature","properties":{"name":"Cabezas del Pozo","layer":"municipio"},"geometry":{"type":"MultiLineString","coordinates":[[[-4.99932,40.99573],[-4.98583,41.01512],[-4.95434,41.02481],[-4.94309,41.02481],[-4.93185,41.00058],[-4.93185,40.9925],[-4.94984,40.9925],[-4.98583,40.97957],[-4.99932,40.98119],[-4.99932,40.99573]]]}},{"type":"Feature","properties":{"name":"Cabezas del Villar","layer":"municipio"},"geometry":{"type":"MultiLineString","coordinates":[[[-5.25572,40.73884],[-5.21524,40.75823],[-5.21974,40.77277],[-5.17925,40.79701],[-5.15676,40.76793],[-5.17925,40.74692],[-5.17026,40.73561],[-5.19724,40.7243],[-5.1905,40.70007],[-5.177,40.70007],[-5.17925,40.68553],[-5.16126,40.67583],[-5.15226,40.66129],[-5.13652,40.66291],[-5.13427,40.65483],[-5.16126,40.63221],[-5.18825,40.62413],[-5.21749,40.61283],[-5.23323,40.61929],[-5.23323,40.62252],[-5.23773,40.63221],[-5.26247,40.64191],[-5.24223,40.66937],[-5.23098,40.67583],[-5.25347,40.734],[-5.25572,40.73884]]]}},{"type":"Feature","properties":{"name":"Cabizuela","layer":"municipio"},"geometry":{"type":"MultiLineString","coordinates":[[[-4.84413,40.91172],[-4.83289,40.91495],[-4.81714,40.92626],[-4.78341,40.92303],[-4.78116,40.90525],[-4.7879,40.88263],[-4.8014,40.87779],[-4.81264,40.87456],[-4.84413,40.91172]]]}},{"type":"Feature","properties":{"name":"Carde\u00f1osa","layer":"municipio"},"geometry":{"type":"MultiLineString","coordinates":[[[-4.77891,40.74531],[-4.76092,40.76146],[-4.73168,40.76308],[-4.72268,40.77116],[-4.69119,40.75662],[-4.68894,40.734],[-4.69569,40.70976],[-4.73393,40.70007],[-4.74742,40.72269],[-4.76541,40.72753],[-4.78341,40.71784],[-4.7879,40.72915],[-4.77891,40.74531]]]}},{"type":"Feature","properties":{"name":"La Carrera","layer":"municipio"},"geometry":{"type":"MultiLineString","coordinates":[[[-5.58184,40.38017],[-5.57285,40.37856],[-5.54586,40.37048],[-5.53461,40.34463],[-5.55486,40.32524],[-5.57285,40.33817],[-5.58184,40.38017]]]}},{"type":"Feature","properties":{"name":"Hoyos del Collado","layer":"municipio"},"geometry":{"type":"MultiLineString","coordinates":[[[-5.21299,40.40764],[-5.20624,40.39795],[-5.1905,40.3721],[-5.1905,40.34302],[-5.20399,40.34463],[-5.21524,40.35594],[-5.21299,40.40764]]]}},{"type":"Feature","properties":{"name":"Casas del Puerto","layer":"municipio"},"geometry":{"type":"MultiLineString","coordinates":[[[-5.23548,40.50296],[-5.22423,40.5272],[-5.186,40.55143],[-5.16576,40.5482],[-5.16351,40.51912],[-5.11628,40.52073],[-5.10728,40.50943],[-5.12077,40.50619],[-5.15676,40.51912],[-5.16801,40.50781],[-5.20849,40.51589],[-5.23548,40.50296]]]}},{"type":"Feature","properties":{"name":"Casasola","layer":"municipio"},"geometry":{"type":"MultiLineString","coordinates":[[[-4.86887,40.66129],[-4.83963,40.6726],[-4.83289,40.69038],[-4.82839,40.69361],[-4.79015,40.65968],[-4.78341,40.64675],[-4.80365,40.64514],[-4.83289,40.65322],[-4.86887,40.66129]]]}},{"type":"Feature","properties":{"name":"Langa","layer":"municipio"},"geometry":{"type":"MultiLineString","coordinates":[[[-4.89136,41.00542],[-4.87337,41.01835],[-4.83963,41.02966],[-4.82389,41.02158],[-4.82839,40.98604],[-4.83514,40.98442],[-4.87337,40.97796],[-4.88012,40.9828],[-4.89136,41.00542]]]}},{"type":"Feature","properties":{"name":"Casavieja","layer":"municipio"},"geometry":{"type":"MultiLineString","coordinates":[[[-4.80365,40.32686],[-4.77216,40.34463],[-4.75192,40.33009],[-4.74517,40.29616],[-4.72718,40.27354],[-4.74292,40.27516],[-4.76092,40.26062],[-4.80365,40.27516],[-4.80815,40.29616],[-4.80365,40.32686]]]}},{"type":"Feature","properties":{"name":"Casillas","layer":"municipio"},"geometry":{"type":"MultiLineString","coordinates":[[[-4.59448,40.34625],[-4.5495,40.34463],[-4.54725,40.3414],[-4.545,40.33009],[-4.56749,40.32363],[-4.56299,40.31232],[-4.59673,40.3204],[-4.60348,40.33494],[-4.59448,40.34625]]]}},{"type":"Feature","properties":{"name":"Castellanos de Zapardiel","layer":"municipio"},"geometry":{"type":"MultiLineString","coordinates":[[[-4.94534,41.0862],[-4.94084,41.09428],[-4.9296,41.10236],[-4.87337,41.07651],[-4.87562,41.06197],[-4.88687,41.05551],[-4.89361,41.06359],[-4.94534,41.0862]]]}},{"type":"Feature","properties":{"name":"Cebreros","layer":"municipio"},"geometry":{"type":"MultiLineString","coordinates":[[[-4.54275,40.43834],[-4.52476,40.45611],[-4.5315,40.48681],[-4.50002,40.50943],[-4.46628,40.50781],[-4.43254,40.49488],[-4.4258,40.48519],[-4.37856,40.46903],[-4.34258,40.48519],[-4.34033,40.46903],[-4.32459,40.45934],[-4.33808,40.43187],[-4.32459,40.41895],[-4.32009,40.41087],[-4.39881,40.41087],[-4.4213,40.40602],[-4.44154,40.4141],[-4.46628,40.40764],[-4.46403,40.42218],[-4.52701,40.43834],[-4.54275,40.43834]]]}},{"type":"Feature","properties":{"name":"Malpartida de Corneja","layer":"municipio"},"geometry":{"type":"MultiLineString","coordinates":[[[-5.38167,40.50619],[-5.37043,40.53043],[-5.37043,40.53528],[-5.34119,40.54982],[-5.32994,40.5175],[-5.33894,40.48842],[-5.36368,40.49165],[-5.35243,40.50458],[-5.38167,40.50619]]]}},{"type":"Feature","properties":{"name":"Cepeda la Mora","layer":"municipio"},"geometry":{"type":"MultiLineString","coordinates":[[[-5.09379,40.47065],[-5.07354,40.47711],[-5.03756,40.48681],[-5.01057,40.4755],[-5.02406,40.45288],[-5.01956,40.43187],[-5.03306,40.42218],[-5.05105,40.42541],[-5.0623,40.43834],[-5.09154,40.44318],[-5.09379,40.47065]]]}},{"type":"Feature","properties":{"name":"La Colilla","layer":"municipio"},"geometry":{"type":"MultiLineString","coordinates":[[[-4.79015,40.65968],[-4.75192,40.65806],[-4.73842,40.64191],[-4.72043,40.64352],[-4.73842,40.62898],[-4.77216,40.63544],[-4.78341,40.64675],[-4.79015,40.65968]]]}},{"type":"Feature","properties":{"name":"Cill\u00e1n","layer":"municipio"},"geometry":{"type":"MultiLineString","coordinates":[[[-5.01507,40.67099],[-5.01507,40.67099]],[[-5.00832,40.70653],[-4.96783,40.72753],[-4.97008,40.71138],[-4.95884,40.68876],[-4.97008,40.67583],[-4.99257,40.68876],[-5.00157,40.69361],[-5.01507,40.67745],[-5.02631,40.68714],[-5.00832,40.70653]]]}},{"type":"Feature","properties":{"name":"Cisla","layer":"municipio"},"geometry":{"type":"MultiLineString","coordinates":[[[-5.03981,40.94241],[-5.05105,40.96665],[-5.03756,40.97473],[-5.01282,41.00058],[-4.99932,40.99573],[-4.99932,40.98119],[-4.98583,40.97957],[-4.99033,40.97634],[-4.99707,40.95211],[-5.00382,40.94726],[-5.01507,40.95211],[-5.03981,40.94241]]]}},{"type":"Feature","properties":{"name":"Mamblas","layer":"municipio"},"geometry":{"type":"MultiLineString","coordinates":[[[-5.05105,40.98119],[-5.0623,40.99573],[-5.02181,41.03774],[-5.00832,41.0442],[-4.98583,41.01512],[-4.99932,40.99573],[-5.01282,41.00058],[-5.03756,40.97473],[-5.05105,40.98119]]]}},{"type":"Feature","properties":{"name":"Crespos","layer":"municipio"},"geometry":{"type":"MultiLineString","coordinates":[[[-5.00382,40.84548],[-5.00607,40.85355],[-4.99932,40.88587],[-4.97233,40.90202],[-4.95659,40.90041],[-4.95659,40.86163],[-4.94534,40.86325],[-4.93635,40.83417],[-4.95884,40.81963],[-4.96783,40.82286],[-4.99482,40.84548],[-5.00382,40.84548]]]}},{"type":"Feature","properties":{"name":"Cuevas del Valle","layer":"municipio"},"geometry":{"type":"MultiLineString","coordinates":[[[-5.06455,40.28324],[-5.0578,40.30909],[-5.01507,40.32201],[-5.00157,40.29455],[-5.00607,40.2687],[-5.0488,40.28324],[-5.06455,40.28324]]]}},{"type":"Feature","properties":{"name":"Chamart\u00edn","layer":"municipio"},"geometry":{"type":"MultiLineString","coordinates":[[[-4.96783,40.72753],[-4.96334,40.74531],[-4.94534,40.74531],[-4.9251,40.72269],[-4.94309,40.69684],[-4.95884,40.68876],[-4.97008,40.71138],[-4.96783,40.72753]]]}},{"type":"Feature","properties":{"name":"Flores de \u00c1vila","layer":"municipio"},"geometry":{"type":"MultiLineString","coordinates":[[[-5.12752,40.94888],[-5.12752,40.95372],[-5.11628,40.95372],[-5.09828,40.97796],[-5.06455,40.97634],[-5.05105,40.98119],[-5.03756,40.97473],[-5.05105,40.96665],[-5.03981,40.94241],[-5.06455,40.91818],[-5.0623,40.9101],[-5.08479,40.90849],[-5.10953,40.89556],[-5.11628,40.90202],[-5.11178,40.91495],[-5.12752,40.94888]]]}},{"type":"Feature","properties":{"name":"Fontiveros","layer":"municipio"},"geometry":{"type":"MultiLineString","coordinates":[[[-5.00832,40.91172],[-5.00382,40.94726],[-4.99707,40.95211],[-4.95209,40.94241],[-4.94084,40.94726],[-4.9161,40.93272],[-4.90261,40.90364],[-4.95659,40.90041],[-4.97233,40.90202],[-4.99257,40.91495],[-5.00832,40.91172]]]}},{"type":"Feature","properties":{"name":"Mancera de Arriba","layer":"municipio"},"geometry":{"type":"MultiLineString","coordinates":[[[-5.17925,40.79701],[-5.177,40.80508],[-5.15901,40.81963],[-5.12977,40.8067],[-5.11628,40.79054],[-5.13202,40.7857],[-5.13877,40.77116],[-5.15676,40.76793],[-5.17925,40.79701]]]}},{"type":"Feature","properties":{"name":"Fresnedilla","layer":"municipio"},"geometry":{"type":"MultiLineString","coordinates":[[[-4.68669,40.24931],[-4.6687,40.25092],[-4.63946,40.2687],[-4.61697,40.23315],[-4.6732,40.20892],[-4.67995,40.2073],[-4.68669,40.21053],[-4.68669,40.24931]]]}},{"type":"Feature","properties":{"name":"El Fresno","layer":"municipio"},"geometry":{"type":"MultiLineString","coordinates":[[[-4.7879,40.61121],[-4.77216,40.6209],[-4.77216,40.63544],[-4.73842,40.62898],[-4.72043,40.64352],[-4.72943,40.61121],[-4.74292,40.60636],[-4.78566,40.60475],[-4.7879,40.61121]]]}},{"type":"Feature","properties":{"name":"Gallegos de Altamiros","layer":"municipio"},"geometry":{"type":"MultiLineString","coordinates":[[[-4.94309,40.69684],[-4.9251,40.72269],[-4.90936,40.72753],[-4.89361,40.72753],[-4.88012,40.71138],[-4.89136,40.68553],[-4.9251,40.67422],[-4.94309,40.69684]]]}},{"type":"Feature","properties":{"name":"Gallegos de Sobrinos","layer":"municipio"},"geometry":{"type":"MultiLineString","coordinates":[[[-5.17026,40.73561],[-5.14551,40.73077],[-5.11403,40.73077],[-5.09379,40.71299],[-5.06904,40.70168],[-5.07129,40.70168],[-5.09154,40.70492],[-5.12527,40.69361],[-5.12752,40.6726],[-5.13652,40.66291],[-5.15226,40.66129],[-5.16126,40.67583],[-5.17925,40.68553],[-5.177,40.70007],[-5.1905,40.70007],[-5.19724,40.7243],[-5.17026,40.73561]]]}},{"type":"Feature","properties":{"name":"Garganta del Villar","layer":"municipio"},"geometry":{"type":"MultiLineString","coordinates":[[[-5.14776,40.45773],[-5.13427,40.4755],[-5.09379,40.47065],[-5.09154,40.44318],[-5.10728,40.42864],[-5.12527,40.42541],[-5.14776,40.45773]]]}},{"type":"Feature","properties":{"name":"Gavilanes","layer":"municipio"},"geometry":{"type":"MultiLineString","coordinates":[[[-4.90936,40.30101],[-4.88012,40.31393],[-4.85763,40.29939],[-4.84188,40.27839],[-4.85538,40.259],[-4.84638,40.25092],[-4.83514,40.21215],[-4.84863,40.20892],[-4.87112,40.25577],[-4.90036,40.28001],[-4.90936,40.30101]]]}},{"type":"Feature","properties":{"name":"Gemu\u00f1o","layer":"municipio"},"geometry":{"type":"MultiLineString","coordinates":[[[-4.81264,40.58213],[-4.79915,40.59021],[-4.78566,40.60475],[-4.74292,40.60636],[-4.74742,40.58374],[-4.76766,40.57405],[-4.79465,40.56113],[-4.81264,40.58213]]]}},{"type":"Feature","properties":{"name":"Gimialc\u00f3n","layer":"municipio"},"geometry":{"type":"MultiLineString","coordinates":[[[-5.16351,40.86809],[-5.12752,40.90041],[-5.11628,40.90202],[-5.10953,40.89556],[-5.11403,40.8891],[-5.10278,40.85678],[-5.10053,40.84386],[-5.13652,40.84871],[-5.16351,40.86486],[-5.16351,40.86809]]]}},{"type":"Feature","properties":{"name":"Gotarrendura","layer":"municipio"},"geometry":{"type":"MultiLineString","coordinates":[[[-4.75642,40.82447],[-4.74067,40.84224],[-4.71818,40.84386],[-4.70244,40.83093],[-4.71143,40.81639],[-4.73842,40.81155],[-4.75642,40.82447]]]}},{"type":"Feature","properties":{"name":"Grandes y San Mart\u00edn","layer":"municipio"},"geometry":{"type":"MultiLineString","coordinates":[[[-4.99932,40.77439],[-4.97683,40.77762],[-4.96783,40.776],[-4.93635,40.75662],[-4.94534,40.74531],[-4.96334,40.74531],[-4.99932,40.76631],[-4.99932,40.77439]]]}},{"type":"Feature","properties":{"name":"Hernansancho","layer":"municipio"},"geometry":{"type":"MultiLineString","coordinates":[[[-4.76316,40.86809],[-4.73842,40.87617],[-4.72043,40.87617],[-4.68669,40.8584],[-4.67545,40.84548],[-4.69119,40.83578],[-4.70244,40.83093],[-4.71818,40.84386],[-4.74067,40.84224],[-4.76316,40.86809]]]}},{"type":"Feature","properties":{"name":"Herrad\u00f3n de Pinares","layer":"municipio"},"geometry":{"type":"MultiLineString","coordinates":[[[-4.60123,40.56759],[-4.60123,40.58213],[-4.58099,40.59344],[-4.56974,40.60959],[-4.52476,40.61121],[-4.51351,40.62252],[-4.47977,40.61929],[-4.48877,40.61283],[-4.48652,40.58374],[-4.55849,40.5482],[-4.60123,40.56759]]]}},{"type":"Feature","properties":{"name":"Herreros de Suso","layer":"municipio"},"geometry":{"type":"MultiLineString","coordinates":[[[-5.08479,40.81963],[-5.05105,40.83093],[-5.02631,40.82932],[-5.01507,40.7857],[-5.01057,40.78085],[-5.0443,40.77116],[-5.06005,40.77923],[-5.0533,40.79701],[-5.08479,40.81963]]]}},{"type":"Feature","properties":{"name":"Higuera de las Due\u00f1as","layer":"municipio"},"geometry":{"type":"MultiLineString","coordinates":[[[-4.6732,40.20892],[-4.61697,40.23315],[-4.63946,40.2687],[-4.59448,40.25092],[-4.56974,40.25739],[-4.55849,40.23477],[-4.56524,40.21861],[-4.57874,40.217],[-4.61697,40.19922],[-4.65746,40.19922],[-4.6732,40.20892]]]}},{"type":"Feature","properties":{"name":"La Hija de Dios","layer":"municipio"},"geometry":{"type":"MultiLineString","coordinates":[[[-4.99257,40.50619],[-4.98808,40.51427],[-4.97683,40.54012],[-4.95209,40.54012],[-4.95659,40.52558],[-4.94534,40.49812],[-4.97908,40.4965],[-4.99257,40.50619]]]}},{"type":"Feature","properties":{"name":"La Horcajada","layer":"municipio"},"geometry":{"type":"MultiLineString","coordinates":[[[-5.51437,40.40118],[-5.50313,40.42218],[-5.51212,40.42864],[-5.52112,40.44642],[-5.50762,40.46257],[-5.48063,40.45611],[-5.46489,40.4658],[-5.4334,40.46903],[-5.42666,40.44157],[-5.41091,40.43187],[-5.43115,40.41895],[-5.46039,40.40602],[-5.47164,40.40926],[-5.48513,40.39633],[-5.49638,40.38502],[-5.51437,40.40118]]]}},{"type":"Feature","properties":{"name":"Horcajo de las Torres","layer":"municipio"},"geometry":{"type":"MultiLineString","coordinates":[[[-5.15226,41.08136],[-5.12977,41.10559],[-5.10278,41.10721],[-5.0533,41.07489],[-5.0623,41.06359],[-5.10728,41.02966],[-5.14102,41.03774],[-5.14551,41.0442],[-5.15226,41.08136]]]}},{"type":"Feature","properties":{"name":"El Hornillo","layer":"municipio"},"geometry":{"type":"MultiLineString","coordinates":[[[-5.1815,40.26062],[-5.14102,40.28647],[-5.12302,40.29293],[-5.09828,40.25254],[-5.08029,40.24446],[-5.09154,40.23477],[-5.11628,40.23315],[-5.13202,40.24931],[-5.15451,40.26062],[-5.1815,40.26062]]]}},{"type":"Feature","properties":{"name":"Hoyocasero","layer":"municipio"},"geometry":{"type":"MultiLineString","coordinates":[[[-5.03306,40.42218],[-5.01956,40.43187],[-4.98358,40.45288],[-4.95659,40.43187],[-4.95209,40.41895],[-4.95209,40.35432],[-4.99707,40.3721],[-5.01507,40.37048],[-5.03306,40.42218]]]}},{"type":"Feature","properties":{"name":"El Hoyo de Pinares","layer":"municipio"},"geometry":{"type":"MultiLineString","coordinates":[[[-4.50002,40.50943],[-4.49102,40.53204],[-4.47753,40.52881],[-4.44829,40.54174],[-4.38081,40.54012],[-4.34483,40.53043],[-4.32234,40.5175],[-4.32683,40.50943],[-4.31784,40.45773],[-4.32459,40.45934],[-4.34033,40.46903],[-4.34258,40.48519],[-4.37856,40.46903],[-4.4258,40.48519],[-4.43254,40.49488],[-4.46628,40.50781],[-4.50002,40.50943]]]}},{"type":"Feature","properties":{"name":"Hoyos del Espino","layer":"municipio"},"geometry":{"type":"MultiLineString","coordinates":[[[-5.20624,40.39795],[-5.1815,40.39148],[-5.16801,40.40118],[-5.15451,40.33655],[-5.14102,40.31393],[-5.14102,40.28647],[-5.1815,40.26062],[-5.19275,40.26708],[-5.20399,40.30586],[-5.20399,40.34463],[-5.1905,40.34302],[-5.1905,40.3721],[-5.20624,40.39795]]]}},{"type":"Feature","properties":{"name":"Hoyos de Miguel Mu\u00f1oz","layer":"municipio"},"geometry":{"type":"MultiLineString","coordinates":[[[-5.10278,40.40279],[-5.08254,40.40118],[-5.06455,40.41087],[-5.03306,40.38825],[-5.08029,40.37048],[-5.08479,40.38987],[-5.10278,40.40279]]]}},{"type":"Feature","properties":{"name":"Hurtumpascual","layer":"municipio"},"geometry":{"type":"MultiLineString","coordinates":[[[-5.13652,40.66291],[-5.12752,40.6726],[-5.12527,40.69361],[-5.09154,40.70492],[-5.07129,40.70168],[-5.08704,40.6823],[-5.08479,40.66776],[-5.10953,40.65483],[-5.12302,40.65483],[-5.13427,40.65483],[-5.13652,40.66291]]]}},{"type":"Feature","properties":{"name":"Junciana","layer":"municipio"},"geometry":{"type":"MultiLineString","coordinates":[[[-5.58184,40.38179],[-5.57285,40.44803],[-5.54586,40.4238],[-5.5571,40.3931],[-5.57285,40.37856],[-5.58184,40.38017],[-5.58184,40.38179]]]}},{"type":"Feature","properties":{"name":"Lanzah\u00edta","layer":"municipio"},"geometry":{"type":"MultiLineString","coordinates":[[[-4.97458,40.2073],[-4.94534,40.22346],[-4.90261,40.217],[-4.90936,40.20084],[-4.89586,40.18468],[-4.9251,40.17014],[-4.95434,40.15399],[-4.95884,40.1556],[-4.96783,40.17822],[-4.97458,40.2073]]]}},{"type":"Feature","properties":{"name":"El Losar del Barco","layer":"municipio"},"geometry":{"type":"MultiLineString","coordinates":[[[-5.57285,40.37856],[-5.5571,40.3931],[-5.54586,40.4238],[-5.51212,40.42864],[-5.50313,40.42218],[-5.51437,40.40118],[-5.52562,40.38825],[-5.51887,40.3721],[-5.54586,40.37048],[-5.57285,40.37856]]]}},{"type":"Feature","properties":{"name":"Los Llanos de Tormes","layer":"municipio"},"geometry":{"type":"MultiLineString","coordinates":[[[-5.52112,40.33655],[-5.48738,40.35109],[-5.46714,40.35432],[-5.44915,40.34948],[-5.42666,40.33655],[-5.43115,40.32524],[-5.46939,40.32686],[-5.49413,40.31878],[-5.50088,40.32524],[-5.51437,40.33009],[-5.52112,40.33655]]]}},{"type":"Feature","properties":{"name":"Madrigal de las Altas Torres","layer":"municipio"},"geometry":{"type":"MultiLineString","coordinates":[[[-5.12977,41.10559],[-5.12527,41.13144],[-5.10053,41.1476],[-5.07579,41.13952],[-5.0488,41.14275],[-5.02181,41.15406],[-5.00382,41.1476],[-4.99257,41.12013],[-4.95659,41.13144],[-4.97008,41.11529],[-4.96783,41.10236],[-4.94084,41.09428],[-4.94534,41.0862],[-4.95884,41.07166],[-5.00832,41.0442],[-5.02181,41.03774],[-5.02856,41.04904],[-5.0623,41.06359],[-5.0533,41.07489],[-5.10278,41.10721],[-5.12977,41.10559]]]}},{"type":"Feature","properties":{"name":"Manjab\u00e1lago y Ortigosa de Rioalmar","layer":"municipio"},"geometry":{"type":"MultiLineString","coordinates":[[[-5.10953,40.65483],[-5.08479,40.66776],[-5.08704,40.6823],[-5.07129,40.70168],[-5.06904,40.70168],[-5.05105,40.69522],[-5.06005,40.68553],[-5.03756,40.66614],[-5.0533,40.66453],[-5.09379,40.64191],[-5.10953,40.65483]]]}},{"type":"Feature","properties":{"name":"Marl\u00edn","layer":"municipio"},"geometry":{"type":"MultiLineString","coordinates":[[[-4.84188,40.71138],[-4.83514,40.7243],[-4.81489,40.72269],[-4.8104,40.71784],[-4.81264,40.69522],[-4.83289,40.70007],[-4.84188,40.71138]]]}},{"type":"Feature","properties":{"name":"Maello","layer":"municipio"},"geometry":{"type":"MultiLineString","coordinates":[[[-4.62147,40.78408],[-4.63047,40.80024],[-4.61247,40.8067],[-4.61922,40.82124],[-4.58548,40.82932],[-4.57199,40.85678],[-4.55849,40.88587],[-4.53375,40.86486],[-4.55849,40.83901],[-4.54725,40.82609],[-4.49777,40.83417],[-4.47303,40.80024],[-4.48202,40.79216],[-4.52926,40.78731],[-4.554,40.80347],[-4.56974,40.77762],[-4.59448,40.77439],[-4.62147,40.78408]]]}},{"type":"Feature","properties":{"name":"Martiherrero","layer":"municipio"},"geometry":{"type":"MultiLineString","coordinates":[[[-4.83289,40.69038],[-4.83289,40.70007],[-4.81264,40.69522],[-4.79465,40.70815],[-4.77891,40.70815],[-4.74067,40.67745],[-4.75192,40.65806],[-4.79015,40.65968],[-4.82839,40.69361],[-4.83289,40.69038]]]}},{"type":"Feature","properties":{"name":"Mart\u00ednez","layer":"municipio"},"geometry":{"type":"MultiLineString","coordinates":[[[-5.39742,40.61444],[-5.38167,40.6306],[-5.36593,40.64837],[-5.34794,40.64837],[-5.3187,40.63544],[-5.32994,40.61606],[-5.35018,40.6209],[-5.37043,40.60636],[-5.39742,40.61444]]]}},{"type":"Feature","properties":{"name":"Mediana de Voltoya","layer":"municipio"},"geometry":{"type":"MultiLineString","coordinates":[[[-4.57649,40.68068],[-4.57424,40.71138],[-4.57649,40.73884],[-4.554,40.73884],[-4.52926,40.69361],[-4.53825,40.68391],[-4.554,40.68876],[-4.57649,40.68068]]]}},{"type":"Feature","properties":{"name":"Medinilla","layer":"municipio"},"geometry":{"type":"MultiLineString","coordinates":[[[-5.59084,40.46742],[-5.5616,40.47711],[-5.55935,40.46742],[-5.57285,40.44803],[-5.62233,40.42541]]]}},{"type":"Feature","properties":{"name":"Mengamu\u00f1oz","layer":"municipio"},"geometry":{"type":"MultiLineString","coordinates":[[[-5.03756,40.48681],[-5.01956,40.5175],[-5.00382,40.5272],[-4.98808,40.51427],[-4.99257,40.50619],[-5.01057,40.4755],[-5.03756,40.48681]]]}},{"type":"Feature","properties":{"name":"Mingorr\u00eda","layer":"municipio"},"geometry":{"type":"MultiLineString","coordinates":[[[-4.72268,40.77116],[-4.70469,40.80185],[-4.68445,40.80024],[-4.68445,40.79054],[-4.6597,40.77439],[-4.63946,40.76954],[-4.63272,40.76146],[-4.65296,40.73561],[-4.68894,40.734],[-4.69119,40.75662],[-4.72268,40.77116]]]}},{"type":"Feature","properties":{"name":"El Mir\u00f3n","layer":"municipio"},"geometry":{"type":"MultiLineString","coordinates":[[[-5.4334,40.53366],[-5.42666,40.55628],[-5.43115,40.56759],[-5.39967,40.59828],[-5.35918,40.56113],[-5.37717,40.56274],[-5.37043,40.53528],[-5.37043,40.53043],[-5.40191,40.52235],[-5.4334,40.53366]]]}},{"type":"Feature","properties":{"name":"Mironcillo","layer":"municipio"},"geometry":{"type":"MultiLineString","coordinates":[[[-4.83739,40.5692],[-4.82839,40.58213],[-4.81264,40.58213],[-4.79465,40.56113],[-4.81714,40.54982],[-4.8059,40.53528],[-4.83064,40.52397],[-4.84413,40.53043],[-4.83514,40.54335],[-4.83739,40.5692]]]}},{"type":"Feature","properties":{"name":"Mirue\u00f1a de los Infanzones","layer":"municipio"},"geometry":{"type":"MultiLineString","coordinates":[[[-5.14551,40.73077],[-5.12752,40.73884],[-5.12527,40.75177],[-5.08479,40.76469],[-5.08029,40.75823],[-5.04655,40.75662],[-5.0443,40.73723],[-5.05555,40.70168],[-5.06904,40.70168],[-5.09379,40.71299],[-5.11403,40.73077],[-5.14551,40.73077]]]}},{"type":"Feature","properties":{"name":"La Serrada","layer":"municipio"},"geometry":{"type":"MultiLineString","coordinates":[[[-4.80365,40.62737],[-4.80365,40.64514],[-4.78341,40.64675],[-4.77216,40.63544],[-4.77216,40.6209],[-4.7879,40.61121],[-4.80365,40.62737]]]}},{"type":"Feature","properties":{"name":"Mombeltr\u00e1n","layer":"municipio"},"geometry":{"type":"MultiLineString","coordinates":[[[-4.9251,40.17014],[-4.92285,40.14106],[-4.94534,40.13298],[-4.94984,40.13298],[-4.95434,40.15399],[-4.9251,40.17014]],[[-4.96783,40.17822],[-4.95884,40.1556],[-4.97458,40.1556],[-4.96783,40.17822]],[[-4.96334,40.22346],[-4.94534,40.22346],[-4.97458,40.2073],[-4.97458,40.22346],[-4.96334,40.22346]],[[-5.00607,40.2687],[-5.00157,40.2687],[-4.99707,40.26223],[-5.00382,40.26223],[-5.03306,40.21861],[-5.01731,40.19599],[-4.98808,40.18953],[-4.98808,40.16207],[-5.01057,40.16045],[-5.0533,40.21377],[-5.04655,40.22346],[-5.05555,40.24769],[-5.0533,40.26547],[-5.06455,40.28324],[-5.0488,40.28324],[-5.00607,40.2687]]]}},{"type":"Feature","properties":{"name":"La Torre","layer":"municipio"},"geometry":{"type":"MultiLineString","coordinates":[[[-5.02181,40.62737],[-5.01057,40.64191],[-4.97908,40.65483],[-4.93185,40.66291],[-4.94084,40.64998],[-4.91386,40.64514],[-4.90486,40.62898],[-4.9251,40.61283],[-4.96109,40.61444],[-4.96334,40.59828],[-4.94534,40.58374],[-4.95659,40.57405],[-4.94084,40.55466],[-4.95209,40.54012],[-4.97683,40.54012],[-4.98133,40.55143],[-5.00382,40.55628],[-5.01057,40.56436],[-4.98358,40.57728],[-4.98358,40.61929],[-5.00157,40.61606],[-5.02181,40.62737]]]}},{"type":"Feature","properties":{"name":"Umbr\u00edas","layer":"municipio"},"geometry":{"type":"MultiLineString","coordinates":[[[-5.57285,40.33817],[-5.55486,40.32524],[-5.5616,40.30262],[-5.5661,40.29132],[-5.57735,40.29293],[-5.59984,40.31232]]]}},{"type":"Feature","properties":{"name":"Monsalupe","layer":"municipio"},"geometry":{"type":"MultiLineString","coordinates":[[[-4.81714,40.77277],[-4.8104,40.78731],[-4.8014,40.79378],[-4.76092,40.77923],[-4.76092,40.76146],[-4.77891,40.74531],[-4.7969,40.75338],[-4.81489,40.75985],[-4.81714,40.77277]]]}},{"type":"Feature","properties":{"name":"Moraleja de Matacabras","layer":"municipio"},"geometry":{"type":"MultiLineString","coordinates":[[[-4.95884,41.13952],[-4.94984,41.14114],[-4.91161,41.12013],[-4.9296,41.10236],[-4.94084,41.09428],[-4.96783,41.10236],[-4.97008,41.11529],[-4.95659,41.13144],[-4.95884,41.13952]]]}},{"type":"Feature","properties":{"name":"Mu\u00f1otello","layer":"municipio"},"geometry":{"type":"MultiLineString","coordinates":[[[-5.0623,40.52073],[-5.05555,40.54658],[-5.03081,40.57243],[-5.01057,40.56436],[-5.00382,40.55628],[-5.01731,40.53204],[-5.00382,40.5272],[-5.01956,40.5175],[-5.0623,40.52073]]]}},{"type":"Feature","properties":{"name":"Mu\u00f1ana","layer":"municipio"},"geometry":{"type":"MultiLineString","coordinates":[[[-5.07579,40.60798],[-5.06904,40.61283],[-5.02181,40.62737],[-5.00157,40.61606],[-4.98358,40.61929],[-4.98358,40.57728],[-5.01057,40.56436],[-5.03081,40.57243],[-5.0443,40.57405],[-5.0578,40.59505],[-5.07579,40.60798]]]}},{"type":"Feature","properties":{"name":"Mu\u00f1ico","layer":"municipio"},"geometry":{"type":"MultiLineString","coordinates":[[[-5.06904,40.70168],[-5.05555,40.70168],[-5.0443,40.73723],[-5.02406,40.71299],[-5.00832,40.70653],[-5.02631,40.68714],[-5.05105,40.69522],[-5.06904,40.70168]]]}},{"type":"Feature","properties":{"name":"Mu\u00f1ogalindo","layer":"municipio"},"geometry":{"type":"MultiLineString","coordinates":[[[-4.9386,40.57728],[-4.90936,40.60152],[-4.9251,40.61283],[-4.90486,40.62898],[-4.87562,40.60636],[-4.88237,40.59021],[-4.89136,40.57728],[-4.9386,40.57728]]]}},{"type":"Feature","properties":{"name":"Mu\u00f1ogrande","layer":"municipio"},"geometry":{"type":"MultiLineString","coordinates":[[[-4.95434,40.79378],[-4.95434,40.79378]],[[-4.96783,40.82286],[-4.95884,40.81963],[-4.93635,40.83417],[-4.91386,40.83417],[-4.89811,40.80993],[-4.90036,40.80832],[-4.90711,40.80993],[-4.9386,40.80993],[-4.97233,40.78893],[-4.97458,40.81478],[-4.96783,40.82286]]]}},{"type":"Feature","properties":{"name":"Narrillos del \u00c1lamo","layer":"municipio"},"geometry":{"type":"MultiLineString","coordinates":[[[-5.52562,40.54012],[-5.52787,40.55466],[-5.51662,40.57728],[-5.50987,40.59021],[-5.49863,40.58213],[-5.4469,40.5789],[-5.41541,40.60959],[-5.40866,40.60959],[-5.39967,40.59828],[-5.43115,40.56759],[-5.50762,40.5482],[-5.52562,40.54012]]]}},{"type":"Feature","properties":{"name":"Narrillos del Rebollar","layer":"municipio"},"geometry":{"type":"MultiLineString","coordinates":[[[-4.99257,40.68876],[-4.97008,40.67583],[-4.95884,40.68876],[-4.94309,40.69684],[-4.9251,40.67422],[-4.93185,40.66291],[-4.97908,40.65483],[-4.99257,40.68876]]]}},{"type":"Feature","properties":{"name":"Navacepedilla de Corneja","layer":"municipio"},"geometry":{"type":"MultiLineString","coordinates":[[[-5.186,40.45934],[-5.20849,40.48034],[-5.19275,40.48681],[-5.186,40.50458],[-5.16801,40.50781],[-5.15676,40.51912],[-5.12077,40.50619],[-5.13427,40.4755],[-5.1725,40.45611],[-5.186,40.45934]]]}},{"type":"Feature","properties":{"name":"Narros del Castillo","layer":"municipio"},"geometry":{"type":"MultiLineString","coordinates":[[[-5.10278,40.85678],[-5.09379,40.86648],[-5.04655,40.88102],[-5.03081,40.85678],[-5.01282,40.84063],[-5.02631,40.82932],[-5.05105,40.83093],[-5.08479,40.81963],[-5.10053,40.84386],[-5.10278,40.85678]]]}},{"type":"Feature","properties":{"name":"Narros del Puerto","layer":"municipio"},"geometry":{"type":"MultiLineString","coordinates":[[[-5.00382,40.55628],[-4.98133,40.55143],[-4.97683,40.54012],[-4.98808,40.51427],[-5.00382,40.5272],[-5.01731,40.53204],[-5.00382,40.55628]]]}},{"type":"Feature","properties":{"name":"Narros de Saldue\u00f1a","layer":"municipio"},"geometry":{"type":"MultiLineString","coordinates":[[[-4.89361,40.89394],[-4.86437,40.90202],[-4.85763,40.85032],[-4.88462,40.86971],[-4.89361,40.89394]]]}},{"type":"Feature","properties":{"name":"Nava de Ar\u00e9valo","layer":"municipio"},"geometry":{"type":"MultiLineString","coordinates":[[[-4.82839,40.98604],[-4.82389,41.02158],[-4.78566,41.01835],[-4.76766,41.03774],[-4.74967,41.03935],[-4.72043,41.01673],[-4.72718,40.99896],[-4.71143,40.99573],[-4.71818,40.97957],[-4.74292,40.95534],[-4.77441,40.95534],[-4.80365,40.98765],[-4.82839,40.98604]]]}},{"type":"Feature","properties":{"name":"Nava del Barco","layer":"municipio"},"geometry":{"type":"MultiLineString","coordinates":[[[-5.58859,40.23154],[-5.58634,40.259],[-5.5661,40.29132],[-5.5616,40.30262],[-5.52562,40.30747],[-5.51662,40.29132],[-5.53011,40.26708],[-5.55935,40.25092],[-5.5616,40.22831],[-5.59309,40.22184]]]}},{"type":"Feature","properties":{"name":"Navalmoral","layer":"municipio"},"geometry":{"type":"MultiLineString","coordinates":[[[-4.78341,40.48034],[-4.77441,40.48842],[-4.72043,40.49973],[-4.70469,40.46903],[-4.70469,40.43834],[-4.74067,40.43187],[-4.78341,40.43187],[-4.79015,40.44157],[-4.78341,40.48034]]]}},{"type":"Feature","properties":{"name":"Navadijos","layer":"municipio"},"geometry":{"type":"MultiLineString","coordinates":[[[-5.12752,40.40279],[-5.12527,40.42541],[-5.10728,40.42864],[-5.09154,40.44318],[-5.0623,40.43834],[-5.05105,40.42541],[-5.06455,40.41087],[-5.08254,40.40118],[-5.10278,40.40279],[-5.12752,40.40279]]]}},{"type":"Feature","properties":{"name":"Navaescurial","layer":"municipio"},"geometry":{"type":"MultiLineString","coordinates":[[[-5.29171,40.47873],[-5.25122,40.49327],[-5.23998,40.49488],[-5.23098,40.47388],[-5.20849,40.45449],[-5.23098,40.43995],[-5.27821,40.43511],[-5.28721,40.4448],[-5.3142,40.46742],[-5.29171,40.47873]]]}},{"type":"Feature","properties":{"name":"Navalonguilla","layer":"municipio"},"geometry":{"type":"MultiLineString","coordinates":[[[-5.5616,40.22831],[-5.55935,40.25092],[-5.53011,40.26708],[-5.51662,40.29132],[-5.47614,40.29778],[-5.46489,40.29455],[-5.4289,40.25254],[-5.44015,40.23315],[-5.46714,40.22346],[-5.47164,40.2073],[-5.48738,40.20407],[-5.49638,40.19922],[-5.51887,40.19761],[-5.53011,40.19438],[-5.59759,40.217]]]}},{"type":"Feature","properties":{"name":"Navahondilla","layer":"municipio"},"geometry":{"type":"MultiLineString","coordinates":[[[-4.52701,40.34463],[-4.48652,40.37048],[-4.47303,40.36887],[-4.47303,40.34786],[-4.46178,40.33978],[-4.45279,40.33332],[-4.45503,40.31878],[-4.47303,40.3204],[-4.50452,40.31555],[-4.52701,40.34463]]]}},{"type":"Feature","properties":{"name":"Navalacruz","layer":"municipio"},"geometry":{"type":"MultiLineString","coordinates":[[[-5.02406,40.45288],[-4.98358,40.48196],[-4.95884,40.4755],[-4.89811,40.48196],[-4.90486,40.45611],[-4.88012,40.44803],[-4.87112,40.42703],[-4.95659,40.43187],[-4.98358,40.45288],[-5.01956,40.43187],[-5.02406,40.45288]]]}},{"type":"Feature","properties":{"name":"Navalosa","layer":"municipio"},"geometry":{"type":"MultiLineString","coordinates":[[[-4.95209,40.35432],[-4.95209,40.41895],[-4.89586,40.41249],[-4.89136,40.39633],[-4.85538,40.39633],[-4.86437,40.39148],[-4.89136,40.39148],[-4.92285,40.36079],[-4.9251,40.35432],[-4.94309,40.35432],[-4.94984,40.35432],[-4.95209,40.35432]]]}},{"type":"Feature","properties":{"name":"Navalperal de Pinares","layer":"municipio"},"geometry":{"type":"MultiLineString","coordinates":[[[-4.48652,40.58374],[-4.48877,40.61283],[-4.47977,40.61929],[-4.46628,40.63544],[-4.41905,40.63383],[-4.39881,40.59021],[-4.42355,40.55628],[-4.45054,40.54982],[-4.47078,40.5789],[-4.48652,40.58374]]]}},{"type":"Feature","properties":{"name":"Orbita","layer":"municipio"},"geometry":{"type":"MultiLineString","coordinates":[[[-4.69569,41.00058],[-4.6687,40.99896],[-4.63047,41.01189],[-4.62372,41.00704],[-4.61697,41.00381],[-4.61247,40.98765],[-4.63272,40.9925],[-4.69119,40.97311],[-4.69344,40.98442],[-4.69569,41.00058]]]}},{"type":"Feature","properties":{"name":"Navalperal de Tormes","layer":"municipio"},"geometry":{"type":"MultiLineString","coordinates":[[[-5.32544,40.36402],[-5.3187,40.40441],[-5.29846,40.4141],[-5.28946,40.39795],[-5.29846,40.38502],[-5.28946,40.36079],[-5.26697,40.35432],[-5.23773,40.32363],[-5.23773,40.27516],[-5.26247,40.25092],[-5.27371,40.24769],[-5.27821,40.24769],[-5.29171,40.31878],[-5.31645,40.34463],[-5.31195,40.3624],[-5.32544,40.36402]]]}},{"type":"Feature","properties":{"name":"Navaluenga","layer":"municipio"},"geometry":{"type":"MultiLineString","coordinates":[[[-4.74067,40.43187],[-4.70469,40.43834],[-4.66195,40.42541],[-4.64396,40.4141],[-4.64396,40.39633],[-4.62597,40.40118],[-4.61922,40.39148],[-4.63047,40.36725],[-4.6822,40.36079],[-4.72718,40.35756],[-4.75192,40.37371],[-4.75417,40.39148],[-4.74067,40.43187]]]}},{"type":"Feature","properties":{"name":"Navaquesera","layer":"municipio"},"geometry":{"type":"MultiLineString","coordinates":[[[-4.95659,40.43187],[-4.87112,40.42703],[-4.89586,40.41249],[-4.95209,40.41895],[-4.95659,40.43187]]]}},{"type":"Feature","properties":{"name":"Navarredonda de Gredos","layer":"municipio"},"geometry":{"type":"MultiLineString","coordinates":[[[-5.16801,40.40118],[-5.12752,40.40279],[-5.10278,40.40279],[-5.08479,40.38987],[-5.08029,40.37048],[-5.0668,40.33817],[-5.0623,40.31232],[-5.09603,40.29455],[-5.12302,40.29293],[-5.14102,40.28647],[-5.14102,40.31393],[-5.15451,40.33655],[-5.16801,40.40118]]]}},{"type":"Feature","properties":{"name":"Navarredondilla","layer":"municipio"},"geometry":{"type":"MultiLineString","coordinates":[[[-4.88012,40.44803],[-4.83289,40.45611],[-4.80365,40.45126],[-4.79015,40.43349],[-4.82839,40.41895],[-4.84188,40.43026],[-4.87112,40.42703],[-4.88012,40.44803]]]}},{"type":"Feature","properties":{"name":"Navarrevisca","layer":"municipio"},"geometry":{"type":"MultiLineString","coordinates":[[[-4.9251,40.35432],[-4.92285,40.36079],[-4.89136,40.39148],[-4.86437,40.39148],[-4.83739,40.36725],[-4.83514,40.34948],[-4.81264,40.33171],[-4.82614,40.33817],[-4.85763,40.32363],[-4.9251,40.35432]]]}},{"type":"Feature","properties":{"name":"Las Navas del Marqu\u00e9s","layer":"municipio"},"geometry":{"type":"MultiLineString","coordinates":[[[-4.42355,40.55628],[-4.39881,40.59021],[-4.41905,40.63383],[-4.38756,40.63544],[-4.36507,40.63706],[-4.33358,40.63706],[-4.30434,40.63868],[-4.29085,40.62737],[-4.2886,40.60636],[-4.2796,40.60475],[-4.2886,40.56436],[-4.32459,40.54658],[-4.35158,40.54497],[-4.41455,40.54982],[-4.42355,40.55628]]]}},{"type":"Feature","properties":{"name":"Navatalgordo","layer":"municipio"},"geometry":{"type":"MultiLineString","coordinates":[[[-4.89586,40.41249],[-4.87112,40.42703],[-4.84188,40.43026],[-4.82839,40.41895],[-4.81264,40.39956],[-4.83963,40.39148],[-4.85538,40.39633],[-4.89136,40.39633],[-4.89586,40.41249]]]}},{"type":"Feature","properties":{"name":"Navatejares","layer":"municipio"},"geometry":{"type":"MultiLineString","coordinates":[[[-5.5616,40.30262],[-5.55486,40.32524],[-5.53461,40.34463],[-5.52112,40.33655],[-5.51437,40.33009],[-5.52562,40.30747],[-5.5616,40.30262]]]}},{"type":"Feature","properties":{"name":"Palacios de Goda","layer":"municipio"},"geometry":{"type":"MultiLineString","coordinates":[[[-4.81489,41.10398],[-4.81264,41.12983],[-4.78566,41.14437],[-4.72268,41.14921],[-4.71593,41.13306],[-4.72493,41.12336],[-4.71593,41.10721],[-4.72943,41.10398],[-4.74067,41.06682],[-4.77441,41.06359],[-4.78341,41.0652],[-4.7879,41.09751],[-4.81489,41.10398]]]}},{"type":"Feature","properties":{"name":"Niharra","layer":"municipio"},"geometry":{"type":"MultiLineString","coordinates":[[[-4.86662,40.58698],[-4.86887,40.60636],[-4.82614,40.61283],[-4.81489,40.59828],[-4.82839,40.58213],[-4.83739,40.5692],[-4.86662,40.58698]]]}},{"type":"Feature","properties":{"name":"Ojos-Albos","layer":"municipio"},"geometry":{"type":"MultiLineString","coordinates":[[[-4.554,40.73884],[-4.5495,40.76308],[-4.52476,40.77439],[-4.49777,40.75015],[-4.50002,40.74046],[-4.48202,40.72269],[-4.45953,40.71784],[-4.47078,40.69199],[-4.51801,40.68876],[-4.52926,40.69361],[-4.554,40.73884]]]}},{"type":"Feature","properties":{"name":"El Oso","layer":"municipio"},"geometry":{"type":"MultiLineString","coordinates":[[[-4.8014,40.87779],[-4.7879,40.88263],[-4.78116,40.86971],[-4.76316,40.86809],[-4.74067,40.84224],[-4.75642,40.82447],[-4.77441,40.81963],[-4.77216,40.8277],[-4.8014,40.86163],[-4.8014,40.87779]]]}},{"type":"Feature","properties":{"name":"Papatrigo","layer":"municipio"},"geometry":{"type":"MultiLineString","coordinates":[[[-4.86437,40.90202],[-4.84413,40.91172],[-4.81264,40.87456],[-4.82389,40.84709],[-4.85088,40.84224],[-4.85763,40.85032],[-4.86437,40.90202]]]}},{"type":"Feature","properties":{"name":"El Parral","layer":"municipio"},"geometry":{"type":"MultiLineString","coordinates":[[[-5.01507,40.7857],[-5.00607,40.80024],[-4.97458,40.81478],[-4.97233,40.78893],[-4.97683,40.77762],[-4.99932,40.77439],[-5.01057,40.78085],[-5.01507,40.7857]]]}},{"type":"Feature","properties":{"name":"Padiernos","layer":"municipio"},"geometry":{"type":"MultiLineString","coordinates":[[[-4.91386,40.64514],[-4.86887,40.66129],[-4.83289,40.65322],[-4.83963,40.65322],[-4.81939,40.6209],[-4.82389,40.61929],[-4.82614,40.61283],[-4.86887,40.60636],[-4.86662,40.58698],[-4.87112,40.58859],[-4.88237,40.59021],[-4.87562,40.60636],[-4.90486,40.62898],[-4.91386,40.64514]]]}},{"type":"Feature","properties":{"name":"Pajares de Adaja","layer":"municipio"},"geometry":{"type":"MultiLineString","coordinates":[[[-4.67545,40.93434],[-4.64846,40.94888],[-4.63721,40.94726],[-4.61247,40.91979],[-4.62822,40.89718],[-4.6687,40.89071],[-4.66645,40.91333],[-4.6687,40.92626],[-4.67545,40.93434]]]}},{"type":"Feature","properties":{"name":"Pedro Bernardo","layer":"municipio"},"geometry":{"type":"MultiLineString","coordinates":[[[-4.96334,40.22346],[-4.97233,40.24123],[-4.95434,40.259],[-4.94984,40.27677],[-4.9206,40.30262],[-4.90936,40.30101],[-4.90036,40.28001],[-4.87112,40.25577],[-4.84863,40.20892],[-4.85988,40.20246],[-4.89586,40.18468],[-4.90936,40.20084],[-4.90261,40.217],[-4.94534,40.22346],[-4.96334,40.22346]]]}},{"type":"Feature","properties":{"name":"Pedro-Rodr\u00edguez","layer":"municipio"},"geometry":{"type":"MultiLineString","coordinates":[[[-4.81714,40.92626],[-4.81264,40.94241],[-4.77891,40.95372],[-4.75417,40.94888],[-4.75417,40.93595],[-4.78341,40.92303],[-4.81714,40.92626]]]}},{"type":"Feature","properties":{"name":"Peguerinos","layer":"municipio"},"geometry":{"type":"MultiLineString","coordinates":[[[-4.33358,40.63706],[-4.32009,40.64837],[-4.2886,40.65322],[-4.25711,40.6516],[-4.25486,40.66129],[-4.2751,40.67745],[-4.25261,40.68876],[-4.18739,40.69522],[-4.1604,40.69038],[-4.17165,40.68068],[-4.16715,40.64837],[-4.17389,40.6306],[-4.1604,40.62413],[-4.21438,40.60636],[-4.26161,40.60475],[-4.27061,40.62898],[-4.29085,40.62737],[-4.30434,40.63868],[-4.33358,40.63706]]]}},{"type":"Feature","properties":{"name":"Pe\u00f1alba de \u00c1vila","layer":"municipio"},"geometry":{"type":"MultiLineString","coordinates":[[[-4.76092,40.77923],[-4.74517,40.7857],[-4.73842,40.81155],[-4.71143,40.81639],[-4.70244,40.83093],[-4.69119,40.83578],[-4.67545,40.82124],[-4.69119,40.81316],[-4.68445,40.80024],[-4.70469,40.80185],[-4.72268,40.77116],[-4.73168,40.76308],[-4.76092,40.76146],[-4.76092,40.77923]]]}},{"type":"Feature","properties":{"name":"Piedrah\u00edta","layer":"municipio"},"geometry":{"type":"MultiLineString","coordinates":[[[-5.39292,40.44803],[-5.38392,40.47065],[-5.36368,40.49165],[-5.33894,40.48842],[-5.3007,40.4965],[-5.29171,40.47873],[-5.3142,40.46742],[-5.28721,40.4448],[-5.3232,40.44803],[-5.35468,40.45934],[-5.39292,40.44803]]]}},{"type":"Feature","properties":{"name":"Piedralaves","layer":"municipio"},"geometry":{"type":"MultiLineString","coordinates":[[[-4.77216,40.34463],[-4.72718,40.35756],[-4.6822,40.36079],[-4.68445,40.34948],[-4.66195,40.32524],[-4.6597,40.30424],[-4.70019,40.28808],[-4.69794,40.28162],[-4.72718,40.27354],[-4.74517,40.29616],[-4.75192,40.33009],[-4.77216,40.34463]]]}},{"type":"Feature","properties":{"name":"Poveda","layer":"municipio"},"geometry":{"type":"MultiLineString","coordinates":[[[-5.10953,40.58536],[-5.09603,40.59182],[-5.06455,40.56113],[-5.08029,40.55789],[-5.10953,40.58536]]]}},{"type":"Feature","properties":{"name":"Poyales del Hoyo","layer":"municipio"},"geometry":{"type":"MultiLineString","coordinates":[[[-5.16576,40.16045],[-5.17475,40.17337],[-5.14776,40.17499],[-5.16576,40.16045]]]}},{"type":"Feature","properties":{"name":"Vadillo de la Sierra","layer":"municipio"},"geometry":{"type":"MultiLineString","coordinates":[[[-5.18825,40.62413],[-5.16126,40.63221],[-5.13427,40.65483],[-5.12302,40.65483],[-5.11178,40.6306],[-5.09603,40.62898],[-5.06904,40.61283],[-5.07579,40.60798],[-5.09603,40.59182],[-5.10953,40.58536],[-5.13202,40.57243],[-5.18825,40.62413]]]}},{"type":"Feature","properties":{"name":"Pozanco","layer":"municipio"},"geometry":{"type":"MultiLineString","coordinates":[[[-4.68445,40.80024],[-4.69119,40.81316],[-4.67545,40.82124],[-4.65746,40.81963],[-4.63946,40.80508],[-4.6597,40.77439],[-4.68445,40.79054],[-4.68445,40.80024]]]}},{"type":"Feature","properties":{"name":"Pradosegar","layer":"municipio"},"geometry":{"type":"MultiLineString","coordinates":[[[-5.08029,40.55789],[-5.06455,40.56113],[-5.05555,40.54658],[-5.0623,40.52073],[-5.10278,40.52881],[-5.08029,40.55789]]]}},{"type":"Feature","properties":{"name":"Rasueros","layer":"municipio"},"geometry":{"type":"MultiLineString","coordinates":[[[-5.10728,41.02966],[-5.0623,41.06359],[-5.02856,41.04904],[-5.02181,41.03774],[-5.0623,40.99573],[-5.05105,40.98119],[-5.06455,40.97634],[-5.09828,40.97796],[-5.08929,40.99734],[-5.10728,41.02966]]]}},{"type":"Feature","properties":{"name":"Riocabado","layer":"municipio"},"geometry":{"type":"MultiLineString","coordinates":[[[-4.82389,40.84709],[-4.81264,40.87456],[-4.8014,40.87779],[-4.8014,40.86163],[-4.77216,40.8277],[-4.77441,40.81963],[-4.8014,40.80508],[-4.82614,40.82932],[-4.82389,40.84709]]]}},{"type":"Feature","properties":{"name":"San Bartolom\u00e9 de Corneja","layer":"municipio"},"geometry":{"type":"MultiLineString","coordinates":[[[-5.39742,40.48681],[-5.38167,40.50619],[-5.35243,40.50458],[-5.36368,40.49165],[-5.38392,40.47065],[-5.39742,40.48681]]]}},{"type":"Feature","properties":{"name":"Riofr\u00edo","layer":"municipio"},"geometry":{"type":"MultiLineString","coordinates":[[[-4.83064,40.52397],[-4.8059,40.53528],[-4.81714,40.54982],[-4.79465,40.56113],[-4.76766,40.57405],[-4.72043,40.57728],[-4.71368,40.56436],[-4.69344,40.56274],[-4.67995,40.54012],[-4.68445,40.53366],[-4.70469,40.52558],[-4.72268,40.54012],[-4.71818,40.5175],[-4.72943,40.50781],[-4.76541,40.50458],[-4.81489,40.51266],[-4.83064,40.52397]]]}},{"type":"Feature","properties":{"name":"Rivilla de Barajas","layer":"municipio"},"geometry":{"type":"MultiLineString","coordinates":[[[-5.04655,40.88102],[-5.03981,40.89718],[-5.00832,40.91172],[-4.99257,40.91495],[-4.97233,40.90202],[-4.99932,40.88587],[-5.00607,40.85355],[-5.00382,40.84548],[-5.01282,40.84063],[-5.03081,40.85678],[-5.04655,40.88102]]]}},{"type":"Feature","properties":{"name":"San Bartolom\u00e9 de Pinares","layer":"municipio"},"geometry":{"type":"MultiLineString","coordinates":[[[-4.56524,40.49812],[-4.55849,40.5482],[-4.48652,40.58374],[-4.47078,40.5789],[-4.45054,40.54982],[-4.42355,40.55628],[-4.41455,40.54982],[-4.35158,40.54497],[-4.32459,40.54658],[-4.32234,40.5175],[-4.34483,40.53043],[-4.38081,40.54012],[-4.44829,40.54174],[-4.47753,40.52881],[-4.49102,40.53204],[-4.50002,40.50943],[-4.5315,40.48681],[-4.56524,40.49812]]]}},{"type":"Feature","properties":{"name":"Sanchidri\u00e1n","layer":"municipio"},"geometry":{"type":"MultiLineString","coordinates":[[[-4.62822,40.89718],[-4.61247,40.91979],[-4.55849,40.91656],[-4.55175,40.90687],[-4.55849,40.88587],[-4.57199,40.85678],[-4.58773,40.87133],[-4.60797,40.87617],[-4.61472,40.89718],[-4.62822,40.89718]]]}},{"type":"Feature","properties":{"name":"Sanchorreja","layer":"municipio"},"geometry":{"type":"MultiLineString","coordinates":[[[-4.93185,40.66291],[-4.9251,40.67422],[-4.89136,40.68553],[-4.88012,40.71138],[-4.84188,40.71138],[-4.83289,40.70007],[-4.83289,40.69038],[-4.83963,40.6726],[-4.86887,40.66129],[-4.91386,40.64514],[-4.94084,40.64998],[-4.93185,40.66291]]]}},{"type":"Feature","properties":{"name":"San Esteban de los Patos","layer":"municipio"},"geometry":{"type":"MultiLineString","coordinates":[[[-4.65296,40.73561],[-4.63272,40.76146],[-4.60573,40.74692],[-4.63496,40.71784],[-4.65296,40.73561]]]}},{"type":"Feature","properties":{"name":"San Garc\u00eda de Ingelmos","layer":"municipio"},"geometry":{"type":"MultiLineString","coordinates":[[[-5.17026,40.73561],[-5.17925,40.74692],[-5.15676,40.76793],[-5.13877,40.77116],[-5.13202,40.7857],[-5.11628,40.79054],[-5.07354,40.78893],[-5.06005,40.77923],[-5.0443,40.77116],[-5.04655,40.75662],[-5.08029,40.75823],[-5.08479,40.76469],[-5.12527,40.75177],[-5.12752,40.73884],[-5.14551,40.73077],[-5.17026,40.73561]]]}},{"type":"Feature","properties":{"name":"San Esteban del Valle","layer":"municipio"},"geometry":{"type":"MultiLineString","coordinates":[[[-5.00157,40.2687],[-4.98358,40.28647],[-4.96109,40.29939],[-4.94984,40.35432],[-4.94309,40.35432],[-4.92285,40.33009],[-4.9206,40.30262],[-4.94984,40.27677],[-4.95434,40.259],[-4.97233,40.24123],[-4.96334,40.22346],[-4.97458,40.22346],[-4.99482,40.22023],[-4.98358,40.24769],[-4.99707,40.26223],[-5.00157,40.2687]]]}},{"type":"Feature","properties":{"name":"San Esteban de Zapardiel","layer":"municipio"},"geometry":{"type":"MultiLineString","coordinates":[[[-4.9296,41.10236],[-4.91161,41.12013],[-4.90936,41.11852],[-4.86437,41.09428],[-4.87337,41.07651],[-4.9296,41.10236]]]}},{"type":"Feature","properties":{"name":"San Juan de la Encinilla","layer":"municipio"},"geometry":{"type":"MultiLineString","coordinates":[[[-4.86437,40.82124],[-4.85088,40.84224],[-4.82389,40.84709],[-4.82614,40.82932],[-4.8014,40.80508],[-4.8014,40.79378],[-4.8104,40.78731],[-4.83064,40.81155],[-4.84188,40.80347],[-4.86437,40.82124]]]}},{"type":"Feature","properties":{"name":"San Juan de la Nava","layer":"municipio"},"geometry":{"type":"MultiLineString","coordinates":[[[-4.72043,40.49973],[-4.71818,40.5175],[-4.72268,40.54012],[-4.70469,40.52558],[-4.68445,40.53366],[-4.67095,40.49812],[-4.65521,40.48034],[-4.62147,40.42057],[-4.62597,40.40118],[-4.64396,40.39633],[-4.64396,40.4141],[-4.66195,40.42541],[-4.70469,40.43834],[-4.70469,40.46903],[-4.72043,40.49973]]]}},{"type":"Feature","properties":{"name":"San Juan del Molinillo","layer":"municipio"},"geometry":{"type":"MultiLineString","coordinates":[[[-4.90486,40.45611],[-4.89136,40.47388],[-4.89811,40.48196],[-4.86213,40.49327],[-4.83514,40.49004],[-4.8014,40.4755],[-4.78341,40.48034],[-4.79015,40.44157],[-4.78341,40.43187],[-4.79015,40.43349],[-4.80365,40.45126],[-4.83289,40.45611],[-4.88012,40.44803],[-4.90486,40.45611]]]}},{"type":"Feature","properties":{"name":"San Juan del Olmo","layer":"municipio"},"geometry":{"type":"MultiLineString","coordinates":[[[-5.12302,40.65483],[-5.10953,40.65483],[-5.09379,40.64191],[-5.0533,40.66453],[-5.03756,40.66614],[-5.02631,40.64514],[-5.01057,40.64191],[-5.02181,40.62737],[-5.06904,40.61283],[-5.09603,40.62898],[-5.11178,40.6306],[-5.12302,40.65483]]]}},{"type":"Feature","properties":{"name":"San Lorenzo de Tormes","layer":"municipio"},"geometry":{"type":"MultiLineString","coordinates":[[[-5.51887,40.3721],[-5.52562,40.38825],[-5.51437,40.40118],[-5.49638,40.38502],[-5.48513,40.39633],[-5.46714,40.35432],[-5.48738,40.35109],[-5.51887,40.3721]]]}},{"type":"Feature","properties":{"name":"San Mart\u00edn del Pimpollar","layer":"municipio"},"geometry":{"type":"MultiLineString","coordinates":[[[-5.08029,40.37048],[-5.03306,40.38825],[-5.06455,40.41087],[-5.05105,40.42541],[-5.03306,40.42218],[-5.01507,40.37048],[-5.01507,40.32201],[-5.0578,40.30909],[-5.0623,40.31232],[-5.0668,40.33817],[-5.08029,40.37048]]]}},{"type":"Feature","properties":{"name":"San Miguel de Corneja","layer":"municipio"},"geometry":{"type":"MultiLineString","coordinates":[[[-5.3007,40.4965],[-5.28721,40.49812],[-5.25347,40.50135],[-5.25122,40.49327],[-5.29171,40.47873],[-5.3007,40.4965]]]}},{"type":"Feature","properties":{"name":"San Miguel de Serrezuela","layer":"municipio"},"geometry":{"type":"MultiLineString","coordinates":[[[-5.30745,40.70653],[-5.25347,40.734],[-5.23098,40.67583],[-5.24223,40.66937],[-5.25797,40.66937],[-5.29621,40.65483],[-5.30745,40.68876],[-5.30745,40.70653]]]}},{"type":"Feature","properties":{"name":"San Pascual","layer":"municipio"},"geometry":{"type":"MultiLineString","coordinates":[[[-4.7879,40.88263],[-4.78116,40.90525],[-4.75417,40.89879],[-4.72718,40.90364],[-4.6687,40.92626],[-4.66645,40.91333],[-4.68894,40.91333],[-4.69794,40.90041],[-4.74067,40.88587],[-4.73842,40.87617],[-4.76316,40.86809],[-4.78116,40.86971],[-4.7879,40.88263]]]}},{"type":"Feature","properties":{"name":"San Pedro del Arroyo","layer":"municipio"},"geometry":{"type":"MultiLineString","coordinates":[[[-4.90036,40.76469],[-4.88237,40.80024],[-4.90036,40.80832],[-4.89811,40.80993],[-4.86437,40.82124],[-4.84188,40.80347],[-4.85313,40.76469],[-4.87112,40.776],[-4.90036,40.76469]]]}},{"type":"Feature","properties":{"name":"Santa Cruz del Valle","layer":"municipio"},"geometry":{"type":"MultiLineString","coordinates":[[[-4.99707,40.26223],[-4.98358,40.24769],[-4.99482,40.22023],[-4.97458,40.22346],[-4.97458,40.2073],[-4.96783,40.17822],[-4.97458,40.1556],[-4.98808,40.16207],[-4.98808,40.18953],[-5.01731,40.19599],[-5.03306,40.21861],[-5.00382,40.26223],[-4.99707,40.26223]]]}},{"type":"Feature","properties":{"name":"Santa Mar\u00eda del Arroyo","layer":"municipio"},"geometry":{"type":"MultiLineString","coordinates":[[[-4.94534,40.58374],[-4.96334,40.59828],[-4.96109,40.61444],[-4.9251,40.61283],[-4.90936,40.60152],[-4.9386,40.57728],[-4.94534,40.58374]]]}},{"type":"Feature","properties":{"name":"Santa Mar\u00eda del Berrocal","layer":"municipio"},"geometry":{"type":"MultiLineString","coordinates":[[[-5.46264,40.49165],[-5.4514,40.49488],[-5.4469,40.52073],[-5.4334,40.53366],[-5.40191,40.52235],[-5.37043,40.53043],[-5.38167,40.50619],[-5.39742,40.48681],[-5.41541,40.47873],[-5.41316,40.48842],[-5.46264,40.48519],[-5.46264,40.49165]]]}},{"type":"Feature","properties":{"name":"Santa Mar\u00eda de los Caballeros","layer":"municipio"},"geometry":{"type":"MultiLineString","coordinates":[[[-5.48513,40.39633],[-5.47164,40.40926],[-5.46039,40.40602],[-5.43115,40.41895],[-5.42441,40.39956],[-5.43115,40.38341],[-5.45589,40.36725],[-5.4469,40.35594],[-5.44915,40.34948],[-5.46714,40.35432],[-5.48513,40.39633]]]}},{"type":"Feature","properties":{"name":"Santa Mar\u00eda del Ti\u00e9tar","layer":"municipio"},"geometry":{"type":"MultiLineString","coordinates":[[[-4.56299,40.31232],[-4.56749,40.32363],[-4.545,40.33009],[-4.52926,40.29293],[-4.55625,40.27677],[-4.56299,40.31232]]]}},{"type":"Feature","properties":{"name":"Santiago del Collado","layer":"municipio"},"geometry":{"type":"MultiLineString","coordinates":[[[-5.39292,40.44803],[-5.35468,40.45934],[-5.3232,40.44803],[-5.28721,40.4448],[-5.27821,40.43511],[-5.29846,40.4141],[-5.3187,40.40441],[-5.35918,40.39633],[-5.38167,40.40118],[-5.37717,40.4141],[-5.39292,40.44803]]]}},{"type":"Feature","properties":{"name":"San Vicente de Ar\u00e9valo","layer":"municipio"},"geometry":{"type":"MultiLineString","coordinates":[[[-4.83514,40.98442],[-4.82839,40.98604],[-4.80365,40.98765],[-4.77441,40.95534],[-4.74292,40.95534],[-4.75417,40.94888],[-4.77891,40.95372],[-4.81264,40.94241],[-4.83064,40.95372],[-4.83514,40.98442]]]}},{"type":"Feature","properties":{"name":"Santo Domingo de las Posadas","layer":"municipio"},"geometry":{"type":"MultiLineString","coordinates":[[[-4.6597,40.77439],[-4.63946,40.80508],[-4.65746,40.81963],[-4.62372,40.82286],[-4.61922,40.82124],[-4.61247,40.8067],[-4.63047,40.80024],[-4.62147,40.78408],[-4.63946,40.76954],[-4.6597,40.77439]]]}},{"type":"Feature","properties":{"name":"Santo Tom\u00e9 de Zabarcos","layer":"municipio"},"geometry":{"type":"MultiLineString","coordinates":[[[-4.92285,40.78085],[-4.90711,40.80993],[-4.90036,40.80832],[-4.88237,40.80024],[-4.90036,40.76469],[-4.90036,40.76308],[-4.90936,40.78408],[-4.92285,40.78085]]]}},{"type":"Feature","properties":{"name":"Serranillos","layer":"municipio"},"geometry":{"type":"MultiLineString","coordinates":[[[-4.94309,40.35432],[-4.9251,40.35432],[-4.85763,40.32363],[-4.88012,40.31393],[-4.90936,40.30101],[-4.9206,40.30262],[-4.92285,40.33009],[-4.94309,40.35432]]]}},{"type":"Feature","properties":{"name":"Sigeres","layer":"municipio"},"geometry":{"type":"MultiLineString","coordinates":[[[-4.97683,40.77762],[-4.97233,40.78893],[-4.9386,40.80993],[-4.90711,40.80993],[-4.92285,40.78085],[-4.94534,40.78247],[-4.96783,40.776],[-4.97683,40.77762]],[[-4.95434,40.79378],[-4.95434,40.79378]]]}},{"type":"Feature","properties":{"name":"Sinlabajos","layer":"municipio"},"geometry":{"type":"MultiLineString","coordinates":[[[-4.87562,41.06197],[-4.87337,41.07651],[-4.86437,41.09428],[-4.85538,41.10074],[-4.82839,41.09913],[-4.80365,41.0652],[-4.83963,41.05551],[-4.87562,41.06197]]]}},{"type":"Feature","properties":{"name":"Solana de \u00c1vila","layer":"municipio"},"geometry":{"type":"MultiLineString","coordinates":[[[-5.58184,40.38017],[-5.57285,40.33817],[-5.59984,40.31232]]]}},{"type":"Feature","properties":{"name":"Solana de Rioalmar","layer":"municipio"},"geometry":{"type":"MultiLineString","coordinates":[[[-5.04655,40.75662],[-5.0443,40.77116],[-5.01057,40.78085],[-4.99932,40.77439],[-4.99932,40.76631],[-4.96334,40.74531],[-4.96783,40.72753],[-5.00832,40.70653],[-5.02406,40.71299],[-5.0443,40.73723],[-5.04655,40.75662]]]}},{"type":"Feature","properties":{"name":"Solosancho","layer":"municipio"},"geometry":{"type":"MultiLineString","coordinates":[[[-4.95209,40.54012],[-4.94084,40.55466],[-4.95659,40.57405],[-4.94534,40.58374],[-4.9386,40.57728],[-4.89136,40.57728],[-4.88237,40.59021],[-4.87112,40.58859],[-4.88237,40.56274],[-4.86887,40.54658],[-4.87112,40.52397],[-4.90486,40.50781],[-4.90711,40.49973],[-4.94534,40.49812],[-4.95659,40.52558],[-4.95209,40.54012]]]}},{"type":"Feature","properties":{"name":"Sotalbo","layer":"municipio"},"geometry":{"type":"MultiLineString","coordinates":[[[-5.01057,40.4755],[-4.99257,40.50619],[-4.97908,40.4965],[-4.94534,40.49812],[-4.90711,40.49973],[-4.90486,40.50781],[-4.87112,40.52397],[-4.86887,40.54658],[-4.88237,40.56274],[-4.87112,40.58859],[-4.86662,40.58698],[-4.83739,40.5692],[-4.83514,40.54335],[-4.84413,40.53043],[-4.83064,40.52397],[-4.81489,40.51266],[-4.76541,40.50458],[-4.72943,40.50781],[-4.71818,40.5175],[-4.72043,40.49973],[-4.77441,40.48842],[-4.78341,40.48034],[-4.8014,40.4755],[-4.83514,40.49004],[-4.86213,40.49327],[-4.89811,40.48196],[-4.89136,40.47388],[-4.90486,40.45611],[-4.89811,40.48196],[-4.95884,40.4755],[-4.98358,40.48196],[-5.02406,40.45288],[-5.01057,40.4755]],[[-4.81489,40.59828],[-4.79915,40.59021],[-4.81264,40.58213],[-4.82839,40.58213],[-4.81489,40.59828]]]}},{"type":"Feature","properties":{"name":"Castro de Fuentidue\u00f1a","layer":"municipio"},"geometry":{"type":"MultiLineString","coordinates":[[[-3.9085,41.40771],[-3.88601,41.41741],[-3.895,41.44326],[-3.88151,41.45295],[-3.86801,41.44164],[-3.82078,41.42872],[-3.84552,41.41256],[-3.89051,41.3964],[-3.9085,41.40771]]]}},{"type":"Feature","properties":{"name":"Sotillo de la Adrada","layer":"municipio"},"geometry":{"type":"MultiLineString","coordinates":[[[-4.63946,40.2687],[-4.61022,40.30101],[-4.63272,40.32847],[-4.61022,40.35432],[-4.59448,40.34625],[-4.60348,40.33494],[-4.59673,40.3204],[-4.56299,40.31232],[-4.55625,40.27677],[-4.55625,40.26547],[-4.56974,40.25739],[-4.59448,40.25092],[-4.63946,40.2687]]]}},{"type":"Feature","properties":{"name":"El Tiemblo","layer":"municipio"},"geometry":{"type":"MultiLineString","coordinates":[[[-4.5495,40.34463],[-4.53825,40.3931],[-4.554,40.41895],[-4.54275,40.43834],[-4.52701,40.43834],[-4.46403,40.42218],[-4.46628,40.40764],[-4.44154,40.4141],[-4.4213,40.40602],[-4.44154,40.38825],[-4.43929,40.35109],[-4.46178,40.33978],[-4.47303,40.34786],[-4.47303,40.36887],[-4.48652,40.37048],[-4.52701,40.34463],[-4.54725,40.3414],[-4.5495,40.34463]]]}},{"type":"Feature","properties":{"name":"Ti\u00f1osillos","layer":"municipio"},"geometry":{"type":"MultiLineString","coordinates":[[[-4.75417,40.93595],[-4.75417,40.94888],[-4.74292,40.95534],[-4.71818,40.97957],[-4.69344,40.98442],[-4.69119,40.97311],[-4.68894,40.95049],[-4.67545,40.93434],[-4.6687,40.92626],[-4.73842,40.92787],[-4.75417,40.93595]]]}},{"type":"Feature","properties":{"name":"Valdecasa","layer":"municipio"},"geometry":{"type":"MultiLineString","coordinates":[[[-5.05105,40.69522],[-5.02631,40.68714],[-5.01507,40.67745],[-5.00157,40.69361],[-4.99257,40.68876],[-4.97908,40.65483],[-5.01057,40.64191],[-5.02631,40.64514],[-5.03756,40.66614],[-5.06005,40.68553],[-5.05105,40.69522]],[[-5.01507,40.67099],[-5.01507,40.67099]]]}},{"type":"Feature","properties":{"name":"Tolba\u00f1os","layer":"municipio"},"geometry":{"type":"MultiLineString","coordinates":[[[-4.63946,40.76954],[-4.62147,40.78408],[-4.59448,40.77439],[-4.56974,40.77762],[-4.554,40.80347],[-4.52926,40.78731],[-4.52476,40.77439],[-4.5495,40.76308],[-4.554,40.73884],[-4.57649,40.73884],[-4.57424,40.71138],[-4.61697,40.70815],[-4.63496,40.71784],[-4.60573,40.74692],[-4.63272,40.76146],[-4.63946,40.76954]]]}},{"type":"Feature","properties":{"name":"Tormellas","layer":"municipio"},"geometry":{"type":"MultiLineString","coordinates":[[[-5.52562,40.30747],[-5.51437,40.33009],[-5.50088,40.32524],[-5.50313,40.31717],[-5.47614,40.29778],[-5.51662,40.29132],[-5.52562,40.30747]]]}},{"type":"Feature","properties":{"name":"Tornadizos de \u00c1vila","layer":"municipio"},"geometry":{"type":"MultiLineString","coordinates":[[[-4.69344,40.56274],[-4.68894,40.5999],[-4.65746,40.59667],[-4.64621,40.61929],[-4.61922,40.64675],[-4.58773,40.64029],[-4.59448,40.6516],[-4.56524,40.66614],[-4.55175,40.6516],[-4.53375,40.64998],[-4.50901,40.63383],[-4.51351,40.62252],[-4.52476,40.61121],[-4.56974,40.60959],[-4.58099,40.59344],[-4.60123,40.58213],[-4.60123,40.56759],[-4.63496,40.54982],[-4.67995,40.54012],[-4.69344,40.56274]]]}},{"type":"Feature","properties":{"name":"T\u00f3rtoles","layer":"municipio"},"geometry":{"type":"MultiLineString","coordinates":[[[-5.28271,40.59182],[-5.27371,40.59505],[-5.25347,40.58213],[-5.24673,40.54982],[-5.26922,40.54174],[-5.29171,40.55143],[-5.29846,40.54497],[-5.3007,40.56597],[-5.28271,40.59182]],[[-5.27371,40.61444],[-5.27147,40.62413],[-5.25797,40.60959],[-5.27147,40.59505],[-5.27596,40.60313],[-5.27371,40.61444]]]}},{"type":"Feature","properties":{"name":"Vega de Santa Mar\u00eda","layer":"municipio"},"geometry":{"type":"MultiLineString","coordinates":[[[-4.69119,40.83578],[-4.67545,40.84548],[-4.68669,40.8584],[-4.63047,40.85678],[-4.63047,40.82609],[-4.62372,40.82286],[-4.65746,40.81963],[-4.67545,40.82124],[-4.69119,40.83578]]]}},{"type":"Feature","properties":{"name":"Velayos","layer":"municipio"},"geometry":{"type":"MultiLineString","coordinates":[[[-4.63047,40.85678],[-4.61922,40.85678],[-4.60797,40.87617],[-4.58773,40.87133],[-4.57199,40.85678],[-4.58548,40.82932],[-4.61922,40.82124],[-4.62372,40.82286],[-4.63047,40.82609],[-4.63047,40.85678]]]}},{"type":"Feature","properties":{"name":"Vi\u00f1egra de Mora\u00f1a","layer":"municipio"},"geometry":{"type":"MultiLineString","coordinates":[[[-4.94534,40.86325],[-4.91386,40.86648],[-4.90261,40.85355],[-4.91386,40.83417],[-4.93635,40.83417],[-4.94534,40.86325]]]}},{"type":"Feature","properties":{"name":"Villaflor","layer":"municipio"},"geometry":{"type":"MultiLineString","coordinates":[[[-4.90936,40.72753],[-4.91386,40.73884],[-4.90036,40.76308],[-4.90036,40.76469],[-4.87112,40.776],[-4.85313,40.76469],[-4.85088,40.76308],[-4.85988,40.74208],[-4.89361,40.72753],[-4.90936,40.72753]]]}},{"type":"Feature","properties":{"name":"Villafranca de la Sierra","layer":"municipio"},"geometry":{"type":"MultiLineString","coordinates":[[[-5.13427,40.4755],[-5.14776,40.45773],[-5.1725,40.45611],[-5.13427,40.4755]],[[-5.23548,40.50296],[-5.20849,40.51589],[-5.16801,40.50781],[-5.186,40.50458],[-5.19275,40.48681],[-5.20849,40.48034],[-5.186,40.45934],[-5.20849,40.45449],[-5.23098,40.47388],[-5.23998,40.49488],[-5.25122,40.49327],[-5.25347,40.50135],[-5.23548,40.50296]],[[-5.12077,40.50619],[-5.10728,40.50943],[-5.07804,40.49973],[-5.07354,40.47711],[-5.09379,40.47065],[-5.13427,40.4755],[-5.12077,40.50619]]]}},{"type":"Feature","properties":{"name":"Villanueva de G\u00f3mez","layer":"municipio"},"geometry":{"type":"MultiLineString","coordinates":[[[-4.73842,40.87617],[-4.74067,40.88587],[-4.69794,40.90041],[-4.68894,40.91333],[-4.66645,40.91333],[-4.6687,40.89071],[-4.68669,40.8584],[-4.72043,40.87617],[-4.73842,40.87617]]]}},{"type":"Feature","properties":{"name":"Villanueva del Aceral","layer":"municipio"},"geometry":{"type":"MultiLineString","coordinates":[[[-4.90486,41.04743],[-4.88687,41.05551],[-4.87562,41.06197],[-4.83963,41.05551],[-4.83963,41.02966],[-4.87337,41.01835],[-4.90486,41.04743]]]}},{"type":"Feature","properties":{"name":"Villanueva del Campillo","layer":"municipio"},"geometry":{"type":"MultiLineString","coordinates":[[[-5.23323,40.61929],[-5.21749,40.61283],[-5.18825,40.62413],[-5.13202,40.57243],[-5.16576,40.5482],[-5.186,40.55143],[-5.21749,40.55951],[-5.24673,40.58213],[-5.23323,40.59667],[-5.23323,40.61929]]]}},{"type":"Feature","properties":{"name":"Villar de Corneja","layer":"municipio"},"geometry":{"type":"MultiLineString","coordinates":[[[-5.46489,40.4658],[-5.46264,40.48519],[-5.41316,40.48842],[-5.41541,40.47873],[-5.4334,40.46903],[-5.46489,40.4658]]]}},{"type":"Feature","properties":{"name":"Villarejo del Valle","layer":"municipio"},"geometry":{"type":"MultiLineString","coordinates":[[[-5.01507,40.37048],[-4.99707,40.3721],[-4.95209,40.35432],[-4.94984,40.35432],[-4.96109,40.29939],[-4.98358,40.28647],[-5.00157,40.2687],[-5.00607,40.2687],[-5.00157,40.29455],[-5.01507,40.32201],[-5.01507,40.37048]]]}},{"type":"Feature","properties":{"name":"Villatoro","layer":"municipio"},"geometry":{"type":"MultiLineString","coordinates":[[[-5.16576,40.5482],[-5.13202,40.57243],[-5.10953,40.58536],[-5.08029,40.55789],[-5.10278,40.52881],[-5.0623,40.52073],[-5.01956,40.5175],[-5.03756,40.48681],[-5.07354,40.47711],[-5.07804,40.49973],[-5.10728,40.50943],[-5.11628,40.52073],[-5.16351,40.51912],[-5.16576,40.5482]]]}},{"type":"Feature","properties":{"name":"Zapardiel de la Ca\u00f1ada","layer":"municipio"},"geometry":{"type":"MultiLineString","coordinates":[[[-5.37043,40.60636],[-5.35018,40.6209],[-5.32994,40.61606],[-5.3187,40.63544],[-5.29846,40.64352],[-5.27821,40.63868],[-5.27371,40.61444],[-5.27596,40.60313],[-5.28721,40.59505],[-5.3007,40.57082],[-5.33894,40.57243],[-5.37043,40.60636]]]}},{"type":"Feature","properties":{"name":"Zapardiel de la Ribera","layer":"municipio"},"geometry":{"type":"MultiLineString","coordinates":[[[-5.32544,40.36402],[-5.31195,40.3624],[-5.31645,40.34463],[-5.29171,40.31878],[-5.27821,40.24769],[-5.27371,40.24769],[-5.28271,40.24123],[-5.31645,40.26385],[-5.3232,40.28647],[-5.32544,40.30909],[-5.35693,40.32524],[-5.37043,40.33817],[-5.35243,40.34302],[-5.34569,40.36079],[-5.32544,40.36402]]]}},{"type":"Feature","properties":{"name":"Villanueva de \u00c1vila","layer":"municipio"},"geometry":{"type":"MultiLineString","coordinates":[[[-4.86437,40.39148],[-4.85538,40.39633],[-4.83963,40.39148],[-4.81264,40.39956],[-4.79915,40.37856],[-4.79915,40.34786],[-4.81264,40.33171],[-4.83514,40.34948],[-4.83739,40.36725],[-4.86437,40.39148]]]}},{"type":"Feature","properties":{"name":"San Juan de Gredos","layer":"municipio"},"geometry":{"type":"MultiLineString","coordinates":[[[-5.29846,40.4141],[-5.27821,40.43511],[-5.23098,40.43995],[-5.22423,40.40926],[-5.21299,40.40764],[-5.21524,40.35594],[-5.20399,40.34463],[-5.20399,40.30586],[-5.19275,40.26708],[-5.23998,40.24769],[-5.26247,40.25092],[-5.23773,40.27516],[-5.23773,40.32363],[-5.26697,40.35432],[-5.28946,40.36079],[-5.29846,40.38502],[-5.28946,40.39795],[-5.29846,40.4141]]]}},{"type":"Feature","properties":{"name":"Santa Mar\u00eda del Cubillo","layer":"municipio"},"geometry":{"type":"MultiLineString","coordinates":[[[-4.52926,40.78731],[-4.48202,40.79216],[-4.45503,40.755],[-4.43254,40.74208],[-4.43479,40.71623],[-4.41905,40.65483],[-4.41905,40.63383],[-4.46628,40.63544],[-4.45279,40.66776],[-4.47078,40.69199],[-4.45953,40.71784],[-4.48202,40.72269],[-4.50002,40.74046],[-4.49777,40.75015],[-4.52476,40.77439],[-4.52926,40.78731]]]}},{"type":"Feature","properties":{"name":"Diego del Carpio","layer":"municipio"},"geometry":{"type":"MultiLineString","coordinates":[[[-5.36818,40.68068],[-5.34119,40.68714],[-5.32769,40.70492],[-5.30745,40.70653],[-5.30745,40.68876],[-5.29621,40.65483],[-5.29846,40.64352],[-5.3187,40.63544],[-5.34794,40.64837],[-5.36593,40.64837],[-5.38617,40.66937],[-5.36818,40.68068]]]}},{"type":"Feature","properties":{"name":"Santiago del Tormes","layer":"municipio"},"geometry":{"type":"MultiLineString","coordinates":[[[-5.44915,40.34948],[-5.4469,40.35594],[-5.39742,40.37371],[-5.36143,40.38341],[-5.35918,40.39633],[-5.3187,40.40441],[-5.32544,40.36402],[-5.34569,40.36079],[-5.35243,40.34302],[-5.37043,40.33817],[-5.35693,40.32524],[-5.32544,40.30909],[-5.3232,40.28647],[-5.36593,40.29616],[-5.37493,40.30586],[-5.40866,40.32363],[-5.43115,40.32524],[-5.42666,40.33655],[-5.44915,40.34948]]]}},{"type":"Feature","properties":{"name":"Argujillo","layer":"municipio"},"geometry":{"type":"MultiLineString","coordinates":[[[-5.53236,41.30431],[-5.54811,41.29785],[-5.55036,41.29139],[-5.59309,41.27362]]]}},{"type":"Feature","properties":{"name":"Fuentelc\u00e9sped","layer":"municipio"},"geometry":{"type":"MultiLineString","coordinates":[[[-3.61611,41.57735],[-3.64535,41.57251],[-3.67234,41.60482]]]}},{"type":"Feature","properties":{"name":"Fuentenebro","layer":"municipio"},"geometry":{"type":"MultiLineString","coordinates":[[[-3.7668,41.53858],[-3.7668,41.56281],[-3.72632,41.55797],[-3.72182,41.5402],[-3.72857,41.51758],[-3.72857,41.48688],[-3.72857,41.4578],[-3.73981,41.45134],[-3.74431,41.46103],[-3.76905,41.45941],[-3.7713,41.48203],[-3.7713,41.52081],[-3.7668,41.53858]]]}},{"type":"Feature","properties":{"name":"Milagros","layer":"municipio"},"geometry":{"type":"MultiLineString","coordinates":[[[-3.72182,41.57735],[-3.71732,41.58059],[-3.69258,41.6129]],[[-3.64535,41.57251],[-3.68134,41.5515],[-3.69258,41.56766],[-3.72182,41.57735]]]}},{"type":"Feature","properties":{"name":"Moradillo de Roa","layer":"municipio"},"geometry":{"type":"MultiLineString","coordinates":[[[-3.80954,41.54989],[-3.79379,41.56443],[-3.77805,41.56766],[-3.7668,41.56281],[-3.7668,41.53858],[-3.79604,41.52242],[-3.81628,41.54181],[-3.80954,41.54989]]]}},{"type":"Feature","properties":{"name":"Nava de Roa","layer":"municipio"},"geometry":{"type":"MultiLineString","coordinates":[[[-3.96473,41.58543],[-3.98047,41.58382],[-4.00296,41.61613]]]}},{"type":"Feature","properties":{"name":"Pardilla","layer":"municipio"},"geometry":{"type":"MultiLineString","coordinates":[[[-3.72857,41.51758],[-3.72182,41.5402],[-3.72632,41.55797],[-3.72182,41.57735],[-3.69258,41.56766],[-3.68134,41.5515],[-3.68808,41.5402],[-3.69258,41.53373],[-3.72857,41.51758]]]}},{"type":"Feature","properties":{"name":"San Pablo de la Moraleja","layer":"municipio"},"geometry":{"type":"MultiLineString","coordinates":[[[-4.82614,41.14437],[-4.81939,41.16052],[-4.77441,41.18153],[-4.72043,41.15729],[-4.72268,41.14921],[-4.78566,41.14437],[-4.81264,41.12983],[-4.82614,41.14437]]]}},{"type":"Feature","properties":{"name":"Valdegrudas","layer":"municipio"},"geometry":{"type":"MultiLineString","coordinates":[[[-3.04034,40.70815],[-2.99985,40.73238],[-2.99311,40.74692],[-2.98861,40.74531],[-2.97286,40.72592],[-3.0066,40.70168],[-3.0021,40.69522],[-3.02459,40.69522],[-3.04034,40.70815]]]}},{"type":"Feature","properties":{"name":"Santa Cruz de la Salceda","layer":"municipio"},"geometry":{"type":"MultiLineString","coordinates":[[[-3.54189,41.57735],[-3.56663,41.58059],[-3.57338,41.56605],[-3.61611,41.57735]]]}},{"type":"Feature","properties":{"name":"La Sequera de Haza","layer":"municipio"},"geometry":{"type":"MultiLineString","coordinates":[[[-3.82753,41.58059],[-3.82528,41.5822],[-3.79379,41.56443],[-3.80954,41.54989],[-3.82528,41.5515],[-3.82753,41.58059]]]}},{"type":"Feature","properties":{"name":"Torregalindo","layer":"municipio"},"geometry":{"type":"MultiLineString","coordinates":[[[-3.71732,41.58059],[-3.72182,41.57735],[-3.72632,41.55797],[-3.7668,41.56281],[-3.77805,41.56766]]]}},{"type":"Feature","properties":{"name":"Valdelcubo","layer":"municipio"},"geometry":{"type":"MultiLineString","coordinates":[[[-2.70072,41.21061],[-2.69622,41.24615],[-2.66923,41.23646],[-2.64674,41.23969],[-2.6355,41.22353],[-2.68723,41.21222],[-2.70072,41.21061]]]}},{"type":"Feature","properties":{"name":"Monte de la Mata","layer":"municipio"},"geometry":{"type":"MultiLineString","coordinates":[[[-3.83653,41.4998],[-3.84327,41.52404],[-3.80279,41.52404],[-3.79829,41.49173],[-3.83428,41.4998],[-3.83653,41.4998]]]}},{"type":"Feature","properties":{"name":"Manzanillo","layer":"municipio"},"geometry":{"type":"MultiLineString","coordinates":[[[-4.15815,41.57251],[-4.1649,41.56766],[-4.18964,41.57897],[-4.26611,41.5822]]]}},{"type":"Feature","properties":{"name":"Los Huertos","layer":"municipio"},"geometry":{"type":"MultiLineString","coordinates":[[[-4.24587,41.01512],[-4.20313,41.03774],[-4.19189,41.01673],[-4.21213,40.99088],[-4.21888,40.97957],[-4.23912,40.9828],[-4.24587,41.01512]]]}},{"type":"Feature","properties":{"name":"Marazuela","layer":"municipio"},"geometry":{"type":"MultiLineString","coordinates":[[[-4.38306,40.96665],[-4.38756,40.98765],[-4.37632,40.9925],[-4.32908,40.99734],[-4.32683,40.97957],[-4.36957,40.95372],[-4.38306,40.96665]]]}},{"type":"Feature","properties":{"name":"Alaraz","layer":"municipio"},"geometry":{"type":"MultiLineString","coordinates":[[[-5.38167,40.71461],[-5.35918,40.72269],[-5.32769,40.7243],[-5.33444,40.74854],[-5.3052,40.76793],[-5.26247,40.75823],[-5.25572,40.73884],[-5.25347,40.734],[-5.30745,40.70653],[-5.32769,40.70492],[-5.34119,40.68714],[-5.36818,40.68068],[-5.37942,40.70168],[-5.38167,40.71461]]]}},{"type":"Feature","properties":{"name":"Alba de Tormes","layer":"municipio"},"geometry":{"type":"MultiLineString","coordinates":[[[-5.55935,40.7857],[-5.54811,40.79539],[-5.55261,40.80993],[-5.54811,40.81316],[-5.52562,40.82932],[-5.5571,40.86002],[-5.53011,40.86648],[-5.50987,40.86002],[-5.49638,40.86648],[-5.46264,40.85517],[-5.45814,40.84063],[-5.46264,40.82932],[-5.48063,40.82124],[-5.48513,40.80347],[-5.50762,40.79378],[-5.54811,40.78247],[-5.55935,40.7857]]]}},{"type":"Feature","properties":{"name":"Alconada","layer":"municipio"},"geometry":{"type":"MultiLineString","coordinates":[[[-5.42216,40.91495],[-5.41991,40.91656],[-5.37942,40.93595],[-5.32769,40.90525],[-5.33444,40.89233],[-5.36368,40.89233],[-5.37493,40.90041],[-5.39967,40.89718],[-5.42216,40.91495]]]}},{"type":"Feature","properties":{"name":"Aldealengua","layer":"municipio"},"geometry":{"type":"MultiLineString","coordinates":[[[-5.56385,40.98927],[-5.54811,41.00381],[-5.53011,40.97311],[-5.55486,40.97634],[-5.56385,40.98927]]]}},{"type":"Feature","properties":{"name":"Aldeanueva de Figueroa","layer":"municipio"},"geometry":{"type":"MultiLineString","coordinates":[[[-5.58859,41.20253],[-5.5706,41.21707],[-5.5571,41.21384],[-5.51437,41.19122],[-5.48738,41.17991],[-5.48513,41.14598],[-5.47389,41.15406],[-5.47164,41.14114],[-5.50088,41.12821],[-5.51662,41.12659],[-5.53236,41.12659],[-5.54811,41.13144],[-5.5661,41.1476],[-5.56835,41.1686],[-5.59309,41.18799]]]}},{"type":"Feature","properties":{"name":"Mart\u00edn Miguel","layer":"municipio"},"geometry":{"type":"MultiLineString","coordinates":[[[-4.31109,40.9618],[-4.2976,40.97473],[-4.25711,40.9618],[-4.24587,40.93918],[-4.2751,40.93272],[-4.2886,40.94241],[-4.31109,40.9618]]]}},{"type":"Feature","properties":{"name":"Aldearrubia","layer":"municipio"},"geometry":{"type":"MultiLineString","coordinates":[[[-5.54811,41.00381],[-5.54136,41.00865],[-5.49863,41.02643],[-5.4514,41.02966],[-5.4469,41.01996],[-5.45814,40.99411],[-5.48513,40.96988],[-5.49188,40.97311],[-5.48963,40.98604],[-5.51437,41.00381],[-5.51437,40.97473],[-5.53011,40.97311],[-5.54811,41.00381]]]}},{"type":"Feature","properties":{"name":"Aldeaseca de Alba","layer":"municipio"},"geometry":{"type":"MultiLineString","coordinates":[[[-5.48513,40.80347],[-5.48063,40.82124],[-5.46264,40.82932],[-5.45814,40.84063],[-5.42666,40.84063],[-5.4289,40.81316],[-5.4424,40.79862],[-5.4514,40.79216],[-5.48513,40.80347]]]}},{"type":"Feature","properties":{"name":"Aldeaseca de la Frontera","layer":"municipio"},"geometry":{"type":"MultiLineString","coordinates":[[[-5.25122,40.92464],[-5.25122,40.95049],[-5.21074,40.96665],[-5.1905,40.95695],[-5.1815,40.93918],[-5.1905,40.92303],[-5.24897,40.91818],[-5.25122,40.92464]]]}},{"type":"Feature","properties":{"name":"Cabrerizos","layer":"municipio"},"geometry":{"type":"MultiLineString","coordinates":[[[-5.58409,40.98442],[-5.56385,40.98927],[-5.55486,40.97634],[-5.56385,40.97473],[-5.59084,40.97957],[-5.62008,40.96665]]]}},{"type":"Feature","properties":{"name":"Anaya de Alba","layer":"municipio"},"geometry":{"type":"MultiLineString","coordinates":[[[-5.52787,40.74046],[-5.50762,40.75015],[-5.50088,40.76793],[-5.45589,40.75177],[-5.47164,40.73238],[-5.46489,40.7243],[-5.46489,40.68876],[-5.49638,40.68714],[-5.52112,40.69684],[-5.51437,40.72107],[-5.52787,40.74046]]]}},{"type":"Feature","properties":{"name":"Arabayona de M\u00f3gica","layer":"municipio"},"geometry":{"type":"MultiLineString","coordinates":[[[-5.4334,41.03127],[-5.42216,41.05712],[-5.38167,41.07166],[-5.37043,41.07489],[-5.35693,41.03774],[-5.35918,41.03127],[-5.40191,41.03127],[-5.42441,41.02319],[-5.4334,41.03127]]]}},{"type":"Feature","properties":{"name":"Armenteros","layer":"municipio"},"geometry":{"type":"MultiLineString","coordinates":[[[-5.52787,40.61767],[-5.52337,40.62737],[-5.50313,40.64029],[-5.46264,40.6306],[-5.41541,40.60959],[-5.4469,40.5789],[-5.49863,40.58213],[-5.50987,40.59021],[-5.50537,40.61283],[-5.52562,40.61606],[-5.52787,40.61767]]]}},{"type":"Feature","properties":{"name":"Arcediano","layer":"municipio"},"geometry":{"type":"MultiLineString","coordinates":[[[-5.57735,41.08782],[-5.57735,41.10236],[-5.54811,41.13144],[-5.53236,41.12659],[-5.54586,41.09105],[-5.56385,41.08136],[-5.57735,41.08782]]]}},{"type":"Feature","properties":{"name":"Babilafuente","layer":"municipio"},"geometry":{"type":"MultiLineString","coordinates":[[[-5.45814,40.99411],[-5.4469,41.01996],[-5.4334,41.03127],[-5.42441,41.02319],[-5.41991,40.99896],[-5.40416,40.98442],[-5.41991,40.97311],[-5.41316,40.95534],[-5.41991,40.94241],[-5.44015,40.95372],[-5.45814,40.99411]]]}},{"type":"Feature","properties":{"name":"Valladolid","layer":"municipio"},"geometry":{"type":"MultiLineString","coordinates":[[[-4.74967,41.58866],[-4.76766,41.54989],[-4.76991,41.54666],[-4.76541,41.5305],[-4.7879,41.52404],[-4.81264,41.52404],[-4.86213,41.55474],[-4.84638,41.5612],[-4.7924,41.56443],[-4.77441,41.5919]]]}},{"type":"Feature","properties":{"name":"B\u00f3veda del R\u00edo Almar","layer":"municipio"},"geometry":{"type":"MultiLineString","coordinates":[[[-5.25572,40.86002],[-5.23998,40.89071],[-5.19275,40.87456],[-5.18375,40.87779],[-5.17475,40.86809],[-5.1815,40.85678],[-5.24223,40.8374],[-5.25572,40.86002]]]}},{"type":"Feature","properties":{"name":"Buenavista","layer":"municipio"},"geometry":{"type":"MultiLineString","coordinates":[[[-5.58859,40.77116],[-5.58184,40.76469],[-5.60434,40.74692]]]}},{"type":"Feature","properties":{"name":"Cabezabellosa de la Calzada","layer":"municipio"},"geometry":{"type":"MultiLineString","coordinates":[[[-5.49863,41.05551],[-5.48738,41.05712],[-5.4514,41.02966],[-5.49863,41.02643],[-5.49863,41.05551]]]}},{"type":"Feature","properties":{"name":"Calvarrasa de Abajo","layer":"municipio"},"geometry":{"type":"MultiLineString","coordinates":[[[-5.56385,40.97473],[-5.55486,40.97634],[-5.53011,40.97311],[-5.51437,40.97473],[-5.49188,40.97311],[-5.48513,40.96988],[-5.48288,40.96342],[-5.50987,40.94564],[-5.55261,40.91495],[-5.55935,40.91818],[-5.55935,40.93595],[-5.5706,40.95695],[-5.56385,40.97473]]]}},{"type":"Feature","properties":{"name":"Calvarrasa de Arriba","layer":"municipio"},"geometry":{"type":"MultiLineString","coordinates":[[[-5.55935,40.91818],[-5.55261,40.91495],[-5.52562,40.90041],[-5.54811,40.87294],[-5.57735,40.88748],[-5.61333,40.88425]]]}},{"type":"Feature","properties":{"name":"Fuentesa\u00faco","layer":"municipio"},"geometry":{"type":"MultiLineString","coordinates":[[[-5.5706,41.21707],[-5.52787,41.26392],[-5.49638,41.27846],[-5.49638,41.28654],[-5.46489,41.28816],[-5.4334,41.27362],[-5.44465,41.26392],[-5.43565,41.24615],[-5.51437,41.19122],[-5.5571,41.21384],[-5.5706,41.21707]]]}},{"type":"Feature","properties":{"name":"El Campo de Pe\u00f1aranda","layer":"municipio"},"geometry":{"type":"MultiLineString","coordinates":[[[-5.33444,41.0135],[-5.3232,41.02804],[-5.29846,41.04258],[-5.26697,41.01189],[-5.26472,41.00381],[-5.23773,40.9925],[-5.21749,41.00058],[-5.19949,40.98765],[-5.21074,40.96665],[-5.25122,40.95049],[-5.28721,40.97634],[-5.28946,40.99896],[-5.32095,40.99734],[-5.33444,41.0135]]]}},{"type":"Feature","properties":{"name":"Cantalapiedra","layer":"municipio"},"geometry":{"type":"MultiLineString","coordinates":[[[-5.29621,41.13467],[-5.29171,41.15083],[-5.25347,41.14437],[-5.21749,41.15891],[-5.17925,41.16699],[-5.12527,41.13144],[-5.12977,41.10559],[-5.15226,41.08136],[-5.195,41.0862],[-5.21749,41.11367],[-5.25347,41.13467],[-5.27596,41.12983],[-5.29621,41.13467]]]}},{"type":"Feature","properties":{"name":"Cantaracillo","layer":"municipio"},"geometry":{"type":"MultiLineString","coordinates":[[[-5.1905,40.92303],[-5.1815,40.93918],[-5.14776,40.9408],[-5.12752,40.94888],[-5.11178,40.91495],[-5.11628,40.90202],[-5.12752,40.90041],[-5.16351,40.86809],[-5.17475,40.86809],[-5.18375,40.87779],[-5.1815,40.9101],[-5.1905,40.92303]]]}},{"type":"Feature","properties":{"name":"Cantalpino","layer":"municipio"},"geometry":{"type":"MultiLineString","coordinates":[[[-5.38392,41.13467],[-5.35693,41.14114],[-5.32994,41.1169],[-5.29846,41.12659],[-5.26922,41.08944],[-5.27147,41.07328],[-5.28946,41.0652],[-5.29846,41.04258],[-5.3232,41.02804],[-5.33444,41.0135],[-5.36143,41.02966],[-5.35918,41.03127],[-5.35693,41.03774],[-5.37043,41.07489],[-5.38167,41.07166],[-5.36593,41.10559],[-5.37717,41.11205],[-5.38392,41.13467]]]}},{"type":"Feature","properties":{"name":"Mart\u00edn Mu\u00f1oz de la Dehesa","layer":"municipio"},"geometry":{"type":"MultiLineString","coordinates":[[[-4.70694,41.08944],[-4.68669,41.09267],[-4.67545,41.07489],[-4.65071,41.06197],[-4.6597,41.04097],[-4.70244,41.05228],[-4.71593,41.07166],[-4.70694,41.08944]]]}},{"type":"Feature","properties":{"name":"Castellanos de Moriscos","layer":"municipio"},"geometry":{"type":"MultiLineString","coordinates":[[[-5.57735,41.04904],[-5.57285,41.04581],[-5.55935,41.02804],[-5.60883,40.99734]]]}},{"type":"Feature","properties":{"name":"Cordovilla","layer":"municipio"},"geometry":{"type":"MultiLineString","coordinates":[[[-5.44465,40.9408],[-5.44015,40.95372],[-5.41991,40.94241],[-5.41316,40.95534],[-5.37268,40.94888],[-5.37942,40.93595],[-5.41991,40.91656],[-5.44465,40.9408]]]}},{"type":"Feature","properties":{"name":"Cespedosa de Tormes","layer":"municipio"},"geometry":{"type":"MultiLineString","coordinates":[[[-5.57285,40.55951],[-5.55935,40.5692],[-5.53461,40.5692],[-5.51662,40.57728],[-5.52787,40.55466],[-5.52562,40.54012],[-5.52337,40.53043],[-5.54811,40.50781],[-5.59984,40.52073]]]}},{"type":"Feature","properties":{"name":"Coca de Alba","layer":"municipio"},"geometry":{"type":"MultiLineString","coordinates":[[[-5.38617,40.86163],[-5.38842,40.88102],[-5.36368,40.89233],[-5.33444,40.89233],[-5.32544,40.88102],[-5.35018,40.86809],[-5.38617,40.86163]]]}},{"type":"Feature","properties":{"name":"Chagarc\u00eda Medianero","layer":"municipio"},"geometry":{"type":"MultiLineString","coordinates":[[[-5.41541,40.66614],[-5.39067,40.7033],[-5.37942,40.70168],[-5.36818,40.68068],[-5.38617,40.66937],[-5.36593,40.64837],[-5.38167,40.6306],[-5.39967,40.65483],[-5.39967,40.66776],[-5.41541,40.66614]]]}},{"type":"Feature","properties":{"name":"Encinas de Abajo","layer":"municipio"},"geometry":{"type":"MultiLineString","coordinates":[[[-5.48288,40.93434],[-5.47614,40.94403],[-5.44465,40.9408],[-5.41991,40.91656],[-5.42216,40.91495],[-5.43115,40.91495],[-5.45589,40.8891],[-5.47164,40.88748],[-5.48063,40.89879],[-5.47838,40.90687],[-5.48288,40.93434]]]}},{"type":"Feature","properties":{"name":"Encinas de Arriba","layer":"municipio"},"geometry":{"type":"MultiLineString","coordinates":[[[-5.58859,40.77116],[-5.5751,40.78408],[-5.55935,40.7857],[-5.54811,40.78247],[-5.54811,40.75338],[-5.5571,40.75015],[-5.58184,40.76469],[-5.58859,40.77116]]]}},{"type":"Feature","properties":{"name":"\u00c9jeme","layer":"municipio"},"geometry":{"type":"MultiLineString","coordinates":[[[-5.54811,40.78247],[-5.50762,40.79378],[-5.50088,40.76793],[-5.50762,40.75015],[-5.52787,40.74046],[-5.54811,40.75338],[-5.54811,40.78247]]]}},{"type":"Feature","properties":{"name":"La Matilla","layer":"municipio"},"geometry":{"type":"MultiLineString","coordinates":[[[-3.81853,41.15891],[-3.81853,41.15083],[-3.82978,41.15406],[-3.81853,41.15891]],[[-3.82753,41.20091],[-3.79604,41.20414],[-3.7803,41.17506],[-3.79379,41.17022],[-3.81628,41.19122],[-3.83203,41.19284],[-3.82753,41.20091]]]}},{"type":"Feature","properties":{"name":"Espino de la Orbada","layer":"municipio"},"geometry":{"type":"MultiLineString","coordinates":[[[-5.4514,41.12498],[-5.39967,41.1476],[-5.38392,41.13467],[-5.37717,41.11205],[-5.42216,41.09267],[-5.44915,41.10882],[-5.4514,41.12498]]]}},{"type":"Feature","properties":{"name":"Melque de Cercos","layer":"municipio"},"geometry":{"type":"MultiLineString","coordinates":[[[-4.48652,41.07328],[-4.45279,41.0652],[-4.44829,41.03127],[-4.46403,41.02158],[-4.48427,41.01835],[-4.50676,41.05066],[-4.48652,41.07328]]]}},{"type":"Feature","properties":{"name":"Membibre de la Hoz","layer":"municipio"},"geometry":{"type":"MultiLineString","coordinates":[[[-4.12216,41.48042],[-4.09967,41.48688],[-4.09742,41.47719],[-4.06819,41.45618],[-4.09518,41.43195],[-4.10867,41.43356],[-4.12441,41.45457],[-4.12216,41.48042]]]}},{"type":"Feature","properties":{"name":"Gomecello","layer":"municipio"},"geometry":{"type":"MultiLineString","coordinates":[[[-5.57285,41.04581],[-5.54811,41.04581],[-5.53911,41.05712],[-5.53011,41.05389],[-5.49863,41.05551],[-5.49863,41.02643],[-5.54136,41.00865],[-5.55486,41.0135],[-5.55935,41.02804],[-5.57285,41.04581]]]}},{"type":"Feature","properties":{"name":"Gajates","layer":"municipio"},"geometry":{"type":"MultiLineString","coordinates":[[[-5.39517,40.78893],[-5.39967,40.8067],[-5.35918,40.82447],[-5.35243,40.82124],[-5.33669,40.80508],[-5.32769,40.7857],[-5.35468,40.75985],[-5.38167,40.76793],[-5.39517,40.78893]]]}},{"type":"Feature","properties":{"name":"Galinduste","layer":"municipio"},"geometry":{"type":"MultiLineString","coordinates":[[[-5.54361,40.69038],[-5.52112,40.69684],[-5.49638,40.68714],[-5.48963,40.66937],[-5.50313,40.64029],[-5.52337,40.62737],[-5.54586,40.62898],[-5.54586,40.64514],[-5.5661,40.66453],[-5.54361,40.69038]]]}},{"type":"Feature","properties":{"name":"Galisancho","layer":"municipio"},"geometry":{"type":"MultiLineString","coordinates":[[[-5.59084,40.71784],[-5.5616,40.73723],[-5.5571,40.75015],[-5.54811,40.75338],[-5.52787,40.74046],[-5.51437,40.72107],[-5.52112,40.69684],[-5.54361,40.69038],[-5.55036,40.71138],[-5.59084,40.71784]]]}},{"type":"Feature","properties":{"name":"Garcihern\u00e1ndez","layer":"municipio"},"geometry":{"type":"MultiLineString","coordinates":[[[-5.49638,40.86648],[-5.49413,40.88587],[-5.48063,40.89879],[-5.47164,40.88748],[-5.45589,40.8891],[-5.43115,40.91495],[-5.42216,40.91495],[-5.39967,40.89718],[-5.41991,40.87133],[-5.41541,40.86002],[-5.39517,40.85678],[-5.39517,40.84709],[-5.40191,40.82609],[-5.4289,40.81316],[-5.42666,40.84063],[-5.45814,40.84063],[-5.46264,40.85517],[-5.49638,40.86648]]]}},{"type":"Feature","properties":{"name":"Gallegos de Solmir\u00f3n","layer":"municipio"},"geometry":{"type":"MultiLineString","coordinates":[[[-5.50762,40.5482],[-5.43115,40.56759],[-5.42666,40.55628],[-5.4334,40.53366],[-5.4469,40.52073],[-5.4514,40.49488],[-5.46264,40.49165],[-5.48063,40.50943],[-5.49413,40.54012],[-5.50762,40.5482]]]}},{"type":"Feature","properties":{"name":"Huerta","layer":"municipio"},"geometry":{"type":"MultiLineString","coordinates":[[[-5.48513,40.96988],[-5.45814,40.99411],[-5.44015,40.95372],[-5.44465,40.9408],[-5.47614,40.94403],[-5.48288,40.96342],[-5.48513,40.96988]]]}},{"type":"Feature","properties":{"name":"Horcajo Medianero","layer":"municipio"},"geometry":{"type":"MultiLineString","coordinates":[[[-5.50313,40.64029],[-5.48963,40.66937],[-5.49638,40.68714],[-5.46489,40.68876],[-5.45814,40.68876],[-5.4379,40.66291],[-5.41541,40.66614],[-5.39967,40.66776],[-5.39967,40.65483],[-5.38167,40.6306],[-5.39742,40.61444],[-5.40866,40.60959],[-5.41541,40.60959],[-5.46264,40.6306],[-5.50313,40.64029]]]}},{"type":"Feature","properties":{"name":"Larrodrigo","layer":"municipio"},"geometry":{"type":"MultiLineString","coordinates":[[[-5.46489,40.68876],[-5.46489,40.7243],[-5.47164,40.73238],[-5.45589,40.75177],[-5.4514,40.75662],[-5.4289,40.74208],[-5.39742,40.74369],[-5.38167,40.71461],[-5.37942,40.70168],[-5.39067,40.7033],[-5.41541,40.66614],[-5.4379,40.66291],[-5.45814,40.68876],[-5.46489,40.68876]]]}},{"type":"Feature","properties":{"name":"Macotera","layer":"municipio"},"geometry":{"type":"MultiLineString","coordinates":[[[-5.35243,40.82124],[-5.32769,40.84063],[-5.31195,40.86486],[-5.25572,40.86002],[-5.24223,40.8374],[-5.24223,40.83578],[-5.24448,40.83417],[-5.29396,40.81316],[-5.31645,40.82124],[-5.33669,40.80508],[-5.35243,40.82124]]]}},{"type":"Feature","properties":{"name":"Machac\u00f3n","layer":"municipio"},"geometry":{"type":"MultiLineString","coordinates":[[[-5.55261,40.91495],[-5.50987,40.94564],[-5.48288,40.93434],[-5.47838,40.90687],[-5.50762,40.90849],[-5.52562,40.90041],[-5.55261,40.91495]]]}},{"type":"Feature","properties":{"name":"Malpartida","layer":"municipio"},"geometry":{"type":"MultiLineString","coordinates":[[[-5.26247,40.75823],[-5.23548,40.77923],[-5.22423,40.77762],[-5.21974,40.77277],[-5.21524,40.75823],[-5.25572,40.73884],[-5.26247,40.75823]]]}},{"type":"Feature","properties":{"name":"Mancera de Abajo","layer":"municipio"},"geometry":{"type":"MultiLineString","coordinates":[[[-5.24223,40.8374],[-5.1815,40.85678],[-5.17475,40.86809],[-5.16351,40.86809],[-5.16351,40.86486],[-5.16801,40.84063],[-5.15901,40.81963],[-5.177,40.80508],[-5.21524,40.8277],[-5.24223,40.83578],[-5.24223,40.8374]]]}},{"type":"Feature","properties":{"name":"Martinamor","layer":"municipio"},"geometry":{"type":"MultiLineString","coordinates":[[[-5.58184,40.81155],[-5.55261,40.80993],[-5.54811,40.79539],[-5.55935,40.7857],[-5.5751,40.78408],[-5.58859,40.77116],[-5.61333,40.78085]]]}},{"type":"Feature","properties":{"name":"Moriscos","layer":"municipio"},"geometry":{"type":"MultiLineString","coordinates":[[[-5.55935,41.02804],[-5.55486,41.0135],[-5.54136,41.00865],[-5.54811,41.00381],[-5.56385,40.98927],[-5.58409,40.98442],[-5.60883,40.99734]]]}},{"type":"Feature","properties":{"name":"Mor\u00ed\u00f1igo","layer":"municipio"},"geometry":{"type":"MultiLineString","coordinates":[[[-5.41316,40.95534],[-5.41991,40.97311],[-5.40416,40.98442],[-5.39292,40.97473],[-5.36818,40.95534],[-5.37268,40.94888],[-5.41316,40.95534]]]}},{"type":"Feature","properties":{"name":"Navamorales","layer":"municipio"},"geometry":{"type":"MultiLineString","coordinates":[[[-5.50762,40.47227],[-5.50537,40.49812],[-5.48063,40.50943],[-5.46264,40.49165],[-5.46264,40.48519],[-5.46489,40.4658],[-5.48063,40.45611],[-5.50762,40.46257],[-5.50762,40.47227]]]}},{"type":"Feature","properties":{"name":"Nava de Sotrobal","layer":"municipio"},"geometry":{"type":"MultiLineString","coordinates":[[[-5.33444,40.89233],[-5.32769,40.90525],[-5.31645,40.92141],[-5.29621,40.92464],[-5.25122,40.92464],[-5.24897,40.91818],[-5.25347,40.90687],[-5.23998,40.89071],[-5.25572,40.86002],[-5.31195,40.86486],[-5.32544,40.88102],[-5.33444,40.89233]]]}},{"type":"Feature","properties":{"name":"Navales","layer":"municipio"},"geometry":{"type":"MultiLineString","coordinates":[[[-5.50762,40.79378],[-5.48513,40.80347],[-5.4514,40.79216],[-5.4514,40.75662],[-5.45589,40.75177],[-5.50088,40.76793],[-5.50762,40.79378]]]}},{"type":"Feature","properties":{"name":"Navafr\u00eda","layer":"municipio"},"geometry":{"type":"MultiLineString","coordinates":[[[-3.84552,40.9828],[-3.85677,41.02643],[-3.85002,41.06682],[-3.83203,41.0862],[-3.81179,41.06682],[-3.80954,41.04097],[-3.82978,40.98604],[-3.84552,40.9828]]]}},{"type":"Feature","properties":{"name":"Negrilla de Palencia","layer":"municipio"},"geometry":{"type":"MultiLineString","coordinates":[[[-5.57735,41.10236],[-5.57735,41.08782],[-5.59534,41.07489]]]}},{"type":"Feature","properties":{"name":"La Orbada","layer":"municipio"},"geometry":{"type":"MultiLineString","coordinates":[[[-5.50088,41.12821],[-5.47164,41.14114],[-5.4514,41.12498],[-5.44915,41.10882],[-5.42216,41.09267],[-5.43115,41.07651],[-5.47614,41.07813],[-5.49188,41.0959],[-5.50313,41.10236],[-5.50088,41.12821]]]}},{"type":"Feature","properties":{"name":"Pajares de la Laguna","layer":"municipio"},"geometry":{"type":"MultiLineString","coordinates":[[[-5.52562,41.08136],[-5.51662,41.12659],[-5.50088,41.12821],[-5.50313,41.10236],[-5.49188,41.0959],[-5.50313,41.07651],[-5.52562,41.08136]]]}},{"type":"Feature","properties":{"name":"Parada de Rubiales","layer":"municipio"},"geometry":{"type":"MultiLineString","coordinates":[[[-5.47389,41.15406],[-5.47614,41.17829],[-5.4424,41.18476],[-5.40866,41.18637],[-5.39742,41.16375],[-5.39967,41.1476],[-5.4514,41.12498],[-5.47164,41.14114],[-5.47389,41.15406]]]}},{"type":"Feature","properties":{"name":"Palaciosrubios","layer":"municipio"},"geometry":{"type":"MultiLineString","coordinates":[[[-5.23998,41.05551],[-5.20399,41.07489],[-5.195,41.0862],[-5.15226,41.08136],[-5.14551,41.0442],[-5.177,41.02804],[-5.23098,41.03289],[-5.23998,41.05551]]]}},{"type":"Feature","properties":{"name":"Aldeanueva de la Serrezuela","layer":"municipio"},"geometry":{"type":"MultiLineString","coordinates":[[[-3.82303,41.48042],[-3.78705,41.48526],[-3.7713,41.48203],[-3.76905,41.45941],[-3.74431,41.46103],[-3.73981,41.45134],[-3.77355,41.44164],[-3.79154,41.43195],[-3.80729,41.45941],[-3.82303,41.48042]]]}},{"type":"Feature","properties":{"name":"Paradinas de San Juan","layer":"municipio"},"geometry":{"type":"MultiLineString","coordinates":[[[-5.21074,40.96665],[-5.19949,40.98765],[-5.16351,41.00704],[-5.13652,40.98765],[-5.12752,40.95372],[-5.12752,40.94888],[-5.14776,40.9408],[-5.1815,40.93918],[-5.1905,40.95695],[-5.21074,40.96665]]]}},{"type":"Feature","properties":{"name":"El Pedroso de la Armu\u00f1a","layer":"municipio"},"geometry":{"type":"MultiLineString","coordinates":[[[-5.43115,41.07651],[-5.42216,41.09267],[-5.37717,41.11205],[-5.36593,41.10559],[-5.38167,41.07166],[-5.42216,41.05712],[-5.43115,41.07651]]]}},{"type":"Feature","properties":{"name":"Pedraza de Alba","layer":"municipio"},"geometry":{"type":"MultiLineString","coordinates":[[[-5.39742,40.74369],[-5.38167,40.76793],[-5.35468,40.75985],[-5.33444,40.74854],[-5.32769,40.7243],[-5.35918,40.72269],[-5.38167,40.71461],[-5.39742,40.74369]]]}},{"type":"Feature","properties":{"name":"Pedrosillo de Alba","layer":"municipio"},"geometry":{"type":"MultiLineString","coordinates":[[[-5.4424,40.79862],[-5.4289,40.81316],[-5.40191,40.82609],[-5.39517,40.84709],[-5.35918,40.82447],[-5.39967,40.8067],[-5.39517,40.78893],[-5.41091,40.7857],[-5.4424,40.79862]]]}},{"type":"Feature","properties":{"name":"Pedrosillo el Ralo","layer":"municipio"},"geometry":{"type":"MultiLineString","coordinates":[[[-5.57735,41.04904],[-5.55935,41.07328],[-5.53911,41.07651],[-5.53686,41.06359],[-5.53911,41.05712],[-5.54811,41.04581],[-5.57285,41.04581],[-5.57735,41.04904]]]}},{"type":"Feature","properties":{"name":"Pelabravo","layer":"municipio"},"geometry":{"type":"MultiLineString","coordinates":[[[-5.59084,40.97957],[-5.56385,40.97473],[-5.5706,40.95695],[-5.55935,40.93595],[-5.55935,40.91818],[-5.60434,40.91979]]]}},{"type":"Feature","properties":{"name":"Pelayos","layer":"municipio"},"geometry":{"type":"MultiLineString","coordinates":[[[-5.59084,40.71784],[-5.55036,40.71138],[-5.54361,40.69038],[-5.5661,40.66453],[-5.54586,40.64514],[-5.54586,40.62898],[-5.52337,40.62737],[-5.52787,40.61767],[-5.5571,40.60636],[-5.5706,40.6209],[-5.58859,40.61929],[-5.59984,40.62898]]]}},{"type":"Feature","properties":{"name":"Pe\u00f1aranda de Bracamonte","layer":"municipio"},"geometry":{"type":"MultiLineString","coordinates":[[[-5.24897,40.91818],[-5.1905,40.92303],[-5.1815,40.9101],[-5.18375,40.87779],[-5.19275,40.87456],[-5.23998,40.89071],[-5.25347,40.90687],[-5.24897,40.91818]]]}},{"type":"Feature","properties":{"name":"Pe\u00f1arandilla","layer":"municipio"},"geometry":{"type":"MultiLineString","coordinates":[[[-5.39967,40.89718],[-5.37493,40.90041],[-5.36368,40.89233],[-5.38842,40.88102],[-5.38617,40.86163],[-5.39517,40.85678],[-5.41541,40.86002],[-5.41991,40.87133],[-5.39967,40.89718]]]}},{"type":"Feature","properties":{"name":"Pitiegua","layer":"municipio"},"geometry":{"type":"MultiLineString","coordinates":[[[-5.48738,41.05712],[-5.47614,41.07813],[-5.43115,41.07651],[-5.42216,41.05712],[-5.4334,41.03127],[-5.4469,41.01996],[-5.4514,41.02966],[-5.48738,41.05712]]]}},{"type":"Feature","properties":{"name":"Poveda de las Cintas","layer":"municipio"},"geometry":{"type":"MultiLineString","coordinates":[[[-5.29846,41.04258],[-5.28946,41.0652],[-5.27147,41.07328],[-5.23998,41.05551],[-5.23098,41.03289],[-5.23548,41.02319],[-5.26697,41.01189],[-5.29846,41.04258]]]}},{"type":"Feature","properties":{"name":"Puente del Congosto","layer":"municipio"},"geometry":{"type":"MultiLineString","coordinates":[[[-5.5616,40.47711],[-5.54811,40.50781],[-5.52337,40.53043],[-5.52562,40.54012],[-5.50762,40.5482],[-5.49413,40.54012],[-5.48063,40.50943],[-5.50537,40.49812],[-5.50762,40.47227],[-5.55935,40.46742],[-5.5616,40.47711]]]}},{"type":"Feature","properties":{"name":"R\u00e1gama","layer":"municipio"},"geometry":{"type":"MultiLineString","coordinates":[[[-5.16351,41.00704],[-5.14102,41.03774],[-5.10728,41.02966],[-5.08929,40.99734],[-5.09828,40.97796],[-5.11628,40.95372],[-5.12752,40.95372],[-5.13652,40.98765],[-5.16351,41.00704]]]}},{"type":"Feature","properties":{"name":"Salmoral","layer":"municipio"},"geometry":{"type":"MultiLineString","coordinates":[[[-5.24448,40.83417],[-5.24223,40.83578],[-5.21524,40.8277],[-5.177,40.80508],[-5.17925,40.79701],[-5.21974,40.77277],[-5.22423,40.77762],[-5.23548,40.78893],[-5.24448,40.83417]]]}},{"type":"Feature","properties":{"name":"Salvatierra de Tormes","layer":"municipio"},"geometry":{"type":"MultiLineString","coordinates":[[[-5.58859,40.61929],[-5.5706,40.6209],[-5.5571,40.60636],[-5.52787,40.61767],[-5.52562,40.61606],[-5.55036,40.59828],[-5.53461,40.5692],[-5.55935,40.5692],[-5.57285,40.55951],[-5.61783,40.56274]]]}},{"type":"Feature","properties":{"name":"Aldeanueva del Codonal","layer":"municipio"},"geometry":{"type":"MultiLineString","coordinates":[[[-4.56749,41.10559],[-4.55175,41.10074],[-4.50676,41.10236],[-4.50227,41.09267],[-4.49777,41.07813],[-4.51126,41.06682],[-4.55849,41.06359],[-4.57199,41.07651],[-4.56749,41.10559]]]}},{"type":"Feature","properties":{"name":"San Morales","layer":"municipio"},"geometry":{"type":"MultiLineString","coordinates":[[[-5.51437,40.97473],[-5.51437,41.00381],[-5.48963,40.98604],[-5.49188,40.97311],[-5.51437,40.97473]]]}},{"type":"Feature","properties":{"name":"Santiago de la Puebla","layer":"municipio"},"geometry":{"type":"MultiLineString","coordinates":[[[-5.35468,40.75985],[-5.32769,40.7857],[-5.33669,40.80508],[-5.31645,40.82124],[-5.29396,40.81316],[-5.24448,40.83417],[-5.23548,40.78893],[-5.22423,40.77762],[-5.23548,40.77923],[-5.26247,40.75823],[-5.3052,40.76793],[-5.33444,40.74854],[-5.35468,40.75985]]]}},{"type":"Feature","properties":{"name":"Santib\u00e1\u00f1ez de B\u00e9jar","layer":"municipio"},"geometry":{"type":"MultiLineString","coordinates":[[[-5.54811,40.50781],[-5.5616,40.47711],[-5.59084,40.46742],[-5.62233,40.4658]]]}},{"type":"Feature","properties":{"name":"Adrada de Pir\u00f3n","layer":"municipio"},"geometry":{"type":"MultiLineString","coordinates":[[[-4.07943,41.07813],[-4.07043,41.07005],[-4.04345,41.07166],[-4.0232,41.05389],[-4.0322,41.04581],[-4.07718,41.05389],[-4.07943,41.07813]]]}},{"type":"Feature","properties":{"name":"Sieteiglesias de Tormes","layer":"municipio"},"geometry":{"type":"MultiLineString","coordinates":[[[-5.58184,40.76469],[-5.5571,40.75015],[-5.5616,40.73723],[-5.59084,40.71784],[-5.59759,40.71299]]]}},{"type":"Feature","properties":{"name":"La Tala","layer":"municipio"},"geometry":{"type":"MultiLineString","coordinates":[[[-5.53461,40.5692],[-5.55036,40.59828],[-5.52562,40.61606],[-5.50537,40.61283],[-5.50987,40.59021],[-5.51662,40.57728],[-5.53461,40.5692]]]}},{"type":"Feature","properties":{"name":"Tarazona de Guare\u00f1a","layer":"municipio"},"geometry":{"type":"MultiLineString","coordinates":[[[-5.29171,41.15083],[-5.29846,41.16052],[-5.28946,41.18153],[-5.28946,41.19607],[-5.25347,41.1993],[-5.22873,41.1896],[-5.21749,41.15891],[-5.25347,41.14437],[-5.29171,41.15083]]]}},{"type":"Feature","properties":{"name":"Aldea Real","layer":"municipio"},"geometry":{"type":"MultiLineString","coordinates":[[[-4.25486,41.18314],[-4.20538,41.18314],[-4.18289,41.20576],[-4.15365,41.20738],[-4.12891,41.20576],[-4.11767,41.19445],[-4.13791,41.18637],[-4.1559,41.15729],[-4.17389,41.17022],[-4.20313,41.17345],[-4.20538,41.18314],[-4.23687,41.17668],[-4.25486,41.18314]]]}},{"type":"Feature","properties":{"name":"Tard\u00e1guila","layer":"municipio"},"geometry":{"type":"MultiLineString","coordinates":[[[-5.56835,41.1686],[-5.5661,41.1476],[-5.54811,41.13144],[-5.57735,41.10236],[-5.59984,41.11205]]]}},{"type":"Feature","properties":{"name":"El Tejado","layer":"municipio"},"geometry":{"type":"MultiLineString","coordinates":[[[-5.57285,40.44803],[-5.55935,40.46742],[-5.50762,40.47227],[-5.50762,40.46257],[-5.52112,40.44642],[-5.51212,40.42864],[-5.54586,40.4238],[-5.57285,40.44803]]]}},{"type":"Feature","properties":{"name":"Terradillos","layer":"municipio"},"geometry":{"type":"MultiLineString","coordinates":[[[-5.57735,40.88748],[-5.54811,40.87294],[-5.5571,40.86002],[-5.52562,40.82932],[-5.54811,40.81316],[-5.54586,40.82124],[-5.61108,40.85194]]]}},{"type":"Feature","properties":{"name":"Tordillos","layer":"municipio"},"geometry":{"type":"MultiLineString","coordinates":[[[-5.39517,40.84709],[-5.39517,40.85678],[-5.38617,40.86163],[-5.35018,40.86809],[-5.32544,40.88102],[-5.31195,40.86486],[-5.32769,40.84063],[-5.35243,40.82124],[-5.35918,40.82447],[-5.39517,40.84709]]]}},{"type":"Feature","properties":{"name":"Valdecarros","layer":"municipio"},"geometry":{"type":"MultiLineString","coordinates":[[[-5.4514,40.75662],[-5.4514,40.79216],[-5.4424,40.79862],[-5.41091,40.7857],[-5.39517,40.78893],[-5.38167,40.76793],[-5.39742,40.74369],[-5.4289,40.74208],[-5.4514,40.75662]]]}},{"type":"Feature","properties":{"name":"Valdemierque","layer":"municipio"},"geometry":{"type":"MultiLineString","coordinates":[[[-5.54586,40.82124],[-5.54811,40.81316],[-5.55261,40.80993],[-5.58184,40.81155],[-5.61333,40.82124]]]}},{"type":"Feature","properties":{"name":"Villaflores","layer":"municipio"},"geometry":{"type":"MultiLineString","coordinates":[[[-5.29846,41.12659],[-5.29621,41.13467],[-5.27596,41.12983],[-5.25347,41.13467],[-5.21749,41.11367],[-5.195,41.0862],[-5.20399,41.07489],[-5.23998,41.05551],[-5.27147,41.07328],[-5.26922,41.08944],[-5.29846,41.12659]]]}},{"type":"Feature","properties":{"name":"La Vell\u00e9s","layer":"municipio"},"geometry":{"type":"MultiLineString","coordinates":[[[-5.57735,41.08782],[-5.56385,41.08136],[-5.54586,41.09105],[-5.53236,41.12659],[-5.51662,41.12659],[-5.52562,41.08136],[-5.53911,41.07651],[-5.55935,41.07328],[-5.57735,41.04904],[-5.60658,41.05228]]]}},{"type":"Feature","properties":{"name":"Ventosa del R\u00edo Almar","layer":"municipio"},"geometry":{"type":"MultiLineString","coordinates":[[[-5.37942,40.93595],[-5.37268,40.94888],[-5.36818,40.95534],[-5.34569,40.95857],[-5.32994,40.95049],[-5.31645,40.92141],[-5.32769,40.90525],[-5.37942,40.93595]]]}},{"type":"Feature","properties":{"name":"Aldeaso\u00f1a","layer":"municipio"},"geometry":{"type":"MultiLineString","coordinates":[[[-4.09967,41.48688],[-4.07493,41.49496],[-4.07268,41.4885],[-4.0232,41.48365],[-4.02545,41.46911],[-4.0412,41.45134],[-4.05469,41.46103],[-4.06819,41.45618],[-4.09742,41.47719],[-4.09967,41.48688]]]}},{"type":"Feature","properties":{"name":"Villagonzalo de Tormes","layer":"municipio"},"geometry":{"type":"MultiLineString","coordinates":[[[-5.54811,40.87294],[-5.52562,40.90041],[-5.50762,40.90849],[-5.47838,40.90687],[-5.48063,40.89879],[-5.49413,40.88587],[-5.49638,40.86648],[-5.50987,40.86002],[-5.53011,40.86648],[-5.5571,40.86002],[-5.54811,40.87294]],[[-5.48288,40.96342],[-5.47614,40.94403],[-5.48288,40.93434],[-5.50987,40.94564],[-5.48288,40.96342]]]}},{"type":"Feature","properties":{"name":"Villar de Gallimazo","layer":"municipio"},"geometry":{"type":"MultiLineString","coordinates":[[[-5.34569,40.95857],[-5.32769,40.97149],[-5.32095,40.99734],[-5.28946,40.99896],[-5.28721,40.97634],[-5.25122,40.95049],[-5.25122,40.92464],[-5.29621,40.92464],[-5.31645,40.92141],[-5.32994,40.95049],[-5.34569,40.95857]]]}},{"type":"Feature","properties":{"name":"A\u00f1e","layer":"municipio"},"geometry":{"type":"MultiLineString","coordinates":[[[-4.30884,41.04743],[-4.2931,41.05874],[-4.26836,41.05389],[-4.2751,41.03127],[-4.27735,41.01996],[-4.2886,41.0135],[-4.2976,41.01996],[-4.30884,41.02643],[-4.30884,41.04743]]]}},{"type":"Feature","properties":{"name":"Adrados","layer":"municipio"},"geometry":{"type":"MultiLineString","coordinates":[[[-4.1514,41.36732],[-4.13566,41.38833],[-4.11317,41.3964],[-4.07943,41.36571],[-4.05919,41.33501],[-4.08843,41.35278],[-4.12441,41.35601],[-4.1514,41.36732]]]}},{"type":"Feature","properties":{"name":"Villaverde de Guare\u00f1a","layer":"municipio"},"geometry":{"type":"MultiLineString","coordinates":[[[-5.53911,41.07651],[-5.52562,41.08136],[-5.50313,41.07651],[-5.49188,41.0959],[-5.47614,41.07813],[-5.48738,41.05712],[-5.49863,41.05551],[-5.53011,41.05389],[-5.53686,41.06359],[-5.53911,41.07651]]]}},{"type":"Feature","properties":{"name":"Aldealengua de Pedraza","layer":"municipio"},"geometry":{"type":"MultiLineString","coordinates":[[[-3.83203,41.10074],[-3.82303,41.10882],[-3.80279,41.09428],[-3.7848,41.06359],[-3.78255,41.0442],[-3.7668,41.01996],[-3.7713,41.01189],[-3.7803,41.00058],[-3.80954,40.98765],[-3.82978,40.98604],[-3.80954,41.04097],[-3.81179,41.06682],[-3.83203,41.0862],[-3.83203,41.10074]]]}},{"type":"Feature","properties":{"name":"Villoria","layer":"municipio"},"geometry":{"type":"MultiLineString","coordinates":[[[-5.39292,40.97473],[-5.39292,40.99411],[-5.36143,41.02966],[-5.33444,41.0135],[-5.32095,40.99734],[-5.32769,40.97149],[-5.34569,40.95857],[-5.36818,40.95534],[-5.39292,40.97473]]]}},{"type":"Feature","properties":{"name":"Villoruela","layer":"municipio"},"geometry":{"type":"MultiLineString","coordinates":[[[-5.42441,41.02319],[-5.40191,41.03127],[-5.35918,41.03127],[-5.36143,41.02966],[-5.39292,40.99411],[-5.39292,40.97473],[-5.40416,40.98442],[-5.41991,40.99896],[-5.42441,41.02319]]]}},{"type":"Feature","properties":{"name":"Aldealengua de Santa Mar\u00eda","layer":"municipio"},"geometry":{"type":"MultiLineString","coordinates":[[[-3.48791,41.48203],[-3.46542,41.49496],[-3.42719,41.47072],[-3.45867,41.44164],[-3.46767,41.44003],[-3.49016,41.46265],[-3.48791,41.48203]]]}},{"type":"Feature","properties":{"name":"Zorita de la Frontera","layer":"municipio"},"geometry":{"type":"MultiLineString","coordinates":[[[-5.26697,41.01189],[-5.23548,41.02319],[-5.23098,41.03289],[-5.177,41.02804],[-5.14551,41.0442],[-5.14102,41.03774],[-5.16351,41.00704],[-5.19949,40.98765],[-5.21749,41.00058],[-5.23773,40.9925],[-5.26472,41.00381],[-5.26697,41.01189]]]}},{"type":"Feature","properties":{"name":"Coto Mancomunado","layer":"municipio"},"geometry":{"type":"MultiLineString","coordinates":[[[-5.53911,41.05712],[-5.53686,41.06359],[-5.53011,41.05389],[-5.53911,41.05712]]]}},{"type":"Feature","properties":{"name":"Abades","layer":"municipio"},"geometry":{"type":"MultiLineString","coordinates":[[[-4.33583,40.92303],[-4.33133,40.9311],[-4.30884,40.92626],[-4.2886,40.94241],[-4.2751,40.93272],[-4.24587,40.93918],[-4.23687,40.91172],[-4.22562,40.90525],[-4.25036,40.89071],[-4.27286,40.88748],[-4.31784,40.90202],[-4.33583,40.92303]]]}},{"type":"Feature","properties":{"name":"Aguilafuente","layer":"municipio"},"geometry":{"type":"MultiLineString","coordinates":[[[-4.15365,41.25423],[-4.13566,41.26231],[-4.12891,41.272],[-4.08168,41.27685],[-4.04794,41.25584],[-4.0412,41.23807],[-4.09293,41.1896],[-4.11767,41.19445],[-4.12891,41.20576],[-4.15365,41.20738],[-4.14466,41.23646],[-4.15365,41.25423]]]}},{"type":"Feature","properties":{"name":"Alconada de Maderuelo","layer":"municipio"},"geometry":{"type":"MultiLineString","coordinates":[[[-3.51715,41.4481],[-3.5149,41.46749],[-3.48791,41.48203],[-3.49016,41.46265],[-3.46767,41.44003],[-3.45867,41.44164],[-3.45867,41.44003],[-3.50591,41.43356],[-3.5104,41.43841],[-3.51715,41.4481]]]}},{"type":"Feature","properties":{"name":"Aldealcorvo","layer":"municipio"},"geometry":{"type":"MultiLineString","coordinates":[[[-3.81179,41.25908],[-3.78929,41.26877],[-3.7758,41.23807],[-3.77805,41.23484],[-3.79604,41.23646],[-3.81179,41.25908]]]}},{"type":"Feature","properties":{"name":"Aldehorno","layer":"municipio"},"geometry":{"type":"MultiLineString","coordinates":[[[-3.80279,41.52404],[-3.79604,41.52242],[-3.7668,41.53858],[-3.7713,41.52081],[-3.7713,41.48203],[-3.78705,41.48526],[-3.79829,41.49173],[-3.80279,41.52404]]]}},{"type":"Feature","properties":{"name":"Aldehuela del Codonal","layer":"municipio"},"geometry":{"type":"MultiLineString","coordinates":[[[-4.55849,41.06359],[-4.51126,41.06682],[-4.51351,41.04581],[-4.5315,41.04581],[-4.55849,41.02643],[-4.56749,41.04258],[-4.55849,41.06359]]]}},{"type":"Feature","properties":{"name":"Aldeonte","layer":"municipio"},"geometry":{"type":"MultiLineString","coordinates":[[[-3.71058,41.33986],[-3.70158,41.33986],[-3.67684,41.30916],[-3.68359,41.30593],[-3.70383,41.3027],[-3.73756,41.31562],[-3.74431,41.32855],[-3.71058,41.33986]],[[-3.68359,41.36571],[-3.6476,41.36571],[-3.6431,41.35763],[-3.66334,41.34309],[-3.68808,41.34955],[-3.68359,41.36571]]]}},{"type":"Feature","properties":{"name":"Anaya","layer":"municipio"},"geometry":{"type":"MultiLineString","coordinates":[[[-4.32908,40.99734],[-4.32683,41.01189],[-4.2976,41.01996],[-4.2886,41.0135],[-4.2976,40.97473],[-4.31109,40.9618],[-4.32908,40.96988],[-4.32683,40.97957],[-4.32908,40.99734]]]}},{"type":"Feature","properties":{"name":"Arcones","layer":"municipio"},"geometry":{"type":"MultiLineString","coordinates":[[[-3.76231,41.11852],[-3.75781,41.13952],[-3.72182,41.15244],[-3.68808,41.11205],[-3.68808,41.08459],[-3.70608,41.07651],[-3.71507,41.07166],[-3.73756,41.10236],[-3.76231,41.11852]]]}},{"type":"Feature","properties":{"name":"Arevalillo de Cega","layer":"municipio"},"geometry":{"type":"MultiLineString","coordinates":[[[-3.90625,41.17668],[-3.89051,41.19122],[-3.86801,41.17991],[-3.86576,41.16699],[-3.87476,41.15083],[-3.89051,41.15083],[-3.9085,41.16537],[-3.90625,41.17668]]]}},{"type":"Feature","properties":{"name":"Armu\u00f1a","layer":"municipio"},"geometry":{"type":"MultiLineString","coordinates":[[[-4.2751,41.03127],[-4.25936,41.04581],[-4.22787,41.05874],[-4.20538,41.05389],[-4.20088,41.04258],[-4.20313,41.03774],[-4.24587,41.01512],[-4.26836,41.01027],[-4.27735,41.01996],[-4.2751,41.03127]],[[-4.30659,41.10882],[-4.2886,41.0959],[-4.27735,41.07974],[-4.26836,41.05389],[-4.2931,41.05874],[-4.30884,41.04743],[-4.34483,41.06359],[-4.33358,41.08136],[-4.33133,41.10074],[-4.30659,41.10882]]]}},{"type":"Feature","properties":{"name":"Ayll\u00f3n","layer":"municipio"},"geometry":{"type":"MultiLineString","coordinates":[[[-3.44968,41.36732],[-3.44743,41.38186],[-3.42494,41.40287],[-3.44743,41.42064],[-3.44293,41.42549],[-3.42494,41.43518],[-3.40245,41.42387],[-3.37995,41.44164],[-3.36421,41.46749],[-3.35072,41.4578],[-3.33047,41.46103],[-3.34622,41.42872],[-3.34172,41.41741],[-3.34622,41.3964],[-3.32822,41.37702],[-3.272,41.35278],[-3.26975,41.34147],[-3.23601,41.31885],[-3.20677,41.30431],[-3.23826,41.28816],[-3.254,41.25908],[-3.27425,41.26069],[-3.27649,41.27523],[-3.27649,41.29462],[-3.29899,41.33663],[-3.31698,41.3447],[-3.35521,41.33339],[-3.36646,41.36248],[-3.3912,41.34309],[-3.40469,41.3754],[-3.42494,41.38025],[-3.44968,41.36732]]]}},{"type":"Feature","properties":{"name":"Castrojimeno","layer":"municipio"},"geometry":{"type":"MultiLineString","coordinates":[[[-3.89051,41.3964],[-3.84552,41.41256],[-3.82078,41.42872],[-3.81403,41.43033],[-3.81628,41.40448],[-3.83203,41.38348],[-3.85452,41.37702],[-3.89051,41.3964]]]}},{"type":"Feature","properties":{"name":"Barbolla","layer":"municipio"},"geometry":{"type":"MultiLineString","coordinates":[[[-3.70158,41.33986],[-3.68808,41.34955],[-3.66334,41.34309],[-3.6386,41.3237],[-3.62286,41.3027],[-3.6386,41.27685],[-3.65885,41.28169],[-3.68359,41.30593],[-3.67684,41.30916],[-3.70158,41.33986]]]}},{"type":"Feature","properties":{"name":"Basardilla","layer":"municipio"},"geometry":{"type":"MultiLineString","coordinates":[[[-4.04569,41.01512],[-4.04569,41.02481],[-4.02545,41.03774],[-4.00971,41.03612],[-3.95348,40.98604],[-3.91525,40.97311],[-3.8995,40.95857],[-3.904,40.95695],[-3.90625,40.96342],[-3.95123,40.97149],[-3.98272,40.99411],[-3.99621,41.01189],[-4.01871,41.01673],[-4.04345,41.01189],[-4.04569,41.01512]]]}},{"type":"Feature","properties":{"name":"Bercial","layer":"municipio"},"geometry":{"type":"MultiLineString","coordinates":[[[-4.47078,40.91495],[-4.4168,40.91172],[-4.4123,40.91979],[-4.40555,40.91172],[-4.40555,40.88263],[-4.41455,40.86486],[-4.44604,40.88102],[-4.47303,40.90525],[-4.47078,40.91495]]]}},{"type":"Feature","properties":{"name":"Bernardos","layer":"municipio"},"geometry":{"type":"MultiLineString","coordinates":[[[-4.37407,41.17183],[-4.36057,41.17991],[-4.32683,41.17022],[-4.31334,41.13629],[-4.30659,41.10882],[-4.33133,41.10074],[-4.34033,41.10721],[-4.33583,41.1169],[-4.35382,41.12498],[-4.36057,41.1379],[-4.38306,41.15729],[-4.37407,41.17183]]]}},{"type":"Feature","properties":{"name":"Bernuy de Porreros","layer":"municipio"},"geometry":{"type":"MultiLineString","coordinates":[[[-4.12891,40.98927],[-4.12216,41.01996],[-4.10642,41.02158],[-4.09518,41.00542],[-4.10417,40.98604],[-4.11317,40.97796],[-4.12891,40.98927]]]}},{"type":"Feature","properties":{"name":"Boceguillas","layer":"municipio"},"geometry":{"type":"MultiLineString","coordinates":[[[-3.66334,41.34309],[-3.6431,41.35763],[-3.62736,41.36732],[-3.59362,41.35924],[-3.59137,41.34309],[-3.56663,41.31885],[-3.55314,41.30108],[-3.55539,41.28169],[-3.58013,41.29624],[-3.62286,41.3027],[-3.6386,41.3237],[-3.66334,41.34309]]]}},{"type":"Feature","properties":{"name":"Brieva","layer":"municipio"},"geometry":{"type":"MultiLineString","coordinates":[[[-4.08393,41.03612],[-4.07718,41.05389],[-4.0322,41.04581],[-4.0232,41.05389],[-4.01646,41.05389],[-4.01646,41.05228],[-4.00971,41.03612],[-4.02545,41.03774],[-4.04569,41.02481],[-4.04569,41.01512],[-4.08393,41.03612]]]}},{"type":"Feature","properties":{"name":"Caballar","layer":"municipio"},"geometry":{"type":"MultiLineString","coordinates":[[[-3.96922,41.14598],[-3.95573,41.14275],[-3.94223,41.12821],[-3.94898,41.09913],[-3.96248,41.09913],[-3.99172,41.11852],[-3.99396,41.12983],[-3.96922,41.14598]]]}},{"type":"Feature","properties":{"name":"Caba\u00f1as de Polendos","layer":"municipio"},"geometry":{"type":"MultiLineString","coordinates":[[[-4.13791,41.04743],[-4.13566,41.04904],[-4.11092,41.07813],[-4.08618,41.08136],[-4.07943,41.07813],[-4.07718,41.05389],[-4.08393,41.03612],[-4.10642,41.02158],[-4.12216,41.01996],[-4.13116,41.02481],[-4.13791,41.04743]]]}},{"type":"Feature","properties":{"name":"Castroserna de Abajo","layer":"municipio"},"geometry":{"type":"MultiLineString","coordinates":[[[-3.7668,41.21707],[-3.72407,41.22515],[-3.71058,41.20576],[-3.73532,41.18637],[-3.73532,41.17506],[-3.7668,41.21707]]]}},{"type":"Feature","properties":{"name":"Cabezuela","layer":"municipio"},"geometry":{"type":"MultiLineString","coordinates":[[[-4.0412,41.23807],[-4.01646,41.23646],[-4.01196,41.26231],[-3.99396,41.25584],[-3.97822,41.23323],[-3.94223,41.24454],[-3.91075,41.24292],[-3.88601,41.21869],[-3.904,41.22676],[-3.93324,41.20091],[-3.94898,41.20899],[-3.96023,41.1993],[-3.96473,41.20091],[-3.98047,41.20414],[-3.98722,41.2203],[-4.02545,41.23484],[-4.03445,41.23484],[-4.0412,41.23807]]]}},{"type":"Feature","properties":{"name":"Calabazas de Fuentidue\u00f1a","layer":"municipio"},"geometry":{"type":"MultiLineString","coordinates":[[[-4.0412,41.45134],[-4.02545,41.46911],[-3.98722,41.46911],[-3.99396,41.43518],[-4.01421,41.4271],[-4.0412,41.45134]]]}},{"type":"Feature","properties":{"name":"Campo de San Pedro","layer":"municipio"},"geometry":{"type":"MultiLineString","coordinates":[[[-3.60936,41.50627],[-3.56663,41.50788],[-3.55764,41.4885],[-3.53739,41.47072],[-3.54414,41.44649],[-3.51715,41.4481],[-3.5104,41.43841],[-3.51265,41.41741],[-3.54864,41.41095],[-3.56663,41.41579],[-3.55314,41.44649],[-3.58238,41.4481],[-3.58013,41.46911],[-3.59587,41.48042],[-3.59587,41.49657],[-3.60936,41.50627]]]}},{"type":"Feature","properties":{"name":"Carbonero el Mayor","layer":"municipio"},"geometry":{"type":"MultiLineString","coordinates":[[[-4.36057,41.17991],[-4.34483,41.19445],[-4.32908,41.1896],[-4.2841,41.16375],[-4.27735,41.18153],[-4.25711,41.18637],[-4.25486,41.18314],[-4.23687,41.17668],[-4.22338,41.12013],[-4.23012,41.11367],[-4.2841,41.09267],[-4.2886,41.0959],[-4.30659,41.10882],[-4.31334,41.13629],[-4.32683,41.17022],[-4.36057,41.17991]]]}},{"type":"Feature","properties":{"name":"Cantalejo","layer":"municipio"},"geometry":{"type":"MultiLineString","coordinates":[[[-4.03445,41.29785],[-4.01871,41.30916],[-4.00521,41.30108],[-3.97147,41.29624],[-3.94223,41.28493],[-3.91974,41.28654],[-3.904,41.25584],[-3.87026,41.26554],[-3.84777,41.26554],[-3.83203,41.25908],[-3.84327,41.22676],[-3.85902,41.21222],[-3.87026,41.21061],[-3.88601,41.21869],[-3.91075,41.24292],[-3.94223,41.24454],[-3.97822,41.23323],[-3.99396,41.25584],[-4.01196,41.26231],[-4.03445,41.27362],[-4.03445,41.29785]]]}},{"type":"Feature","properties":{"name":"Cantimpalos","layer":"municipio"},"geometry":{"type":"MultiLineString","coordinates":[[[-4.20538,41.05389],[-4.19414,41.07005],[-4.20088,41.0862],[-4.17839,41.09913],[-4.1559,41.09913],[-4.14466,41.08297],[-4.13566,41.04904],[-4.13791,41.04743],[-4.1514,41.04258],[-4.19639,41.04743],[-4.20088,41.04258],[-4.20538,41.05389]]]}},{"type":"Feature","properties":{"name":"Carrascal del R\u00edo","layer":"municipio"},"geometry":{"type":"MultiLineString","coordinates":[[[-3.92424,41.35763],[-3.89051,41.3964],[-3.85452,41.37702],[-3.87701,41.3544],[-3.88601,41.34955],[-3.84327,41.32693],[-3.87251,41.31401],[-3.88151,41.31078],[-3.904,41.32855],[-3.90175,41.33986],[-3.92424,41.35763]]]}},{"type":"Feature","properties":{"name":"Casla","layer":"municipio"},"geometry":{"type":"MultiLineString","coordinates":[[[-3.67684,41.19284],[-3.66334,41.20253],[-3.66109,41.19122],[-3.62061,41.14275],[-3.63411,41.12498],[-3.65885,41.14275],[-3.67684,41.17183],[-3.67684,41.19284]]]}},{"type":"Feature","properties":{"name":"Castillejo de Mesle\u00f3n","layer":"municipio"},"geometry":{"type":"MultiLineString","coordinates":[[[-3.6386,41.27685],[-3.62286,41.3027],[-3.58013,41.29624],[-3.55539,41.28169],[-3.54864,41.26715],[-3.56213,41.25261],[-3.60487,41.25423],[-3.62061,41.27362],[-3.6386,41.27685]]]}},{"type":"Feature","properties":{"name":"Castroserrac\u00edn","layer":"municipio"},"geometry":{"type":"MultiLineString","coordinates":[[[-3.83203,41.38348],[-3.81628,41.40448],[-3.81403,41.43033],[-3.79379,41.43033],[-3.76006,41.40933],[-3.7803,41.40448],[-3.7668,41.38994],[-3.80054,41.37863],[-3.83203,41.38348]]]}},{"type":"Feature","properties":{"name":"Cedillo de la Torre","layer":"municipio"},"geometry":{"type":"MultiLineString","coordinates":[[[-3.66559,41.42225],[-3.6476,41.44972],[-3.63411,41.44972],[-3.58462,41.43518],[-3.58013,41.41902],[-3.59587,41.40771],[-3.61161,41.40771],[-3.66559,41.42225]]]}},{"type":"Feature","properties":{"name":"Cerezo de Abajo","layer":"municipio"},"geometry":{"type":"MultiLineString","coordinates":[[[-3.62061,41.21061],[-3.61836,41.2413],[-3.60487,41.2413],[-3.57563,41.22353],[-3.53289,41.21384],[-3.55764,41.1993],[-3.57563,41.20899],[-3.62061,41.21061]]]}},{"type":"Feature","properties":{"name":"Cerezo de Arriba","layer":"municipio"},"geometry":{"type":"MultiLineString","coordinates":[[[-3.60487,41.25423],[-3.56213,41.25261],[-3.54864,41.26715],[-3.5284,41.23323],[-3.49466,41.21707],[-3.46317,41.21869],[-3.45418,41.21545],[-3.45418,41.20253],[-3.46542,41.18314],[-3.49916,41.17829],[-3.51715,41.16214],[-3.53289,41.21384],[-3.57563,41.22353],[-3.60487,41.2413],[-3.60487,41.25423]]]}},{"type":"Feature","properties":{"name":"Cilleruelo de San Mam\u00e9s","layer":"municipio"},"geometry":{"type":"MultiLineString","coordinates":[[[-3.63411,41.44972],[-3.59137,41.44326],[-3.58238,41.4481],[-3.55314,41.44649],[-3.56663,41.41579],[-3.58013,41.41902],[-3.58462,41.43518],[-3.63411,41.44972]]]}},{"type":"Feature","properties":{"name":"Cobos de Fuentidue\u00f1a","layer":"municipio"},"geometry":{"type":"MultiLineString","coordinates":[[[-3.94673,41.35763],[-3.92874,41.3754],[-3.94448,41.38186],[-3.913,41.40933],[-3.9085,41.40771],[-3.89051,41.3964],[-3.92424,41.35763],[-3.93999,41.35278],[-3.94673,41.35763]]]}},{"type":"Feature","properties":{"name":"Coca","layer":"municipio"},"geometry":{"type":"MultiLineString","coordinates":[[[-4.61022,41.19768],[-4.59673,41.21222],[-4.60573,41.23323],[-4.59448,41.23807],[-4.5495,41.23807],[-4.56074,41.26877],[-4.51801,41.28169],[-4.49552,41.27846],[-4.47977,41.26877],[-4.47303,41.26392],[-4.44379,41.24938],[-4.46853,41.2413],[-4.48427,41.22192],[-4.48427,41.1993],[-4.49327,41.17506],[-4.51801,41.16699],[-4.53825,41.1686],[-4.536,41.1896],[-4.5495,41.19122],[-4.59223,41.17506],[-4.61022,41.19768]]]}},{"type":"Feature","properties":{"name":"Codorniz","layer":"municipio"},"geometry":{"type":"MultiLineString","coordinates":[[[-4.6597,41.04097],[-4.65071,41.06197],[-4.63047,41.0652],[-4.62822,41.09751],[-4.62372,41.10074],[-4.61022,41.09913],[-4.57199,41.10882],[-4.56749,41.10559],[-4.57199,41.07651],[-4.55849,41.06359],[-4.56749,41.04258],[-4.55849,41.02643],[-4.55625,41.02481],[-4.57649,41.00865],[-4.61697,41.00381],[-4.62372,41.00704],[-4.63946,41.02966],[-4.6597,41.04097]]]}},{"type":"Feature","properties":{"name":"Collado Hermoso","layer":"municipio"},"geometry":{"type":"MultiLineString","coordinates":[[[-3.93099,41.04743],[-3.913,41.05874],[-3.88376,41.02319],[-3.88601,40.99573],[-3.87926,40.97473],[-3.88151,40.97311],[-3.91525,41.02319],[-3.93324,41.02804],[-3.93099,41.04743]]]}},{"type":"Feature","properties":{"name":"Condado de Castilnovo","layer":"municipio"},"geometry":{"type":"MultiLineString","coordinates":[[[-3.7848,41.21707],[-3.77805,41.23484],[-3.7758,41.23807],[-3.75331,41.27846],[-3.72407,41.27685],[-3.72407,41.22515],[-3.7668,41.21707],[-3.7848,41.21707]]]}},{"type":"Feature","properties":{"name":"Encinillas","layer":"municipio"},"geometry":{"type":"MultiLineString","coordinates":[[[-4.17389,41.01512],[-4.1514,41.04258],[-4.13791,41.04743],[-4.13116,41.02481],[-4.16265,41.00704],[-4.17389,41.01512]]]}},{"type":"Feature","properties":{"name":"Corral de Ayll\u00f3n","layer":"municipio"},"geometry":{"type":"MultiLineString","coordinates":[[[-3.44068,41.35117],[-3.44743,41.3447],[-3.44968,41.35601],[-3.44068,41.35117]],[[-3.45418,41.43033],[-3.44293,41.42549],[-3.44743,41.42064],[-3.42494,41.40287],[-3.44743,41.38186],[-3.44968,41.36732],[-3.45642,41.35763],[-3.47892,41.38671],[-3.47442,41.41095],[-3.45418,41.43033]]]}},{"type":"Feature","properties":{"name":"Cubillo","layer":"municipio"},"geometry":{"type":"MultiLineString","coordinates":[[[-3.94898,41.09913],[-3.94223,41.12821],[-3.89051,41.13629],[-3.87926,41.12821],[-3.90625,41.09913],[-3.913,41.08297],[-3.94223,41.08944],[-3.94898,41.09913]]]}},{"type":"Feature","properties":{"name":"Cu\u00e9llar","layer":"municipio"},"geometry":{"type":"MultiLineString","coordinates":[[[-4.4033,41.36248],[-4.36732,41.36732],[-4.39206,41.39964],[-4.36507,41.4368],[-4.36282,41.44972],[-4.33133,41.44487],[-4.29985,41.4578],[-4.26161,41.45134],[-4.24362,41.46103],[-4.22787,41.45941],[-4.20313,41.43033],[-4.20313,41.40125],[-4.22787,41.38348],[-4.22338,41.35117],[-4.17839,41.34147],[-4.1469,41.32209],[-4.18514,41.31239],[-4.16265,41.30108],[-4.1469,41.28169],[-4.15365,41.27362],[-4.17839,41.27846],[-4.21213,41.27523],[-4.23237,41.25584],[-4.25486,41.26231],[-4.25711,41.27039],[-4.23912,41.28816],[-4.25711,41.30593],[-4.23237,41.31401],[-4.23687,41.3237],[-4.2886,41.33663],[-4.29535,41.3447],[-4.33358,41.35117],[-4.33583,41.31239],[-4.34708,41.272],[-4.34033,41.26231],[-4.34033,41.24615],[-4.37632,41.25584],[-4.37407,41.26231],[-4.40106,41.28008],[-4.38756,41.28977],[-4.39656,41.3237],[-4.38981,41.35117],[-4.4033,41.36248]],[[-4.37407,41.34632],[-4.36957,41.36248],[-4.38531,41.35763],[-4.37407,41.34632]]]}},{"type":"Feature","properties":{"name":"Cha\u00f1e","layer":"municipio"},"geometry":{"type":"MultiLineString","coordinates":[[[-4.46628,41.37055],[-4.4033,41.36248],[-4.38981,41.35117],[-4.39656,41.3237],[-4.43029,41.31078],[-4.43479,41.32047],[-4.45953,41.33178],[-4.47528,41.3237],[-4.47078,41.33501],[-4.48427,41.36571],[-4.48427,41.36732],[-4.46628,41.37055]],[[-4.37407,41.34632],[-4.38531,41.35763],[-4.36957,41.36248],[-4.37407,41.34632]]]}},{"type":"Feature","properties":{"name":"Domingo Garc\u00eda","layer":"municipio"},"geometry":{"type":"MultiLineString","coordinates":[[[-4.43254,41.14275],[-4.4078,41.15729],[-4.4033,41.12983],[-4.37407,41.12336],[-4.35382,41.10721],[-4.37632,41.0959],[-4.4168,41.11044],[-4.43254,41.12498],[-4.43254,41.14275]]]}},{"type":"Feature","properties":{"name":"Donhierro","layer":"municipio"},"geometry":{"type":"MultiLineString","coordinates":[[[-4.71593,41.13306],[-4.70919,41.13629],[-4.66195,41.12659],[-4.6642,41.11044],[-4.67995,41.11044],[-4.68669,41.09267],[-4.70694,41.08944],[-4.71593,41.10721],[-4.72493,41.12336],[-4.71593,41.13306]]]}},{"type":"Feature","properties":{"name":"Duruelo","layer":"municipio"},"geometry":{"type":"MultiLineString","coordinates":[[[-3.67234,41.23323],[-3.67234,41.24454],[-3.6476,41.24938],[-3.61836,41.2413],[-3.62061,41.21061],[-3.64085,41.19768],[-3.65435,41.20091],[-3.67234,41.23323]]]}},{"type":"Feature","properties":{"name":"Encinas","layer":"municipio"},"geometry":{"type":"MultiLineString","coordinates":[[[-3.70833,41.4271],[-3.67459,41.43033],[-3.67459,41.39964],[-3.64535,41.37217],[-3.6476,41.36571],[-3.68359,41.36571],[-3.68808,41.40125],[-3.70383,41.40771],[-3.70833,41.4271]]]}},{"type":"Feature","properties":{"name":"Escalona del Prado","layer":"municipio"},"geometry":{"type":"MultiLineString","coordinates":[[[-4.1559,41.15729],[-4.13791,41.18637],[-4.11767,41.19445],[-4.09293,41.1896],[-4.07493,41.16214],[-4.08393,41.14114],[-4.12666,41.13144],[-4.1559,41.15729]]]}},{"type":"Feature","properties":{"name":"Escarabajosa de Cabezas","layer":"municipio"},"geometry":{"type":"MultiLineString","coordinates":[[[-4.21438,41.10882],[-4.17839,41.12175],[-4.1694,41.10882],[-4.1514,41.12336],[-4.13791,41.12013],[-4.1559,41.09913],[-4.17839,41.09913],[-4.20088,41.0862],[-4.20538,41.08782],[-4.21438,41.10882]]]}},{"type":"Feature","properties":{"name":"Escobar de Polendos","layer":"municipio"},"geometry":{"type":"MultiLineString","coordinates":[[[-4.1559,41.09913],[-4.13791,41.12013],[-4.12666,41.13144],[-4.08393,41.14114],[-4.07493,41.11205],[-4.06369,41.10236],[-4.08618,41.08136],[-4.11092,41.07813],[-4.13566,41.04904],[-4.14466,41.08297],[-4.1559,41.09913]]]}},{"type":"Feature","properties":{"name":"Fresno de la Fuente","layer":"municipio"},"geometry":{"type":"MultiLineString","coordinates":[[[-3.67459,41.43033],[-3.66559,41.42225],[-3.61161,41.40771],[-3.61611,41.38994],[-3.64535,41.37217],[-3.67459,41.39964],[-3.67459,41.43033]]]}},{"type":"Feature","properties":{"name":"El Espinar","layer":"municipio"},"geometry":{"type":"MultiLineString","coordinates":[[[-4.36507,40.63706],[-4.35607,40.64837],[-4.36057,40.68068],[-4.35607,40.70653],[-4.28185,40.755],[-4.2796,40.76308],[-4.26161,40.776],[-4.24137,40.77439],[-4.22338,40.7857],[-4.1559,40.78893],[-4.13116,40.78893],[-4.10417,40.80347],[-4.09518,40.80993],[-4.07043,40.79378],[-4.09742,40.76469],[-4.09742,40.74854],[-4.11092,40.74369],[-4.12666,40.7243],[-4.14466,40.69522],[-4.1604,40.69038],[-4.18739,40.69522],[-4.25261,40.68876],[-4.2751,40.67745],[-4.2841,40.68068],[-4.31559,40.66614],[-4.32009,40.64837],[-4.33358,40.63706],[-4.36507,40.63706]]]}},{"type":"Feature","properties":{"name":"Espirdo","layer":"municipio"},"geometry":{"type":"MultiLineString","coordinates":[[[-4.10642,41.02158],[-4.08393,41.03612],[-4.04569,41.01512],[-4.04345,41.01189],[-4.0367,40.9828],[-4.05019,40.97473],[-4.06819,40.97311],[-4.10417,40.98604],[-4.09518,41.00542],[-4.10642,41.02158]]]}},{"type":"Feature","properties":{"name":"Fresneda de Cu\u00e9llar","layer":"municipio"},"geometry":{"type":"MultiLineString","coordinates":[[[-4.47078,41.29139],[-4.47303,41.26392],[-4.47977,41.26877],[-4.47078,41.29139]],[[-4.43029,41.31078],[-4.45503,41.28816],[-4.46853,41.29624],[-4.47303,41.32209],[-4.47528,41.3237],[-4.45953,41.33178],[-4.43479,41.32047],[-4.43029,41.31078]]]}},{"type":"Feature","properties":{"name":"Fresno de Cantespino","layer":"municipio"},"geometry":{"type":"MultiLineString","coordinates":[[[-3.54864,41.38994],[-3.54864,41.41095],[-3.51265,41.41741],[-3.47442,41.41095],[-3.47892,41.38671],[-3.45642,41.35763],[-3.44968,41.35601],[-3.44743,41.3447],[-3.44518,41.33016],[-3.44743,41.31562],[-3.52615,41.33178],[-3.53964,41.3447],[-3.52615,41.36409],[-3.54864,41.38994]]]}},{"type":"Feature","properties":{"name":"Fuente el Olmo de Fuentidue\u00f1a","layer":"municipio"},"geometry":{"type":"MultiLineString","coordinates":[[[-4.02095,41.36732],[-4.02095,41.3964],[-4.01421,41.4271],[-3.99396,41.43518],[-3.99621,41.42872],[-3.96023,41.41902],[-3.97147,41.40933],[-3.96698,41.37379],[-3.95798,41.36571],[-3.97372,41.35924],[-4.01421,41.36248],[-4.02095,41.36732]]]}},{"type":"Feature","properties":{"name":"Fuente el Olmo de \u00cdscar","layer":"municipio"},"geometry":{"type":"MultiLineString","coordinates":[[[-4.51801,41.28169],[-4.50002,41.30108],[-4.47078,41.29139],[-4.47977,41.26877],[-4.49552,41.27846],[-4.51801,41.28169]]]}},{"type":"Feature","properties":{"name":"Fuentepelayo","layer":"municipio"},"geometry":{"type":"MultiLineString","coordinates":[[[-4.22113,41.20899],[-4.21663,41.24454],[-4.20988,41.24938],[-4.15365,41.25423],[-4.14466,41.23646],[-4.15365,41.20738],[-4.18289,41.20576],[-4.22113,41.20899]]]}},{"type":"Feature","properties":{"name":"Fuentepi\u00f1el","layer":"municipio"},"geometry":{"type":"MultiLineString","coordinates":[[[-4.06369,41.38348],[-4.06369,41.40287],[-4.0412,41.41095],[-4.01421,41.4271],[-4.02095,41.3964],[-4.06369,41.38348]]]}},{"type":"Feature","properties":{"name":"Fuenterrebollo","layer":"municipio"},"geometry":{"type":"MultiLineString","coordinates":[[[-4.01871,41.30916],[-4.00971,41.31724],[-3.95123,41.33501],[-3.913,41.3237],[-3.904,41.32855],[-3.88151,41.31078],[-3.91974,41.28654],[-3.94223,41.28493],[-3.97147,41.29624],[-4.00521,41.30108],[-4.01871,41.30916]]]}},{"type":"Feature","properties":{"name":"Fuentesa\u00faco de Fuentidue\u00f1a","layer":"municipio"},"geometry":{"type":"MultiLineString","coordinates":[[[-4.09742,41.41418],[-4.09518,41.43195],[-4.06819,41.45618],[-4.05469,41.46103],[-4.0412,41.45134],[-4.01421,41.4271],[-4.0412,41.41095],[-4.06369,41.40287],[-4.09742,41.41418]]]}},{"type":"Feature","properties":{"name":"Fuentesoto","layer":"municipio"},"geometry":{"type":"MultiLineString","coordinates":[[[-3.94448,41.42387],[-3.93549,41.43518],[-3.94223,41.44972],[-3.93999,41.46426],[-3.90175,41.46588],[-3.88151,41.4788],[-3.86576,41.4788],[-3.86352,41.46426],[-3.88151,41.45295],[-3.895,41.44326],[-3.88601,41.41741],[-3.9085,41.40771],[-3.913,41.40933],[-3.94448,41.42387]]]}},{"type":"Feature","properties":{"name":"Fuentidue\u00f1a","layer":"municipio"},"geometry":{"type":"MultiLineString","coordinates":[[[-4.02095,41.36732],[-4.01421,41.36248],[-3.97372,41.35924],[-3.95798,41.36571],[-3.94673,41.35763],[-3.93999,41.35278],[-3.96922,41.3544],[-4.00296,41.33339],[-4.00971,41.31724],[-4.01871,41.30916],[-4.03445,41.29785],[-4.06594,41.31885],[-4.02095,41.36732]],[[-3.98722,41.46911],[-3.98722,41.47072],[-3.97147,41.47072],[-3.94223,41.44972],[-3.93549,41.43518],[-3.94448,41.42387],[-3.96023,41.41902],[-3.99621,41.42872],[-3.99396,41.43518],[-3.98722,41.46911]]]}},{"type":"Feature","properties":{"name":"Honrubia de la Cuesta","layer":"municipio"},"geometry":{"type":"MultiLineString","coordinates":[[[-3.72857,41.51758],[-3.69258,41.53373],[-3.67909,41.5095],[-3.69033,41.49334],[-3.68134,41.47395],[-3.71282,41.47557],[-3.72857,41.48688],[-3.72857,41.51758]]]}},{"type":"Feature","properties":{"name":"Hontalbilla","layer":"municipio"},"geometry":{"type":"MultiLineString","coordinates":[[[-4.17839,41.34147],[-4.1649,41.36732],[-4.1514,41.36732],[-4.12441,41.35601],[-4.08843,41.35278],[-4.05919,41.33501],[-4.06819,41.32209],[-4.08393,41.30108],[-4.10642,41.32047],[-4.1469,41.32209],[-4.17839,41.34147]]]}},{"type":"Feature","properties":{"name":"Hontanares de Eresma","layer":"municipio"},"geometry":{"type":"MultiLineString","coordinates":[[[-4.21888,40.97957],[-4.21213,40.99088],[-4.19639,40.99896],[-4.18064,40.98119],[-4.20763,40.97149],[-4.21888,40.97957]]]}},{"type":"Feature","properties":{"name":"Ituero y Lama","layer":"municipio"},"geometry":{"type":"MultiLineString","coordinates":[[[-4.39656,40.82286],[-4.36282,40.8277],[-4.36507,40.77116],[-4.36957,40.76308],[-4.39431,40.80024],[-4.39656,40.82286]]]}},{"type":"Feature","properties":{"name":"Juarros de Riomoros","layer":"municipio"},"geometry":{"type":"MultiLineString","coordinates":[[[-4.33583,40.92303],[-4.31784,40.90202],[-4.34258,40.89879],[-4.34258,40.90525],[-4.33583,40.92303]],[[-4.31109,40.9618],[-4.2886,40.94241],[-4.30884,40.92626],[-4.33133,40.9311],[-4.33358,40.93918],[-4.31109,40.9618]]]}},{"type":"Feature","properties":{"name":"Juarros de Voltoya","layer":"municipio"},"geometry":{"type":"MultiLineString","coordinates":[[[-4.55849,41.02643],[-4.5315,41.04581],[-4.51351,41.04581],[-4.51126,41.06682],[-4.49777,41.07813],[-4.48652,41.07328],[-4.50676,41.05066],[-4.48427,41.01835],[-4.50901,41.00704],[-4.55625,41.02481],[-4.55849,41.02643]]]}},{"type":"Feature","properties":{"name":"La B\u00f3veda de Toro","layer":"municipio"},"geometry":{"type":"MultiLineString","coordinates":[[[-5.46039,41.30916],[-5.4379,41.3544],[-5.42441,41.36086],[-5.38842,41.36571],[-5.33444,41.36409],[-5.3232,41.32693],[-5.34119,41.31401],[-5.35918,41.32209],[-5.37717,41.31885],[-5.39292,41.29785],[-5.39742,41.29624],[-5.44015,41.31401],[-5.46039,41.30916]]]}},{"type":"Feature","properties":{"name":"Labajos","layer":"municipio"},"geometry":{"type":"MultiLineString","coordinates":[[[-4.53375,40.86486],[-4.51576,40.86971],[-4.50901,40.88587],[-4.47977,40.87133],[-4.50676,40.85678],[-4.49777,40.83417],[-4.54725,40.82609],[-4.55849,40.83901],[-4.53375,40.86486]]]}},{"type":"Feature","properties":{"name":"Laguna de Contreras","layer":"municipio"},"geometry":{"type":"MultiLineString","coordinates":[[[-4.07493,41.49496],[-4.06594,41.49496],[-4.05694,41.4998],[-4.0277,41.51758],[-4.00071,41.51596],[-4.00521,41.49496],[-3.98722,41.47072],[-3.98722,41.46911],[-4.02545,41.46911],[-4.0232,41.48365],[-4.07268,41.4885],[-4.07493,41.49496]]]}},{"type":"Feature","properties":{"name":"Languilla","layer":"municipio"},"geometry":{"type":"MultiLineString","coordinates":[[[-3.45867,41.44164],[-3.42719,41.47072],[-3.42494,41.48203],[-3.41369,41.47557],[-3.38445,41.46588],[-3.36421,41.46749],[-3.37995,41.44164],[-3.40245,41.42387],[-3.42494,41.43518],[-3.44293,41.42549],[-3.45418,41.43033],[-3.45867,41.44003],[-3.45867,41.44164]]]}},{"type":"Feature","properties":{"name":"Lastras de Cu\u00e9llar","layer":"municipio"},"geometry":{"type":"MultiLineString","coordinates":[[[-4.15365,41.27362],[-4.1469,41.28169],[-4.16265,41.30108],[-4.18514,41.31239],[-4.1469,41.32209],[-4.10642,41.32047],[-4.08393,41.30108],[-4.06819,41.32209],[-4.06594,41.31885],[-4.03445,41.29785],[-4.03445,41.27362],[-4.01196,41.26231],[-4.01646,41.23646],[-4.0412,41.23807],[-4.04794,41.25584],[-4.08168,41.27685],[-4.12891,41.272],[-4.13566,41.26231],[-4.15365,41.27362]]]}},{"type":"Feature","properties":{"name":"Lastras del Pozo","layer":"municipio"},"geometry":{"type":"MultiLineString","coordinates":[[[-4.33358,40.8374],[-4.32459,40.83578],[-4.33808,40.82932],[-4.33358,40.8374]],[[-4.34258,40.89879],[-4.31784,40.90202],[-4.27286,40.88748],[-4.27061,40.87779],[-4.30434,40.87294],[-4.2886,40.85355],[-4.33133,40.84548],[-4.33358,40.8584],[-4.37182,40.86486],[-4.36732,40.88748],[-4.34258,40.89879]]]}},{"type":"Feature","properties":{"name":"La Lastrilla","layer":"municipio"},"geometry":{"type":"MultiLineString","coordinates":[[[-4.11317,40.97796],[-4.10417,40.98604],[-4.06819,40.97311],[-4.06144,40.96988],[-4.06819,40.96019],[-4.09742,40.95695],[-4.11767,40.96503],[-4.11317,40.97796]]]}},{"type":"Feature","properties":{"name":"La Losa","layer":"municipio"},"geometry":{"type":"MultiLineString","coordinates":[[[-4.19189,40.85194],[-4.16715,40.8794],[-4.15365,40.87133],[-4.11092,40.82447],[-4.09742,40.81801],[-4.10417,40.80347],[-4.13116,40.78893],[-4.13116,40.80508],[-4.16715,40.84709],[-4.19189,40.85194]]]}},{"type":"Feature","properties":{"name":"Maderuelo","layer":"municipio"},"geometry":{"type":"MultiLineString","coordinates":[[[-3.60936,41.50627],[-3.60936,41.51435],[-3.58687,41.53373],[-3.56888,41.5515],[-3.57338,41.56605],[-3.56663,41.58059],[-3.54189,41.57735],[-3.53514,41.54827],[-3.47892,41.52081],[-3.45867,41.53696],[-3.42044,41.51273],[-3.42494,41.48203],[-3.42719,41.47072],[-3.46542,41.49496],[-3.48791,41.48203],[-3.5149,41.46749],[-3.51715,41.4481],[-3.54414,41.44649],[-3.53739,41.47072],[-3.55764,41.4885],[-3.56663,41.50788],[-3.60936,41.50627]]]}},{"type":"Feature","properties":{"name":"Mart\u00edn Mu\u00f1oz de las Posadas","layer":"municipio"},"geometry":{"type":"MultiLineString","coordinates":[[[-4.61697,41.00381],[-4.57649,41.00865],[-4.55625,41.02481],[-4.50901,41.00704],[-4.51351,40.97311],[-4.52926,40.97634],[-4.56749,40.94564],[-4.56524,40.95695],[-4.59673,40.96503],[-4.61247,40.98765],[-4.61697,41.00381]]]}},{"type":"Feature","properties":{"name":"Marug\u00e1n","layer":"municipio"},"geometry":{"type":"MultiLineString","coordinates":[[[-4.4168,40.86002],[-4.41455,40.86486],[-4.40555,40.88263],[-4.40555,40.91172],[-4.4123,40.91979],[-4.4123,40.9311],[-4.38531,40.94241],[-4.36732,40.90849],[-4.34258,40.90525],[-4.34258,40.89879],[-4.36732,40.88748],[-4.37182,40.86486],[-4.40555,40.85355],[-4.4168,40.86002]]]}},{"type":"Feature","properties":{"name":"Matabuena","layer":"municipio"},"geometry":{"type":"MultiLineString","coordinates":[[[-3.7848,41.10882],[-3.76231,41.11852],[-3.73756,41.10236],[-3.71507,41.07166],[-3.72182,41.0652],[-3.73981,41.05389],[-3.76231,41.07166],[-3.7848,41.10882]]]}},{"type":"Feature","properties":{"name":"Mata de Cu\u00e9llar","layer":"municipio"},"geometry":{"type":"MultiLineString","coordinates":[[[-4.51576,41.39479],[-4.51351,41.40933],[-4.48652,41.40933],[-4.46628,41.41741],[-4.45054,41.3964],[-4.45279,41.38025],[-4.46628,41.37055],[-4.48427,41.36732],[-4.51576,41.39479]]]}},{"type":"Feature","properties":{"name":"Miguel\u00e1\u00f1ez","layer":"municipio"},"geometry":{"type":"MultiLineString","coordinates":[[[-4.4168,41.16699],[-4.37407,41.17183],[-4.38306,41.15729],[-4.36057,41.1379],[-4.35382,41.12498],[-4.33583,41.1169],[-4.34033,41.10721],[-4.35382,41.10721],[-4.37407,41.12336],[-4.4033,41.12983],[-4.4078,41.15729],[-4.4168,41.16699]]]}},{"type":"Feature","properties":{"name":"Montejo de Ar\u00e9valo","layer":"municipio"},"geometry":{"type":"MultiLineString","coordinates":[[[-4.72268,41.14921],[-4.72043,41.15729],[-4.70244,41.17506],[-4.67995,41.18637],[-4.64396,41.1686],[-4.62822,41.17022],[-4.61022,41.15244],[-4.65296,41.13952],[-4.65521,41.12821],[-4.66195,41.12659],[-4.70919,41.13629],[-4.71593,41.13306],[-4.72268,41.14921]]]}},{"type":"Feature","properties":{"name":"Montejo de la Vega de la Serrezuela","layer":"municipio"},"geometry":{"type":"MultiLineString","coordinates":[[[-3.68808,41.5402],[-3.68134,41.5515],[-3.64535,41.57251],[-3.61611,41.57735],[-3.57338,41.56605],[-3.56888,41.5515],[-3.58687,41.53373],[-3.61161,41.54504],[-3.63186,41.54666],[-3.64535,41.53858],[-3.68808,41.5402]]]}},{"type":"Feature","properties":{"name":"Navalilla","layer":"municipio"},"geometry":{"type":"MultiLineString","coordinates":[[[-4.00971,41.31724],[-4.00296,41.33339],[-3.96922,41.3544],[-3.93999,41.35278],[-3.92424,41.35763],[-3.90175,41.33986],[-3.904,41.32855],[-3.913,41.3237],[-3.95123,41.33501],[-4.00971,41.31724]]]}},{"type":"Feature","properties":{"name":"Monterrubio","layer":"municipio"},"geometry":{"type":"MultiLineString","coordinates":[[[-4.40555,40.85355],[-4.37182,40.86486],[-4.33358,40.8584],[-4.33133,40.84548],[-4.33358,40.8374],[-4.33808,40.82932],[-4.36282,40.8277],[-4.39656,40.82286],[-4.41005,40.83255],[-4.40555,40.85355]]]}},{"type":"Feature","properties":{"name":"Moral de Hornuez","layer":"municipio"},"geometry":{"type":"MultiLineString","coordinates":[[[-3.67459,41.47072],[-3.63635,41.49173],[-3.60936,41.51435],[-3.60936,41.50627],[-3.59587,41.49657],[-3.59587,41.48042],[-3.58013,41.46911],[-3.58238,41.4481],[-3.59137,41.44326],[-3.63411,41.44972],[-3.6476,41.44972],[-3.66784,41.45295],[-3.67459,41.47072]]]}},{"type":"Feature","properties":{"name":"Mozoncillo","layer":"municipio"},"geometry":{"type":"MultiLineString","coordinates":[[[-4.23687,41.17668],[-4.20538,41.18314],[-4.20313,41.17345],[-4.17389,41.17022],[-4.1559,41.15729],[-4.12666,41.13144],[-4.13791,41.12013],[-4.1514,41.12336],[-4.1694,41.10882],[-4.17839,41.12175],[-4.21438,41.10882],[-4.22338,41.12013],[-4.23687,41.17668]]]}},{"type":"Feature","properties":{"name":"Mu\u00f1opedro","layer":"municipio"},"geometry":{"type":"MultiLineString","coordinates":[[[-4.55849,40.88587],[-4.55175,40.90687],[-4.55849,40.91656],[-4.55849,40.9408],[-4.54725,40.94403],[-4.52026,40.9311],[-4.50452,40.93757],[-4.47753,40.93595],[-4.47078,40.91495],[-4.47303,40.90525],[-4.44604,40.88102],[-4.41455,40.86486],[-4.4168,40.86002],[-4.43479,40.85678],[-4.43929,40.8277],[-4.45503,40.82609],[-4.47303,40.80024],[-4.49777,40.83417],[-4.50676,40.85678],[-4.47977,40.87133],[-4.50901,40.88587],[-4.51576,40.86971],[-4.53375,40.86486],[-4.55849,40.88587]]]}},{"type":"Feature","properties":{"name":"Navalmanzano","layer":"municipio"},"geometry":{"type":"MultiLineString","coordinates":[[[-4.30659,41.19768],[-4.2886,41.21061],[-4.2841,41.22838],[-4.23237,41.25584],[-4.21663,41.24454],[-4.22113,41.20899],[-4.23462,41.19122],[-4.25711,41.18637],[-4.27735,41.18153],[-4.30659,41.19768]]]}},{"type":"Feature","properties":{"name":"Navares de Ayuso","layer":"municipio"},"geometry":{"type":"MultiLineString","coordinates":[[[-3.72182,41.37055],[-3.70383,41.40771],[-3.68808,41.40125],[-3.68359,41.36571],[-3.68808,41.34955],[-3.70158,41.33986],[-3.71058,41.33986],[-3.72182,41.37055]]]}},{"type":"Feature","properties":{"name":"Mu\u00f1overos","layer":"municipio"},"geometry":{"type":"MultiLineString","coordinates":[[[-3.97597,41.17506],[-3.96473,41.20091],[-3.96023,41.1993],[-3.92424,41.19122],[-3.91749,41.18153],[-3.92649,41.16052],[-3.95573,41.14275],[-3.96922,41.14598],[-3.97597,41.17506]]]}},{"type":"Feature","properties":{"name":"Nava de la Asunci\u00f3n","layer":"municipio"},"geometry":{"type":"MultiLineString","coordinates":[[[-4.57649,41.12175],[-4.536,41.13629],[-4.51801,41.13467],[-4.5315,41.15406],[-4.51801,41.16699],[-4.49327,41.17506],[-4.48427,41.1993],[-4.45728,41.19122],[-4.4168,41.16699],[-4.4078,41.15729],[-4.43254,41.14275],[-4.45279,41.10882],[-4.50227,41.09267],[-4.50676,41.10236],[-4.55175,41.10074],[-4.56749,41.10559],[-4.57199,41.10882],[-4.57649,41.12175]]]}},{"type":"Feature","properties":{"name":"Navares de Enmedio","layer":"municipio"},"geometry":{"type":"MultiLineString","coordinates":[[[-3.71507,41.4271],[-3.70833,41.4271],[-3.70383,41.40771],[-3.72182,41.37055],[-3.74881,41.37217],[-3.76231,41.39156],[-3.73981,41.40287],[-3.73532,41.41741],[-3.71507,41.4271]],[[-3.73981,41.45134],[-3.72857,41.4578],[-3.72407,41.44164],[-3.7668,41.43518],[-3.77355,41.44164],[-3.73981,41.45134]]]}},{"type":"Feature","properties":{"name":"Navares de las Cuevas","layer":"municipio"},"geometry":{"type":"MultiLineString","coordinates":[[[-3.79379,41.43033],[-3.79154,41.43195],[-3.77355,41.44164],[-3.7668,41.43518],[-3.72407,41.44164],[-3.71507,41.4271],[-3.73532,41.41741],[-3.73981,41.40287],[-3.76231,41.39156],[-3.7668,41.38994],[-3.7803,41.40448],[-3.76006,41.40933],[-3.79379,41.43033]]]}},{"type":"Feature","properties":{"name":"Nieva","layer":"municipio"},"geometry":{"type":"MultiLineString","coordinates":[[[-4.50227,41.09267],[-4.45279,41.10882],[-4.43254,41.14275],[-4.43254,41.12498],[-4.4168,41.11044],[-4.4033,41.07974],[-4.42355,41.06359],[-4.45279,41.0652],[-4.48652,41.07328],[-4.49777,41.07813],[-4.50227,41.09267]]]}},{"type":"Feature","properties":{"name":"Navas de Oro","layer":"municipio"},"geometry":{"type":"MultiLineString","coordinates":[[[-4.48427,41.1993],[-4.48427,41.22192],[-4.46853,41.2413],[-4.44379,41.24938],[-4.4033,41.22838],[-4.37407,41.20414],[-4.34483,41.19445],[-4.36057,41.17991],[-4.37407,41.17183],[-4.4168,41.16699],[-4.45728,41.19122],[-4.48427,41.1993]]]}},{"type":"Feature","properties":{"name":"Navas de San Antonio","layer":"municipio"},"geometry":{"type":"MultiLineString","coordinates":[[[-4.38756,40.63544],[-4.39206,40.67907],[-4.38531,40.73884],[-4.36957,40.76308],[-4.36507,40.77116],[-4.31334,40.78085],[-4.30884,40.78731],[-4.2796,40.76308],[-4.28185,40.755],[-4.35607,40.70653],[-4.36057,40.68068],[-4.35607,40.64837],[-4.36507,40.63706],[-4.38756,40.63544]]]}},{"type":"Feature","properties":{"name":"Olombrada","layer":"municipio"},"geometry":{"type":"MultiLineString","coordinates":[[[-4.22787,41.45941],[-4.15815,41.48203],[-4.14241,41.47072],[-4.12216,41.48042],[-4.12441,41.45457],[-4.10867,41.43356],[-4.09518,41.43195],[-4.09742,41.41418],[-4.11542,41.40287],[-4.12891,41.41095],[-4.1694,41.39156],[-4.17165,41.39964],[-4.20313,41.40125],[-4.20313,41.43033],[-4.22787,41.45941]]]}},{"type":"Feature","properties":{"name":"Orejana","layer":"municipio"},"geometry":{"type":"MultiLineString","coordinates":[[[-3.81853,41.15083],[-3.81853,41.15891],[-3.79379,41.17022],[-3.7803,41.17506],[-3.73532,41.1686],[-3.72182,41.15244],[-3.75781,41.13952],[-3.77805,41.14921],[-3.80954,41.14598],[-3.81853,41.15083]]]}},{"type":"Feature","properties":{"name":"Ortigosa de Pesta\u00f1o","layer":"municipio"},"geometry":{"type":"MultiLineString","coordinates":[[[-4.4168,41.11044],[-4.37632,41.0959],[-4.38306,41.07166],[-4.4033,41.07974],[-4.4168,41.11044]]]}},{"type":"Feature","properties":{"name":"Perosillo","layer":"municipio"},"geometry":{"type":"MultiLineString","coordinates":[[[-4.1694,41.39156],[-4.12891,41.41095],[-4.11542,41.40287],[-4.11317,41.3964],[-4.13566,41.38833],[-4.1514,41.36732],[-4.1649,41.36732],[-4.1694,41.39156]]]}},{"type":"Feature","properties":{"name":"Otero de Herreros","layer":"municipio"},"geometry":{"type":"MultiLineString","coordinates":[[[-4.24812,40.84224],[-4.22113,40.86325],[-4.20313,40.85194],[-4.1694,40.81801],[-4.1559,40.78893],[-4.22338,40.7857],[-4.24587,40.78893],[-4.24587,40.80347],[-4.23237,40.81963],[-4.24812,40.84224]]]}},{"type":"Feature","properties":{"name":"Pajarejos","layer":"municipio"},"geometry":{"type":"MultiLineString","coordinates":[[[-3.61611,41.38994],[-3.61161,41.40771],[-3.59587,41.40771],[-3.58013,41.3964],[-3.57113,41.37702],[-3.57563,41.3754],[-3.58912,41.37379],[-3.61611,41.38994]]]}},{"type":"Feature","properties":{"name":"Pelayos del Arroyo","layer":"municipio"},"geometry":{"type":"MultiLineString","coordinates":[[[-4.00296,41.06682],[-3.96248,41.05712],[-3.96922,41.03612],[-3.98047,41.05066],[-4.01646,41.05228],[-4.01646,41.05389],[-4.00296,41.06682]],[[-3.91525,41.07166],[-3.91075,41.06682],[-3.913,41.05874],[-3.93099,41.04743],[-3.95573,41.05712],[-3.93549,41.07166],[-3.91525,41.07166]]]}},{"type":"Feature","properties":{"name":"Palazuelos de Eresma","layer":"municipio"},"geometry":{"type":"MultiLineString","coordinates":[[[-4.08393,40.93918],[-4.05919,40.95049],[-4.0277,40.93595],[-4.02545,40.94403],[-3.99396,40.94241],[-3.93774,40.92787],[-3.94448,40.90364],[-3.98497,40.89879],[-3.97147,40.91818],[-3.99621,40.92303],[-4.05244,40.90202],[-4.07493,40.91172],[-4.08393,40.93918]]]}},{"type":"Feature","properties":{"name":"Pedraza","layer":"municipio"},"geometry":{"type":"MultiLineString","coordinates":[[[-3.84777,41.12821],[-3.84327,41.1476],[-3.83203,41.15729],[-3.82978,41.15406],[-3.81853,41.15083],[-3.80954,41.14598],[-3.77805,41.14921],[-3.75781,41.13952],[-3.76231,41.11852],[-3.7848,41.10882],[-3.80279,41.09428],[-3.82303,41.10882],[-3.84777,41.12821]]]}},{"type":"Feature","properties":{"name":"Pinarnegrillo","layer":"municipio"},"geometry":{"type":"MultiLineString","coordinates":[[[-4.30659,41.19768],[-4.27735,41.18153],[-4.2841,41.16375],[-4.32908,41.1896],[-4.30659,41.19768]],[[-4.22113,41.20899],[-4.18289,41.20576],[-4.20538,41.18314],[-4.25486,41.18314],[-4.25711,41.18637],[-4.23462,41.19122],[-4.22113,41.20899]]]}},{"type":"Feature","properties":{"name":"Carabias","layer":"municipio"},"geometry":{"type":"MultiLineString","coordinates":[[[-3.72857,41.4578],[-3.72857,41.48688],[-3.71282,41.47557],[-3.68134,41.47395],[-3.67459,41.47072],[-3.66784,41.45295],[-3.6476,41.44972],[-3.66559,41.42225],[-3.67459,41.43033],[-3.70833,41.4271],[-3.71507,41.4271],[-3.72407,41.44164],[-3.72857,41.4578]]]}},{"type":"Feature","properties":{"name":"Rapariegos","layer":"municipio"},"geometry":{"type":"MultiLineString","coordinates":[[[-4.6642,41.11044],[-4.62822,41.09751],[-4.63047,41.0652],[-4.65071,41.06197],[-4.67545,41.07489],[-4.68669,41.09267],[-4.67995,41.11044],[-4.6642,41.11044]],[[-4.58323,41.12498],[-4.57649,41.12175],[-4.57199,41.10882],[-4.61022,41.09913],[-4.62372,41.10074],[-4.61922,41.11044],[-4.59673,41.11205],[-4.58323,41.12498]]]}},{"type":"Feature","properties":{"name":"Pr\u00e1dena","layer":"municipio"},"geometry":{"type":"MultiLineString","coordinates":[[[-3.73532,41.17506],[-3.73532,41.18637],[-3.71058,41.20576],[-3.69483,41.19768],[-3.71058,41.17022],[-3.67684,41.17183],[-3.65885,41.14275],[-3.63411,41.12498],[-3.64535,41.12175],[-3.6521,41.10721],[-3.67684,41.0862],[-3.68808,41.08459],[-3.68808,41.11205],[-3.72182,41.15244],[-3.73532,41.1686],[-3.73532,41.17506]]]}},{"type":"Feature","properties":{"name":"Puebla de Pedraza","layer":"municipio"},"geometry":{"type":"MultiLineString","coordinates":[[[-3.96023,41.1993],[-3.94898,41.20899],[-3.93324,41.20091],[-3.904,41.22676],[-3.88601,41.21869],[-3.87026,41.21061],[-3.89051,41.19122],[-3.90625,41.17668],[-3.91749,41.18153],[-3.92424,41.19122],[-3.96023,41.1993]]]}},{"type":"Feature","properties":{"name":"Riaguas de San Bartolom\u00e9","layer":"municipio"},"geometry":{"type":"MultiLineString","coordinates":[[[-3.51265,41.41741],[-3.5104,41.43841],[-3.50591,41.43356],[-3.45867,41.44003],[-3.45418,41.43033],[-3.47442,41.41095],[-3.51265,41.41741]]]}},{"type":"Feature","properties":{"name":"Riaza","layer":"municipio"},"geometry":{"type":"MultiLineString","coordinates":[[[-3.42719,41.272],[-3.46542,41.25746],[-3.45418,41.21545],[-3.46317,41.21869],[-3.48341,41.25423],[-3.47892,41.25908],[-3.50366,41.28169],[-3.49241,41.31078],[-3.44293,41.30108],[-3.42944,41.29462],[-3.42719,41.272]],[[-3.3912,41.34309],[-3.36646,41.36248],[-3.35521,41.33339],[-3.31698,41.3447],[-3.29899,41.33663],[-3.27649,41.29462],[-3.27649,41.27523],[-3.29224,41.25746],[-3.32598,41.26231],[-3.33722,41.25261],[-3.36871,41.26069],[-3.39345,41.25746],[-3.41594,41.27362],[-3.42944,41.31562],[-3.4002,41.32693],[-3.3912,41.34309]],[[-3.53964,41.3447],[-3.52615,41.33178],[-3.52615,41.31562],[-3.55988,41.32532],[-3.54864,41.34794],[-3.53964,41.3447]],[[-3.44068,41.35117],[-3.42944,41.31885],[-3.44518,41.33016],[-3.44743,41.3447],[-3.44068,41.35117]],[[-3.58013,41.36409],[-3.56438,41.36571],[-3.56213,41.3237],[-3.56663,41.31885],[-3.59137,41.34309],[-3.59362,41.35924],[-3.58013,41.36409]]]}},{"type":"Feature","properties":{"name":"Ribota","layer":"municipio"},"geometry":{"type":"MultiLineString","coordinates":[[[-3.45642,41.35763],[-3.44968,41.36732],[-3.42494,41.38025],[-3.40469,41.3754],[-3.3912,41.34309],[-3.4002,41.32693],[-3.42944,41.31562],[-3.42944,41.31885],[-3.44068,41.35117],[-3.44968,41.35601],[-3.45642,41.35763]]]}},{"type":"Feature","properties":{"name":"Sanchonu\u00f1o","layer":"municipio"},"geometry":{"type":"MultiLineString","coordinates":[[[-4.33583,41.31239],[-4.33358,41.35117],[-4.29535,41.3447],[-4.2886,41.33663],[-4.23687,41.3237],[-4.23237,41.31401],[-4.25711,41.30593],[-4.29535,41.30108],[-4.33583,41.31239]]]}},{"type":"Feature","properties":{"name":"Valdevacas y Guijar","layer":"municipio"},"geometry":{"type":"MultiLineString","coordinates":[[[-3.95573,41.14275],[-3.92649,41.16052],[-3.91749,41.18153],[-3.90625,41.17668],[-3.9085,41.16537],[-3.89051,41.15083],[-3.89051,41.13629],[-3.94223,41.12821],[-3.95573,41.14275]]]}},{"type":"Feature","properties":{"name":"Riofr\u00edo de Riaza","layer":"municipio"},"geometry":{"type":"MultiLineString","coordinates":[[[-3.45418,41.21545],[-3.46542,41.25746],[-3.42719,41.272],[-3.41144,41.26069],[-3.4002,41.25423],[-3.40694,41.23323],[-3.40245,41.21384],[-3.44293,41.21545],[-3.45418,41.20253],[-3.45418,41.21545]]]}},{"type":"Feature","properties":{"name":"Roda de Eresma","layer":"municipio"},"geometry":{"type":"MultiLineString","coordinates":[[[-4.20313,41.03774],[-4.20088,41.04258],[-4.19639,41.04743],[-4.1514,41.04258],[-4.17389,41.01512],[-4.19189,41.01673],[-4.20313,41.03774]]]}},{"type":"Feature","properties":{"name":"Sacramenia","layer":"municipio"},"geometry":{"type":"MultiLineString","coordinates":[[[-4.00071,41.51596],[-3.99396,41.5305],[-3.96023,41.51758],[-3.94673,41.51919],[-3.913,41.54181],[-3.88601,41.53696],[-3.88601,41.53212],[-3.895,41.52889],[-3.89051,41.50627],[-3.91075,41.4885],[-3.93324,41.49173],[-3.96473,41.48365],[-3.97147,41.47072],[-3.98722,41.47072],[-4.00521,41.49496],[-4.00071,41.51596]]]}},{"type":"Feature","properties":{"name":"Samboal","layer":"municipio"},"geometry":{"type":"MultiLineString","coordinates":[[[-4.47303,41.26392],[-4.47078,41.29139],[-4.46853,41.29624],[-4.45503,41.28816],[-4.43029,41.31078],[-4.39656,41.3237],[-4.38756,41.28977],[-4.40106,41.28008],[-4.37407,41.26231],[-4.37632,41.25584],[-4.38756,41.25584],[-4.4033,41.22838],[-4.44379,41.24938],[-4.47303,41.26392]]]}},{"type":"Feature","properties":{"name":"Sangarc\u00eda","layer":"municipio"},"geometry":{"type":"MultiLineString","coordinates":[[[-4.47753,40.93595],[-4.46403,40.96665],[-4.44379,40.95534],[-4.41005,40.97149],[-4.38306,40.96665],[-4.36957,40.95372],[-4.38531,40.94241],[-4.4123,40.9311],[-4.4123,40.91979],[-4.4168,40.91172],[-4.47078,40.91495],[-4.47753,40.93595]]]}},{"type":"Feature","properties":{"name":"San Mart\u00edn y Mudri\u00e1n","layer":"municipio"},"geometry":{"type":"MultiLineString","coordinates":[[[-4.4033,41.22838],[-4.38756,41.25584],[-4.37632,41.25584],[-4.34033,41.24615],[-4.2841,41.22838],[-4.2886,41.21061],[-4.30659,41.19768],[-4.32908,41.1896],[-4.34483,41.19445],[-4.37407,41.20414],[-4.4033,41.22838]]]}},{"type":"Feature","properties":{"name":"San Miguel de Bernuy","layer":"municipio"},"geometry":{"type":"MultiLineString","coordinates":[[[-3.96023,41.41902],[-3.94448,41.42387],[-3.913,41.40933],[-3.94448,41.38186],[-3.92874,41.3754],[-3.94673,41.35763],[-3.95798,41.36571],[-3.96698,41.37379],[-3.97147,41.40933],[-3.96023,41.41902]]]}},{"type":"Feature","properties":{"name":"Valleruela de Pedraza","layer":"municipio"},"geometry":{"type":"MultiLineString","coordinates":[[[-3.83878,41.17668],[-3.83203,41.19284],[-3.81628,41.19122],[-3.79379,41.17022],[-3.81853,41.15891],[-3.82978,41.15406],[-3.83203,41.15729],[-3.83878,41.17668]]]}},{"type":"Feature","properties":{"name":"Real Sitio de San Ildefonso","layer":"municipio"},"geometry":{"type":"MultiLineString","coordinates":[[[-4.09293,40.84224],[-4.07943,40.85517],[-4.08168,40.87294],[-4.06369,40.88263],[-4.05244,40.90202],[-3.99621,40.92303],[-3.97147,40.91818],[-3.98497,40.89879],[-3.94448,40.90364],[-3.94673,40.86325],[-3.96473,40.83417],[-3.96248,40.82286],[-3.98047,40.79862],[-3.97822,40.78731],[-3.98047,40.78408],[-4.00296,40.78893],[-4.00746,40.78731],[-4.02095,40.78085],[-4.07043,40.79378],[-4.09518,40.80993],[-4.09293,40.84224]],[[-4.13116,40.87779],[-4.15365,40.87133],[-4.16715,40.8794],[-4.14241,40.89718],[-4.13116,40.87779]]]}},{"type":"Feature","properties":{"name":"Valleruela de Sep\u00falveda","layer":"municipio"},"geometry":{"type":"MultiLineString","coordinates":[[[-3.79604,41.20414],[-3.7848,41.21707],[-3.7668,41.21707],[-3.73532,41.17506],[-3.73532,41.1686],[-3.7803,41.17506],[-3.79604,41.20414]]]}},{"type":"Feature","properties":{"name":"San Pedro de Ga\u00edllos","layer":"municipio"},"geometry":{"type":"MultiLineString","coordinates":[[[-3.85902,41.21222],[-3.84327,41.22676],[-3.83203,41.25908],[-3.81179,41.25908],[-3.79604,41.23646],[-3.77805,41.23484],[-3.7848,41.21707],[-3.79604,41.20414],[-3.82753,41.20091],[-3.85902,41.21222]]]}},{"type":"Feature","properties":{"name":"Santa Marta del Cerro","layer":"municipio"},"geometry":{"type":"MultiLineString","coordinates":[[[-3.72407,41.22515],[-3.67234,41.23323],[-3.65435,41.20091],[-3.66334,41.20253],[-3.67684,41.19284],[-3.69483,41.19768],[-3.71058,41.20576],[-3.72407,41.22515]]]}},{"type":"Feature","properties":{"name":"Santiuste de Pedraza","layer":"municipio"},"geometry":{"type":"MultiLineString","coordinates":[[[-3.91525,41.07166],[-3.913,41.08297],[-3.90625,41.09913],[-3.87926,41.12821],[-3.84777,41.12821],[-3.82303,41.10882],[-3.83203,41.10074],[-3.85227,41.09267],[-3.86801,41.10074],[-3.88376,41.06843],[-3.86801,41.04258],[-3.88151,41.03612],[-3.88601,41.0652],[-3.91075,41.06682],[-3.91525,41.07166]]]}},{"type":"Feature","properties":{"name":"Santa Mar\u00eda la Real de Nieva","layer":"municipio"},"geometry":{"type":"MultiLineString","coordinates":[[[-4.56749,40.94564],[-4.52926,40.97634],[-4.51351,40.97311],[-4.50901,41.00704],[-4.48427,41.01835],[-4.46403,41.02158],[-4.44829,41.03127],[-4.45279,41.0652],[-4.42355,41.06359],[-4.4033,41.07974],[-4.38306,41.07166],[-4.37632,41.0959],[-4.35382,41.10721],[-4.34033,41.10721],[-4.33133,41.10074],[-4.33358,41.08136],[-4.34483,41.06359],[-4.30884,41.04743],[-4.30884,41.02643],[-4.2976,41.01996],[-4.32683,41.01189],[-4.32908,40.99734],[-4.37632,40.9925],[-4.38756,40.98765],[-4.38306,40.96665],[-4.41005,40.97149],[-4.44379,40.95534],[-4.46403,40.96665],[-4.47753,40.93595],[-4.50452,40.93757],[-4.52026,40.9311],[-4.54725,40.94403],[-4.55849,40.9408],[-4.56749,40.94564]]]}},{"type":"Feature","properties":{"name":"Santiuste de San Juan Bautista","layer":"municipio"},"geometry":{"type":"MultiLineString","coordinates":[[[-4.63272,41.18476],[-4.61022,41.19768],[-4.59223,41.17506],[-4.5495,41.19122],[-4.536,41.1896],[-4.53825,41.1686],[-4.51801,41.16699],[-4.5315,41.15406],[-4.51801,41.13467],[-4.536,41.13629],[-4.57649,41.12175],[-4.58323,41.12498],[-4.60123,41.1379],[-4.61022,41.15244],[-4.62822,41.17022],[-4.63272,41.18476]]]}},{"type":"Feature","properties":{"name":"Santo Domingo de Pir\u00f3n","layer":"municipio"},"geometry":{"type":"MultiLineString","coordinates":[[[-4.01646,41.05228],[-3.98047,41.05066],[-3.96922,41.03612],[-3.95573,41.01027],[-3.93099,40.99896],[-3.89051,40.96826],[-3.8995,40.95857],[-3.91525,40.97311],[-3.95348,40.98604],[-4.00971,41.03612],[-4.01646,41.05228]]]}},{"type":"Feature","properties":{"name":"Ventosilla y Tejadilla","layer":"municipio"},"geometry":{"type":"MultiLineString","coordinates":[[[-3.69483,41.19768],[-3.67684,41.19284],[-3.67684,41.17183],[-3.71058,41.17022],[-3.69483,41.19768]]]}},{"type":"Feature","properties":{"name":"Santo Tom\u00e9 del Puerto","layer":"municipio"},"geometry":{"type":"MultiLineString","coordinates":[[[-3.66334,41.20253],[-3.65435,41.20091],[-3.64085,41.19768],[-3.62061,41.21061],[-3.57563,41.20899],[-3.55764,41.1993],[-3.53289,41.21384],[-3.51715,41.16214],[-3.53964,41.16537],[-3.58238,41.16214],[-3.61386,41.14921],[-3.62061,41.14275],[-3.66109,41.19122],[-3.66334,41.20253]]]}},{"type":"Feature","properties":{"name":"Sauquillo de Cabezas","layer":"municipio"},"geometry":{"type":"MultiLineString","coordinates":[[[-4.09293,41.1896],[-4.0412,41.23807],[-4.03445,41.23484],[-4.04569,41.21869],[-4.0412,41.1993],[-4.05919,41.16052],[-4.07493,41.16214],[-4.09293,41.1896]]]}},{"type":"Feature","properties":{"name":"Sotillo","layer":"municipio"},"geometry":{"type":"MultiLineString","coordinates":[[[-3.67234,41.24454],[-3.68808,41.25908],[-3.66784,41.26877],[-3.65885,41.28169],[-3.6386,41.27685],[-3.62061,41.27362],[-3.60487,41.25423],[-3.60487,41.2413],[-3.61836,41.2413],[-3.6476,41.24938],[-3.67234,41.24454]]]}},{"type":"Feature","properties":{"name":"Seb\u00falcor","layer":"municipio"},"geometry":{"type":"MultiLineString","coordinates":[[[-3.91974,41.28654],[-3.88151,41.31078],[-3.87251,41.31401],[-3.85902,41.29462],[-3.83203,41.29462],[-3.82753,41.28008],[-3.84777,41.26554],[-3.87026,41.26554],[-3.904,41.25584],[-3.91974,41.28654]]]}},{"type":"Feature","properties":{"name":"Segovia","layer":"municipio"},"geometry":{"type":"MultiLineString","coordinates":[[[-4.33358,40.8374],[-4.33133,40.84548],[-4.2886,40.85355],[-4.30434,40.87294],[-4.27061,40.87779],[-4.27286,40.88748],[-4.25036,40.89071],[-4.22562,40.90525],[-4.20313,40.9311],[-4.17839,40.94726],[-4.19189,40.96019],[-4.18289,40.96826],[-4.1559,40.97149],[-4.15365,40.98765],[-4.12891,40.98927],[-4.11317,40.97796],[-4.11767,40.96503],[-4.09742,40.95695],[-4.10642,40.95049],[-4.08393,40.93918],[-4.07493,40.91172],[-4.05244,40.90202],[-4.06369,40.88263],[-4.08168,40.87294],[-4.07943,40.85517],[-4.09293,40.84224],[-4.13116,40.87779],[-4.14241,40.89718],[-4.16715,40.8794],[-4.19189,40.85194],[-4.20313,40.85194],[-4.22113,40.86325],[-4.24812,40.84224],[-4.30434,40.83417],[-4.32459,40.83578],[-4.33358,40.8374]]]}},{"type":"Feature","properties":{"name":"Sep\u00falveda","layer":"municipio"},"geometry":{"type":"MultiLineString","coordinates":[[[-3.87701,41.3544],[-3.84327,41.35763],[-3.80504,41.34794],[-3.74431,41.32855],[-3.73756,41.31562],[-3.70383,41.3027],[-3.68359,41.30593],[-3.65885,41.28169],[-3.66784,41.26877],[-3.68808,41.25908],[-3.67234,41.24454],[-3.67234,41.23323],[-3.72407,41.22515],[-3.72407,41.27685],[-3.75331,41.27846],[-3.7758,41.23807],[-3.78929,41.26877],[-3.81179,41.25908],[-3.83203,41.25908],[-3.84777,41.26554],[-3.82753,41.28008],[-3.83203,41.29462],[-3.85902,41.29462],[-3.87251,41.31401],[-3.84327,41.32693],[-3.88601,41.34955],[-3.87701,41.3544]]]}},{"type":"Feature","properties":{"name":"Sequera de Fresno","layer":"municipio"},"geometry":{"type":"MultiLineString","coordinates":[[[-3.58013,41.36409],[-3.57563,41.3754],[-3.57113,41.37702],[-3.54864,41.37863],[-3.54864,41.38994],[-3.52615,41.36409],[-3.53964,41.3447],[-3.54864,41.34794],[-3.55988,41.32532],[-3.56213,41.3237],[-3.56438,41.36571],[-3.58013,41.36409]]]}},{"type":"Feature","properties":{"name":"Torrecilla del Pinar","layer":"municipio"},"geometry":{"type":"MultiLineString","coordinates":[[[-4.07943,41.36571],[-4.06369,41.38348],[-4.02095,41.3964],[-4.02095,41.36732],[-4.06594,41.31885],[-4.06819,41.32209],[-4.05919,41.33501],[-4.07943,41.36571]]]}},{"type":"Feature","properties":{"name":"Sotosalbos","layer":"municipio"},"geometry":{"type":"MultiLineString","coordinates":[[[-3.96922,41.03612],[-3.96248,41.05712],[-3.95573,41.05712],[-3.93099,41.04743],[-3.93324,41.02804],[-3.91525,41.02319],[-3.88151,40.97311],[-3.89051,40.96826],[-3.93099,40.99896],[-3.95573,41.01027],[-3.96922,41.03612]]]}},{"type":"Feature","properties":{"name":"Tabanera la Luenga","layer":"municipio"},"geometry":{"type":"MultiLineString","coordinates":[[[-4.2886,41.0959],[-4.2841,41.09267],[-4.23012,41.11367],[-4.22338,41.12013],[-4.21438,41.10882],[-4.20538,41.08782],[-4.23912,41.08944],[-4.27735,41.07974],[-4.2886,41.0959]]]}},{"type":"Feature","properties":{"name":"Tolocirio","layer":"municipio"},"geometry":{"type":"MultiLineString","coordinates":[[[-4.65521,41.12821],[-4.65296,41.13952],[-4.61022,41.15244],[-4.60123,41.1379],[-4.61472,41.12659],[-4.64396,41.12175],[-4.65521,41.12821]]]}},{"type":"Feature","properties":{"name":"Torreadrada","layer":"municipio"},"geometry":{"type":"MultiLineString","coordinates":[[[-3.88151,41.45295],[-3.86352,41.46426],[-3.86576,41.4788],[-3.84327,41.50142],[-3.83653,41.4998],[-3.83428,41.4998],[-3.82303,41.48042],[-3.80729,41.45941],[-3.79154,41.43195],[-3.79379,41.43033],[-3.81403,41.43033],[-3.82078,41.42872],[-3.86801,41.44164],[-3.88151,41.45295]]]}},{"type":"Feature","properties":{"name":"Torrecaballeros","layer":"municipio"},"geometry":{"type":"MultiLineString","coordinates":[[[-4.05019,40.97473],[-4.0367,40.9828],[-4.04345,41.01189],[-4.01871,41.01673],[-3.99621,41.01189],[-3.98272,40.99411],[-3.95123,40.97149],[-3.90625,40.96342],[-3.904,40.95695],[-3.91974,40.93757],[-3.91974,40.94726],[-3.95123,40.95049],[-4.00521,40.96826],[-4.05019,40.97473]]]}},{"type":"Feature","properties":{"name":"Torreiglesias","layer":"municipio"},"geometry":{"type":"MultiLineString","coordinates":[[[-4.08618,41.08136],[-4.06369,41.10236],[-4.07493,41.11205],[-4.08393,41.14114],[-4.07493,41.16214],[-4.05919,41.16052],[-4.04794,41.15891],[-4.0232,41.13629],[-4.01196,41.13306],[-4.00296,41.11044],[-4.00971,41.0862],[-4.00296,41.06682],[-4.01646,41.05389],[-4.0232,41.05389],[-4.04345,41.07166],[-4.07043,41.07005],[-4.07943,41.07813],[-4.08618,41.08136]]]}},{"type":"Feature","properties":{"name":"Torre Val de San Pedro","layer":"municipio"},"geometry":{"type":"MultiLineString","coordinates":[[[-3.913,41.05874],[-3.91075,41.06682],[-3.88601,41.0652],[-3.88151,41.03612],[-3.86801,41.04258],[-3.88376,41.06843],[-3.86801,41.10074],[-3.85227,41.09267],[-3.83203,41.10074],[-3.83203,41.0862],[-3.85002,41.06682],[-3.85677,41.02643],[-3.84552,40.9828],[-3.87026,40.97149],[-3.87926,40.97473],[-3.88601,40.99573],[-3.88376,41.02319],[-3.913,41.05874]]]}},{"type":"Feature","properties":{"name":"Trescasas","layer":"municipio"},"geometry":{"type":"MultiLineString","coordinates":[[[-4.06819,40.97311],[-4.05019,40.97473],[-4.00521,40.96826],[-3.95123,40.95049],[-3.91974,40.94726],[-3.91974,40.93757],[-3.93774,40.92787],[-3.99396,40.94241],[-4.02545,40.94403],[-4.0277,40.93595],[-4.05919,40.95049],[-4.06144,40.96988],[-4.06819,40.97311]]]}},{"type":"Feature","properties":{"name":"Urue\u00f1as","layer":"municipio"},"geometry":{"type":"MultiLineString","coordinates":[[[-3.80504,41.34794],[-3.80054,41.37863],[-3.7668,41.38994],[-3.76231,41.39156],[-3.74881,41.37217],[-3.72182,41.37055],[-3.71058,41.33986],[-3.74431,41.32855],[-3.80504,41.34794]]]}},{"type":"Feature","properties":{"name":"Valdeprados","layer":"municipio"},"geometry":{"type":"MultiLineString","coordinates":[[[-4.30434,40.83417],[-4.24812,40.84224],[-4.23237,40.81963],[-4.24587,40.80347],[-4.27061,40.81316],[-4.30434,40.80508],[-4.31334,40.82609],[-4.30434,40.83417]]]}},{"type":"Feature","properties":{"name":"Tur\u00e9gano","layer":"municipio"},"geometry":{"type":"MultiLineString","coordinates":[[[-4.05919,41.16052],[-4.0412,41.1993],[-4.04569,41.21869],[-4.03445,41.23484],[-4.02545,41.23484],[-4.02995,41.22515],[-4.01646,41.20899],[-4.0232,41.18314],[-3.97597,41.17506],[-3.96922,41.14598],[-3.99396,41.12983],[-3.99172,41.11852],[-3.96248,41.09913],[-3.94898,41.09913],[-3.94223,41.08944],[-3.913,41.08297],[-3.91525,41.07166],[-3.93549,41.07166],[-3.95573,41.05712],[-3.96248,41.05712],[-4.00296,41.06682],[-4.00971,41.0862],[-4.00296,41.11044],[-4.01196,41.13306],[-4.0232,41.13629],[-4.04794,41.15891],[-4.05919,41.16052]]]}},{"type":"Feature","properties":{"name":"Valseca","layer":"municipio"},"geometry":{"type":"MultiLineString","coordinates":[[[-4.21213,40.99088],[-4.19189,41.01673],[-4.17389,41.01512],[-4.16265,41.00704],[-4.13116,41.02481],[-4.12216,41.01996],[-4.12891,40.98927],[-4.15365,40.98765],[-4.1559,40.97149],[-4.18289,40.96826],[-4.18064,40.98119],[-4.19639,40.99896],[-4.21213,40.99088]]]}},{"type":"Feature","properties":{"name":"Valtiendas","layer":"municipio"},"geometry":{"type":"MultiLineString","coordinates":[[[-3.97147,41.47072],[-3.96473,41.48365],[-3.93324,41.49173],[-3.91075,41.4885],[-3.89051,41.50627],[-3.895,41.52889],[-3.88601,41.53212],[-3.86352,41.52889],[-3.84327,41.50142],[-3.86576,41.4788],[-3.88151,41.4788],[-3.90175,41.46588],[-3.93999,41.46426],[-3.94223,41.44972],[-3.97147,41.47072]]]}},{"type":"Feature","properties":{"name":"Valverde del Majano","layer":"municipio"},"geometry":{"type":"MultiLineString","coordinates":[[[-4.25711,40.9618],[-4.23912,40.9828],[-4.21888,40.97957],[-4.20763,40.97149],[-4.18064,40.98119],[-4.18289,40.96826],[-4.19189,40.96019],[-4.17839,40.94726],[-4.20313,40.9311],[-4.22562,40.90525],[-4.23687,40.91172],[-4.24587,40.93918],[-4.25711,40.9618]]]}},{"type":"Feature","properties":{"name":"Valle de Tabladillo","layer":"municipio"},"geometry":{"type":"MultiLineString","coordinates":[[[-3.87701,41.3544],[-3.85452,41.37702],[-3.83203,41.38348],[-3.80054,41.37863],[-3.80504,41.34794],[-3.84327,41.35763],[-3.87701,41.3544]]]}},{"type":"Feature","properties":{"name":"Vallelado","layer":"municipio"},"geometry":{"type":"MultiLineString","coordinates":[[[-4.46628,41.37055],[-4.45279,41.38025],[-4.45054,41.3964],[-4.46628,41.41741],[-4.43029,41.43195],[-4.40555,41.41741],[-4.4123,41.39964],[-4.39206,41.39964],[-4.36732,41.36732],[-4.4033,41.36248],[-4.46628,41.37055]]]}},{"type":"Feature","properties":{"name":"Veganzones","layer":"municipio"},"geometry":{"type":"MultiLineString","coordinates":[[[-4.02545,41.23484],[-3.98722,41.2203],[-3.98047,41.20414],[-3.96473,41.20091],[-3.97597,41.17506],[-4.0232,41.18314],[-4.01646,41.20899],[-4.02995,41.22515],[-4.02545,41.23484]]]}},{"type":"Feature","properties":{"name":"Vegas de Matute","layer":"municipio"},"geometry":{"type":"MultiLineString","coordinates":[[[-4.30884,40.78731],[-4.30434,40.80508],[-4.27061,40.81316],[-4.24587,40.80347],[-4.24587,40.78893],[-4.22338,40.7857],[-4.24137,40.77439],[-4.26161,40.776],[-4.2796,40.76308],[-4.30884,40.78731]]]}},{"type":"Feature","properties":{"name":"Villacast\u00edn","layer":"municipio"},"geometry":{"type":"MultiLineString","coordinates":[[[-4.48202,40.79216],[-4.47303,40.80024],[-4.45503,40.82609],[-4.43929,40.8277],[-4.43479,40.85678],[-4.4168,40.86002],[-4.40555,40.85355],[-4.41005,40.83255],[-4.39656,40.82286],[-4.39431,40.80024],[-4.36957,40.76308],[-4.38531,40.73884],[-4.39206,40.67907],[-4.38756,40.63544],[-4.41905,40.63383],[-4.41905,40.65483],[-4.43479,40.71623],[-4.43254,40.74208],[-4.45503,40.755],[-4.48202,40.79216]]]}},{"type":"Feature","properties":{"name":"Villaverde de \u00cdscar","layer":"municipio"},"geometry":{"type":"MultiLineString","coordinates":[[[-4.59673,41.32047],[-4.55849,41.3027],[-4.53375,41.31885],[-4.50452,41.31078],[-4.50002,41.30108],[-4.51801,41.28169],[-4.56074,41.26877],[-4.57424,41.27523],[-4.59448,41.29624],[-4.60573,41.31239],[-4.59673,41.32047]]]}},{"type":"Feature","properties":{"name":"Y\u00e9lamos de Abajo","layer":"municipio"},"geometry":{"type":"MultiLineString","coordinates":[[[-2.88515,40.62575],[-2.87615,40.63544],[-2.85366,40.63868],[-2.82667,40.60798],[-2.82892,40.5999],[-2.85366,40.59667],[-2.88515,40.62575]]]}},{"type":"Feature","properties":{"name":"Villaverde de Montejo","layer":"municipio"},"geometry":{"type":"MultiLineString","coordinates":[[[-3.69258,41.53373],[-3.68808,41.5402],[-3.64535,41.53858],[-3.63635,41.49173],[-3.67459,41.47072],[-3.68134,41.47395],[-3.69033,41.49334],[-3.67909,41.5095],[-3.69258,41.53373]]]}},{"type":"Feature","properties":{"name":"Villeguillo","layer":"municipio"},"geometry":{"type":"MultiLineString","coordinates":[[[-4.61472,41.2413],[-4.61247,41.24454],[-4.59898,41.26392],[-4.57424,41.27523],[-4.56074,41.26877],[-4.5495,41.23807],[-4.59448,41.23807],[-4.60573,41.23323],[-4.61472,41.2413]]]}},{"type":"Feature","properties":{"name":"Yanguas de Eresma","layer":"municipio"},"geometry":{"type":"MultiLineString","coordinates":[[[-4.27735,41.07974],[-4.23912,41.08944],[-4.20538,41.08782],[-4.20088,41.0862],[-4.19414,41.07005],[-4.20538,41.05389],[-4.22787,41.05874],[-4.25936,41.04581],[-4.2751,41.03127],[-4.26836,41.05389],[-4.27735,41.07974]]]}},{"type":"Feature","properties":{"name":"Marazoleja","layer":"municipio"},"geometry":{"type":"MultiLineString","coordinates":[[[-4.38531,40.94241],[-4.36957,40.95372],[-4.32683,40.97957],[-4.32908,40.96988],[-4.31109,40.9618],[-4.33358,40.93918],[-4.33133,40.9311],[-4.33583,40.92303],[-4.34258,40.90525],[-4.36732,40.90849],[-4.38531,40.94241]]]}},{"type":"Feature","properties":{"name":"Zarzuela del Monte","layer":"municipio"},"geometry":{"type":"MultiLineString","coordinates":[[[-4.36507,40.77116],[-4.36282,40.8277],[-4.33808,40.82932],[-4.32459,40.83578],[-4.30434,40.83417],[-4.31334,40.82609],[-4.30434,40.80508],[-4.30884,40.78731],[-4.31334,40.78085],[-4.36507,40.77116]]]}},{"type":"Feature","properties":{"name":"Zarzuela del Pinar","layer":"municipio"},"geometry":{"type":"MultiLineString","coordinates":[[[-4.23237,41.25584],[-4.21213,41.27523],[-4.17839,41.27846],[-4.15365,41.27362],[-4.13566,41.26231],[-4.15365,41.25423],[-4.20988,41.24938],[-4.21663,41.24454],[-4.23237,41.25584]]]}},{"type":"Feature","properties":{"name":"Ortigosa del Monte","layer":"municipio"},"geometry":{"type":"MultiLineString","coordinates":[[[-4.20313,40.85194],[-4.19189,40.85194],[-4.16715,40.84709],[-4.13116,40.80508],[-4.13116,40.78893],[-4.1559,40.78893],[-4.1694,40.81801],[-4.20313,40.85194]]]}},{"type":"Feature","properties":{"name":"Cozuelos de Fuentidue\u00f1a","layer":"municipio"},"geometry":{"type":"MultiLineString","coordinates":[[[-4.11542,41.40287],[-4.09742,41.41418],[-4.06369,41.40287],[-4.06369,41.38348],[-4.07943,41.36571],[-4.11317,41.3964],[-4.11542,41.40287]]]}},{"type":"Feature","properties":{"name":"Navas de Riofr\u00edo","layer":"municipio"},"geometry":{"type":"MultiLineString","coordinates":[[[-4.15365,40.87133],[-4.13116,40.87779],[-4.09293,40.84224],[-4.09518,40.80993],[-4.10417,40.80347],[-4.09742,40.81801],[-4.11092,40.82447],[-4.15365,40.87133]]]}},{"type":"Feature","properties":{"name":"Cuevas de Provanco","layer":"municipio"},"geometry":{"type":"MultiLineString","coordinates":[[[-3.99396,41.5305],[-3.99396,41.5402],[-3.99396,41.55635],[-3.98047,41.58382],[-3.96473,41.58543],[-3.94223,41.56928],[-3.91525,41.56281],[-3.895,41.5515],[-3.88601,41.53696],[-3.913,41.54181],[-3.94673,41.51919],[-3.96023,41.51758],[-3.99396,41.5305]]]}},{"type":"Feature","properties":{"name":"San Crist\u00f3bal de Segovia","layer":"municipio"},"geometry":{"type":"MultiLineString","coordinates":[[[-4.09742,40.95695],[-4.06819,40.96019],[-4.06144,40.96988],[-4.05919,40.95049],[-4.08393,40.93918],[-4.10642,40.95049],[-4.09742,40.95695]]]}},{"type":"Feature","properties":{"name":"Adradas","layer":"municipio"},"geometry":{"type":"MultiLineString","coordinates":[[[-2.55903,41.37863],[-2.54553,41.37863],[-2.52754,41.37055],[-2.49155,41.38348]],[[-2.52529,41.31078],[-2.55228,41.34955],[-2.55903,41.37863]]]}},{"type":"Feature","properties":{"name":"Comunidad de Sep\u00falveda y Riaza","layer":"municipio"},"geometry":{"type":"MultiLineString","coordinates":[[[-3.56663,41.31885],[-3.56213,41.3237],[-3.55988,41.32532],[-3.52615,41.31562],[-3.52615,41.33178],[-3.44743,41.31562],[-3.44518,41.33016],[-3.42944,41.31885],[-3.42944,41.31562],[-3.41594,41.27362],[-3.41144,41.26069],[-3.42719,41.272],[-3.42944,41.29462],[-3.44293,41.30108],[-3.49241,41.31078],[-3.50366,41.28169],[-3.47892,41.25908],[-3.48341,41.25423],[-3.46317,41.21869],[-3.49466,41.21707],[-3.5284,41.23323],[-3.54864,41.26715],[-3.55539,41.28169],[-3.55314,41.30108],[-3.56663,41.31885]]]}},{"type":"Feature","properties":{"name":"Bahab\u00f3n","layer":"municipio"},"geometry":{"type":"MultiLineString","coordinates":[[[-4.29985,41.4578],[-4.29085,41.46265],[-4.29985,41.48526],[-4.29085,41.50142],[-4.27735,41.5095],[-4.24812,41.49819],[-4.24362,41.46103],[-4.26161,41.45134],[-4.29985,41.4578]]]}},{"type":"Feature","properties":{"name":"Alcubilla de las Pe\u00f1as","layer":"municipio"},"geometry":{"type":"MultiLineString","coordinates":[[[-2.56577,41.23807],[-2.57027,41.25908],[-2.58152,41.26715],[-2.57927,41.29624],[-2.55228,41.31401],[-2.52529,41.31078],[-2.5073,41.29947]]]}},{"type":"Feature","properties":{"name":"Almaz\u00e1n","layer":"municipio"},"geometry":{"type":"MultiLineString","coordinates":[[[-2.64674,41.39317],[-2.64449,41.41418],[-2.60176,41.43356],[-2.59501,41.44164],[-2.59726,41.47395],[-2.57927,41.47234],[-2.57927,41.49011],[-2.59726,41.50304],[-2.60626,41.5515],[-2.57027,41.56928],[-2.55228,41.57574],[-2.51854,41.58059]],[[-2.53204,41.46426],[-2.54553,41.4578],[-2.53428,41.4368],[-2.53204,41.40125],[-2.54553,41.37863],[-2.55903,41.37863],[-2.56352,41.3754],[-2.58826,41.37863],[-2.59726,41.39156],[-2.63999,41.3851],[-2.64674,41.39317]]]}},{"type":"Feature","properties":{"name":"Alpanseque","layer":"municipio"},"geometry":{"type":"MultiLineString","coordinates":[[[-2.7637,41.31239],[-2.72096,41.32855],[-2.70522,41.31401],[-2.69172,41.31724],[-2.69397,41.30108],[-2.70972,41.28008],[-2.65574,41.28331],[-2.63999,41.26554],[-2.62425,41.22353],[-2.6355,41.22353],[-2.64674,41.23969],[-2.66923,41.23646],[-2.69622,41.24615],[-2.70972,41.25261],[-2.71646,41.27523],[-2.76145,41.27362],[-2.7637,41.31239]]]}},{"type":"Feature","properties":{"name":"Arenillas","layer":"municipio"},"geometry":{"type":"MultiLineString","coordinates":[[[-2.8874,41.32532],[-2.87615,41.33663],[-2.86715,41.36732],[-2.82667,41.38025],[-2.82442,41.35278],[-2.80868,41.31885],[-2.86715,41.31239],[-2.8829,41.32209],[-2.8874,41.32532]]]}},{"type":"Feature","properties":{"name":"Baraona","layer":"municipio"},"geometry":{"type":"MultiLineString","coordinates":[[[-2.72096,41.32855],[-2.70072,41.34632],[-2.69397,41.34955],[-2.65349,41.33986],[-2.622,41.31885],[-2.57702,41.33501],[-2.56352,41.3754],[-2.55903,41.37863],[-2.55228,41.34955],[-2.52529,41.31078],[-2.55228,41.31401],[-2.57927,41.29624],[-2.58152,41.26715],[-2.57027,41.25908],[-2.56577,41.23807],[-2.59051,41.22515],[-2.62425,41.22353],[-2.63999,41.26554],[-2.65574,41.28331],[-2.70972,41.28008],[-2.69397,41.30108],[-2.69172,41.31724],[-2.70522,41.31401],[-2.72096,41.32855]]]}},{"type":"Feature","properties":{"name":"Barca","layer":"municipio"},"geometry":{"type":"MultiLineString","coordinates":[[[-2.68947,41.41256],[-2.66024,41.42225],[-2.66698,41.47234],[-2.64224,41.48203],[-2.61525,41.46911],[-2.59726,41.47395],[-2.59501,41.44164],[-2.60176,41.43356],[-2.64449,41.41418],[-2.64674,41.39317],[-2.67598,41.39317],[-2.69622,41.40125],[-2.68947,41.41256]]]}},{"type":"Feature","properties":{"name":"Barcones","layer":"municipio"},"geometry":{"type":"MultiLineString","coordinates":[[[-2.86715,41.27523],[-2.8739,41.29785],[-2.86715,41.31239],[-2.80868,41.31885],[-2.78844,41.3237],[-2.7637,41.31239],[-2.76145,41.27362],[-2.77494,41.24938],[-2.78169,41.25423],[-2.81992,41.25746],[-2.86715,41.27523]]]}},{"type":"Feature","properties":{"name":"Bayubas de Abajo","layer":"municipio"},"geometry":{"type":"MultiLineString","coordinates":[[[-2.95487,41.54181],[-2.93238,41.55635],[-2.8739,41.5402],[-2.8694,41.52889],[-2.87615,41.51111],[-2.89414,41.50304],[-2.88065,41.49173],[-2.88965,41.46426],[-2.90989,41.45457],[-2.92338,41.46265],[-2.91888,41.49011],[-2.93238,41.48526],[-2.93013,41.51758],[-2.95487,41.54181]]]}},{"type":"Feature","properties":{"name":"Bayubas de Arriba","layer":"municipio"},"geometry":{"type":"MultiLineString","coordinates":[[[-2.93238,41.55635],[-2.92338,41.57412],[-2.89639,41.57412],[-2.86491,41.58705],[-2.84691,41.56605],[-2.8739,41.5402],[-2.93238,41.55635]]]}},{"type":"Feature","properties":{"name":"Berlanga de Duero","layer":"municipio"},"geometry":{"type":"MultiLineString","coordinates":[[[-2.97736,41.38671],[-2.97061,41.44003],[-2.95487,41.44649],[-2.95712,41.48526],[-2.93238,41.48526],[-2.91888,41.49011],[-2.92338,41.46265],[-2.90989,41.45457],[-2.88965,41.46426],[-2.88065,41.49173],[-2.89414,41.50304],[-2.87615,41.51111],[-2.8694,41.52889],[-2.86266,41.51758],[-2.83792,41.51111],[-2.82892,41.52889],[-2.80643,41.53212],[-2.80193,41.53858],[-2.78169,41.52565],[-2.74795,41.5305],[-2.7412,41.52404],[-2.75245,41.50465],[-2.78169,41.4998],[-2.79743,41.49334],[-2.80868,41.46265],[-2.78844,41.45457],[-2.81543,41.42064],[-2.80643,41.39802],[-2.81992,41.38186],[-2.82667,41.38025],[-2.86715,41.36732],[-2.87615,41.33663],[-2.8874,41.32532],[-2.90764,41.32693],[-2.91439,41.35278],[-2.95487,41.36248],[-2.97736,41.38671]]]}},{"type":"Feature","properties":{"name":"Burgo de Osma-Ciudad de Osma","layer":"municipio"},"geometry":{"type":"MultiLineString","coordinates":[[[-2.96387,41.58543],[-2.99311,41.57735],[-2.98411,41.55958],[-2.99311,41.54827],[-2.99535,41.54504],[-3.02459,41.52727],[-3.02909,41.51273],[-3.02459,41.48365],[-3.09881,41.48526],[-3.12131,41.4788],[-3.10331,41.5402],[-3.11006,41.54827],[-3.15954,41.56766],[-3.16179,41.57897],[-3.13705,41.58866],[-3.12355,41.62744]]]}},{"type":"Feature","properties":{"name":"Caltojar","layer":"municipio"},"geometry":{"type":"MultiLineString","coordinates":[[[-2.81992,41.38186],[-2.80643,41.39802],[-2.81543,41.42064],[-2.78844,41.45457],[-2.7547,41.45295],[-2.74795,41.43841],[-2.68947,41.41256],[-2.69622,41.40125],[-2.67598,41.39317],[-2.69172,41.3754],[-2.69397,41.34955],[-2.70072,41.34632],[-2.7502,41.36409],[-2.76145,41.36086],[-2.78619,41.37379],[-2.81992,41.38186]]]}},{"type":"Feature","properties":{"name":"Caracena","layer":"municipio"},"geometry":{"type":"MultiLineString","coordinates":[[[-3.10781,41.41418],[-3.07182,41.41095],[-3.06508,41.3851],[-3.07857,41.36409],[-3.11456,41.37863],[-3.1348,41.37379],[-3.11006,41.40125],[-3.10781,41.41418]]]}},{"type":"Feature","properties":{"name":"Carrascosa de Abajo","layer":"municipio"},"geometry":{"type":"MultiLineString","coordinates":[[[-3.12131,41.43195],[-3.11681,41.44164],[-3.06958,41.44649],[-3.05833,41.43841],[-3.04259,41.41579],[-3.06508,41.3851],[-3.07182,41.41095],[-3.10781,41.41418],[-3.12131,41.43195]]]}},{"type":"Feature","properties":{"name":"Frechilla de Almaz\u00e1n","layer":"municipio"},"geometry":{"type":"MultiLineString","coordinates":[[[-2.54553,41.37863],[-2.53204,41.40125],[-2.53428,41.4368],[-2.54553,41.4578],[-2.53204,41.46426],[-2.51629,41.44164]],[[-2.52754,41.37055],[-2.54553,41.37863]]]}},{"type":"Feature","properties":{"name":"Castillejo de Robledo","layer":"municipio"},"geometry":{"type":"MultiLineString","coordinates":[[[-3.46542,41.58866],[-3.46542,41.57897],[-3.43843,41.55797],[-3.45867,41.53696],[-3.47892,41.52081],[-3.53514,41.54827],[-3.54189,41.57735]]]}},{"type":"Feature","properties":{"name":"Centenera de Andaluz","layer":"municipio"},"geometry":{"type":"MultiLineString","coordinates":[[[-2.78169,41.4998],[-2.75245,41.50465],[-2.7412,41.52404],[-2.72321,41.53373],[-2.69397,41.52889],[-2.68947,41.51435],[-2.70072,41.49657],[-2.71421,41.48688],[-2.73221,41.4998],[-2.76145,41.49173],[-2.78169,41.4998]]]}},{"type":"Feature","properties":{"name":"Fresno de Caracena","layer":"municipio"},"geometry":{"type":"MultiLineString","coordinates":[[[-3.12131,41.4788],[-3.09881,41.48526],[-3.06958,41.44649],[-3.11681,41.44164],[-3.12805,41.4481],[-3.13255,41.47234],[-3.12131,41.4788]]]}},{"type":"Feature","properties":{"name":"Fuentecambr\u00f3n","layer":"municipio"},"geometry":{"type":"MultiLineString","coordinates":[[[-3.41369,41.47557],[-3.38445,41.49334],[-3.37995,41.51435],[-3.35072,41.50627],[-3.32148,41.52727],[-3.30573,41.53212],[-3.28324,41.50627],[-3.28774,41.48688],[-3.33047,41.46103],[-3.35072,41.4578],[-3.36421,41.46749],[-3.38445,41.46588],[-3.41369,41.47557]]]}},{"type":"Feature","properties":{"name":"Fuentepinilla","layer":"municipio"},"geometry":{"type":"MultiLineString","coordinates":[[[-2.80193,41.53858],[-2.78394,41.55312],[-2.79068,41.58705],[-2.75695,41.59028]],[[-2.70747,41.57089],[-2.68947,41.54827],[-2.68048,41.55312],[-2.66698,41.54504],[-2.69397,41.52889],[-2.72321,41.53373],[-2.7412,41.52404],[-2.74795,41.5305],[-2.78169,41.52565],[-2.80193,41.53858]]]}},{"type":"Feature","properties":{"name":"Langa de Duero","layer":"municipio"},"geometry":{"type":"MultiLineString","coordinates":[[[-3.3912,41.57412],[-3.37995,41.57089],[-3.39345,41.53858],[-3.37995,41.51435],[-3.38445,41.49334],[-3.41369,41.47557],[-3.42494,41.48203],[-3.42044,41.51273],[-3.45867,41.53696],[-3.43843,41.55797],[-3.46542,41.57897],[-3.46542,41.58866]]]}},{"type":"Feature","properties":{"name":"Liceras","layer":"municipio"},"geometry":{"type":"MultiLineString","coordinates":[[[-3.263,41.41418],[-3.20902,41.42387],[-3.20677,41.38671],[-3.23151,41.3754],[-3.22926,41.35601],[-3.26975,41.36894],[-3.272,41.37863],[-3.254,41.40287],[-3.263,41.41418]]]}},{"type":"Feature","properties":{"name":"Matamala de Almaz\u00e1n","layer":"municipio"},"geometry":{"type":"MultiLineString","coordinates":[[[-2.70072,41.49657],[-2.68947,41.51435],[-2.69397,41.52889],[-2.66698,41.54504],[-2.60626,41.5515],[-2.59726,41.50304],[-2.57927,41.49011],[-2.57927,41.47234],[-2.59726,41.47395],[-2.61525,41.46911],[-2.64224,41.48203],[-2.66698,41.47234],[-2.70072,41.49657]]]}},{"type":"Feature","properties":{"name":"Mi\u00f1o de Medinaceli","layer":"municipio"},"geometry":{"type":"MultiLineString","coordinates":[[[-2.61975,41.18314],[-2.61975,41.19607],[-2.60176,41.19445],[-2.58826,41.22353],[-2.55003,41.19607],[-2.51629,41.1993]],[[-2.53653,41.16214],[-2.53878,41.15406],[-2.57477,41.13952],[-2.59501,41.14921],[-2.57702,41.17829],[-2.60176,41.18799],[-2.61975,41.18314]]]}},{"type":"Feature","properties":{"name":"Mi\u00f1o de San Esteban","layer":"municipio"},"geometry":{"type":"MultiLineString","coordinates":[[[-3.37995,41.51435],[-3.39345,41.53858],[-3.37995,41.57089],[-3.3912,41.57412],[-3.37096,41.5919]],[[-3.33047,41.5822],[-3.31248,41.58059],[-3.32373,41.56605],[-3.30798,41.5612],[-3.30573,41.53212],[-3.32148,41.52727],[-3.35072,41.50627],[-3.37995,41.51435]]]}},{"type":"Feature","properties":{"name":"Quintanas de Gormaz","layer":"municipio"},"geometry":{"type":"MultiLineString","coordinates":[[[-2.99535,41.54504],[-2.99311,41.54827],[-2.95487,41.54181],[-2.93013,41.51758],[-2.93238,41.48526],[-2.95712,41.48526],[-2.98861,41.49011],[-2.9976,41.50788],[-2.98861,41.51919],[-2.99535,41.54504]]]}},{"type":"Feature","properties":{"name":"Montejo de Tiermes","layer":"municipio"},"geometry":{"type":"MultiLineString","coordinates":[[[-3.34172,41.41741],[-3.28774,41.42872],[-3.263,41.41418],[-3.254,41.40287],[-3.272,41.37863],[-3.26975,41.36894],[-3.22926,41.35601],[-3.23151,41.3754],[-3.20677,41.38671],[-3.20902,41.42387],[-3.17079,41.41256],[-3.12131,41.43195],[-3.10781,41.41418],[-3.11006,41.40125],[-3.1348,41.37379],[-3.11456,41.37863],[-3.07857,41.36409],[-3.11456,41.34309],[-3.1258,41.31885],[-3.1438,41.33016],[-3.16404,41.29462],[-3.17753,41.29947],[-3.20677,41.30431],[-3.23601,41.31885],[-3.26975,41.34147],[-3.272,41.35278],[-3.32822,41.37702],[-3.34622,41.3964],[-3.34172,41.41741]]]}},{"type":"Feature","properties":{"name":"Recuerda","layer":"municipio"},"geometry":{"type":"MultiLineString","coordinates":[[[-3.06508,41.3851],[-3.04259,41.41579],[-3.05833,41.43841],[-3.03584,41.4481],[-3.01785,41.46588],[-3.0201,41.48365],[-2.98861,41.49011],[-2.95712,41.48526],[-2.95487,41.44649],[-2.97061,41.44003],[-2.97736,41.38671],[-3.0111,41.38671],[-3.02909,41.3964],[-3.06508,41.3851]]]}},{"type":"Feature","properties":{"name":"Rello","layer":"municipio"},"geometry":{"type":"MultiLineString","coordinates":[[[-2.78844,41.3237],[-2.76145,41.36086],[-2.7502,41.36409],[-2.70072,41.34632],[-2.72096,41.32855],[-2.7637,41.31239],[-2.78844,41.3237]]]}},{"type":"Feature","properties":{"name":"Quintana Redonda","layer":"municipio"},"geometry":{"type":"MultiLineString","coordinates":[[[-2.55228,41.57574],[-2.57027,41.56928],[-2.57477,41.58059],[-2.631,41.60967]],[[-2.69622,41.57412],[-2.68048,41.55312],[-2.68947,41.54827],[-2.70747,41.57089],[-2.75245,41.59836]]]}},{"type":"Feature","properties":{"name":"Retortillo de Soria","layer":"municipio"},"geometry":{"type":"MultiLineString","coordinates":[[[-3.16404,41.29462],[-3.1438,41.33016],[-3.1258,41.31885],[-3.11456,41.34309],[-3.07857,41.36409],[-3.06508,41.3851],[-3.02909,41.3964],[-3.0111,41.38671],[-2.97736,41.38671],[-2.95487,41.36248],[-2.91439,41.35278],[-2.90764,41.32693],[-2.93463,41.31401],[-2.95037,41.293],[-3.0066,41.28493],[-3.01785,41.28977],[-3.06283,41.27362],[-3.09881,41.28008],[-3.10781,41.28816],[-3.16404,41.29462]]]}},{"type":"Feature","properties":{"name":"La Riba de Escalote","layer":"municipio"},"geometry":{"type":"MultiLineString","coordinates":[[[-2.82667,41.38025],[-2.81992,41.38186],[-2.78619,41.37379],[-2.76145,41.36086],[-2.78844,41.3237],[-2.80868,41.31885],[-2.82442,41.35278],[-2.82667,41.38025]]]}},{"type":"Feature","properties":{"name":"San Esteban de Gormaz","layer":"municipio"},"geometry":{"type":"MultiLineString","coordinates":[[[-3.34172,41.41741],[-3.34622,41.42872],[-3.33047,41.46103],[-3.28774,41.48688],[-3.28324,41.50627],[-3.30573,41.53212],[-3.30798,41.5612],[-3.32373,41.56605],[-3.31248,41.58059],[-3.33047,41.5822],[-3.33047,41.59028]],[[-3.13705,41.58866],[-3.16179,41.57897],[-3.15954,41.56766],[-3.11006,41.54827],[-3.10331,41.5402],[-3.12131,41.4788],[-3.13255,41.47234],[-3.12805,41.4481],[-3.11681,41.44164],[-3.12131,41.43195],[-3.17079,41.41256],[-3.20902,41.42387],[-3.263,41.41418],[-3.28774,41.42872],[-3.34172,41.41741]]]}},{"type":"Feature","properties":{"name":"Tardelcuende","layer":"municipio"},"geometry":{"type":"MultiLineString","coordinates":[[[-2.68048,41.55312],[-2.69622,41.57412],[-2.69397,41.61936]],[[-2.57477,41.58059],[-2.57027,41.56928],[-2.60626,41.5515],[-2.66698,41.54504],[-2.68048,41.55312]]]}},{"type":"Feature","properties":{"name":"Valdenebro","layer":"municipio"},"geometry":{"type":"MultiLineString","coordinates":[[[-2.99311,41.54827],[-2.98411,41.55958],[-2.99311,41.57735],[-2.96387,41.58543],[-2.93913,41.60967]],[[-2.86491,41.58705],[-2.89639,41.57412],[-2.92338,41.57412],[-2.93238,41.55635],[-2.95487,41.54181],[-2.99311,41.54827]]]}},{"type":"Feature","properties":{"name":"Valderrodilla","layer":"municipio"},"geometry":{"type":"MultiLineString","coordinates":[[[-2.79068,41.58705],[-2.78394,41.55312],[-2.80193,41.53858],[-2.80643,41.53212],[-2.81992,41.5402],[-2.83567,41.56443],[-2.84691,41.56605],[-2.86491,41.58705]]]}},{"type":"Feature","properties":{"name":"Velamaz\u00e1n","layer":"municipio"},"geometry":{"type":"MultiLineString","coordinates":[[[-2.78844,41.45457],[-2.80868,41.46265],[-2.79743,41.49334],[-2.78169,41.4998],[-2.76145,41.49173],[-2.73221,41.4998],[-2.71421,41.48688],[-2.70072,41.49657],[-2.66698,41.47234],[-2.66024,41.42225],[-2.68947,41.41256],[-2.74795,41.43841],[-2.7547,41.45295],[-2.78844,41.45457]]]}},{"type":"Feature","properties":{"name":"Villanueva de Gormaz","layer":"municipio"},"geometry":{"type":"MultiLineString","coordinates":[[[-3.09881,41.48526],[-3.02459,41.48365],[-3.0201,41.48365],[-3.01785,41.46588],[-3.03584,41.4481],[-3.05833,41.43841],[-3.06958,41.44649],[-3.09881,41.48526]]]}},{"type":"Feature","properties":{"name":"Villasayas","layer":"municipio"},"geometry":{"type":"MultiLineString","coordinates":[[[-2.69397,41.34955],[-2.69172,41.3754],[-2.67598,41.39317],[-2.64674,41.39317],[-2.63999,41.3851],[-2.59726,41.39156],[-2.58826,41.37863],[-2.56352,41.3754],[-2.57702,41.33501],[-2.622,41.31885],[-2.65349,41.33986],[-2.69397,41.34955]]]}},{"type":"Feature","properties":{"name":"Aguasal","layer":"municipio"},"geometry":{"type":"MultiLineString","coordinates":[[[-4.67545,41.26231],[-4.6777,41.27362],[-4.65071,41.293],[-4.65746,41.31885],[-4.62597,41.32855],[-4.60123,41.32047],[-4.59673,41.32047],[-4.60573,41.31239],[-4.59448,41.29624],[-4.61022,41.29462],[-4.63272,41.272],[-4.6687,41.25908],[-4.67545,41.26231]]]}},{"type":"Feature","properties":{"name":"Alaejos","layer":"municipio"},"geometry":{"type":"MultiLineString","coordinates":[[[-5.3052,41.31885],[-5.27147,41.33501],[-5.23998,41.35924],[-5.22873,41.33986],[-5.20624,41.33824],[-5.177,41.32532],[-5.15901,41.33016],[-5.14102,41.30754],[-5.15001,41.27846],[-5.17475,41.27039],[-5.20399,41.272],[-5.22199,41.24292],[-5.26472,41.24938],[-5.29171,41.26877],[-5.3052,41.31885]]]}},{"type":"Feature","properties":{"name":"Alcazar\u00e9n","layer":"municipio"},"geometry":{"type":"MultiLineString","coordinates":[[[-4.72493,41.39802],[-4.72268,41.41741],[-4.70469,41.4061],[-4.62147,41.39802],[-4.61022,41.38994],[-4.61697,41.3754],[-4.6642,41.34309],[-4.68894,41.35117],[-4.71818,41.37217],[-4.72493,41.39802]]]}},{"type":"Feature","properties":{"name":"Aldea de San Miguel","layer":"municipio"},"geometry":{"type":"MultiLineString","coordinates":[[[-4.65296,41.45134],[-4.62597,41.47234],[-4.62822,41.47719],[-4.60348,41.46749],[-4.59223,41.4271],[-4.60797,41.42064],[-4.63047,41.42387],[-4.65296,41.45134]]]}},{"type":"Feature","properties":{"name":"Aldeamayor de San Mart\u00edn","layer":"municipio"},"geometry":{"type":"MultiLineString","coordinates":[[[-4.70694,41.52727],[-4.68445,41.52889],[-4.68445,41.54827],[-4.66195,41.54504],[-4.63946,41.56281],[-4.61472,41.56928],[-4.60348,41.55635],[-4.58323,41.55474],[-4.58548,41.52889],[-4.60348,41.50465],[-4.62822,41.49011],[-4.68669,41.50304],[-4.70694,41.52727]]]}},{"type":"Feature","properties":{"name":"Almenara de Adaja","layer":"municipio"},"geometry":{"type":"MultiLineString","coordinates":[[[-4.71368,41.20414],[-4.70019,41.2203],[-4.65296,41.22999],[-4.64846,41.22353],[-4.65071,41.1993],[-4.70244,41.18476],[-4.71368,41.20414]]]}},{"type":"Feature","properties":{"name":"Ataquines","layer":"municipio"},"geometry":{"type":"MultiLineString","coordinates":[[[-4.84188,41.17829],[-4.83289,41.19768],[-4.81939,41.21869],[-4.77441,41.21061],[-4.75192,41.18799],[-4.71368,41.20414],[-4.70244,41.18476],[-4.70244,41.17506],[-4.72043,41.15729],[-4.77441,41.18153],[-4.81939,41.16052],[-4.84188,41.17829]]]}},{"type":"Feature","properties":{"name":"Bobadilla del Campo","layer":"municipio"},"geometry":{"type":"MultiLineString","coordinates":[[[-5.0623,41.18799],[-5.00832,41.22676],[-4.99033,41.1993],[-5.01282,41.16375],[-5.02181,41.15406],[-5.0488,41.14275],[-5.06455,41.1686],[-5.0623,41.18799]]]}},{"type":"Feature","properties":{"name":"Bercero","layer":"municipio"},"geometry":{"type":"MultiLineString","coordinates":[[[-5.12752,41.50304],[-5.11178,41.52565],[-5.11178,41.54504],[-5.12077,41.56281],[-5.11403,41.57089],[-5.08254,41.57897],[-5.06455,41.5919]],[[-5.04655,41.58382],[-5.02856,41.56605],[-5.02406,41.55797],[-5.0623,41.53535],[-5.07579,41.53535],[-5.10278,41.51273],[-5.12302,41.4998],[-5.12752,41.50304]]]}},{"type":"Feature","properties":{"name":"Berceruelo","layer":"municipio"},"geometry":{"type":"MultiLineString","coordinates":[[[-5.02856,41.56605],[-5.04655,41.58382],[-5.02856,41.6032]]]}},{"type":"Feature","properties":{"name":"Boecillo","layer":"municipio"},"geometry":{"type":"MultiLineString","coordinates":[[[-4.76991,41.54666],[-4.76766,41.54989],[-4.74292,41.55635],[-4.68445,41.55797],[-4.68445,41.54827],[-4.68445,41.52889],[-4.70694,41.52727],[-4.72268,41.50788],[-4.74517,41.53212],[-4.76991,41.54666]]]}},{"type":"Feature","properties":{"name":"Campaspero","layer":"municipio"},"geometry":{"type":"MultiLineString","coordinates":[[[-4.27735,41.5095],[-4.2751,41.53212],[-4.25936,41.53212],[-4.23462,41.53696],[-4.20538,41.51758],[-4.18289,41.51111],[-4.1649,41.49819],[-4.15815,41.48203],[-4.22787,41.45941],[-4.24362,41.46103],[-4.24812,41.49819],[-4.27735,41.5095]]]}},{"type":"Feature","properties":{"name":"El Campillo","layer":"municipio"},"geometry":{"type":"MultiLineString","coordinates":[[[-5.04206,41.25423],[-5.02406,41.27846],[-4.98808,41.28816],[-4.91835,41.26715],[-4.92735,41.25584],[-4.98358,41.24292],[-5.00382,41.23323],[-5.01507,41.24777],[-5.04206,41.25423]]]}},{"type":"Feature","properties":{"name":"Camporredondo","layer":"municipio"},"geometry":{"type":"MultiLineString","coordinates":[[[-4.54275,41.4481],[-4.55175,41.46265],[-4.53375,41.46265],[-4.51801,41.49334],[-4.49777,41.50627],[-4.48877,41.4998],[-4.48202,41.47395],[-4.48877,41.45941],[-4.51801,41.46265],[-4.54275,41.4481]]]}},{"type":"Feature","properties":{"name":"Canalejas de Pe\u00f1afiel","layer":"municipio"},"geometry":{"type":"MultiLineString","coordinates":[[[-4.15815,41.48203],[-4.1469,41.51111],[-4.12441,41.53373],[-4.12891,41.5402],[-4.10867,41.55312],[-4.09742,41.54989],[-4.09518,41.54504],[-4.09742,41.5305],[-4.06594,41.49496],[-4.07493,41.49496],[-4.09967,41.48688],[-4.12216,41.48042],[-4.14241,41.47072],[-4.15815,41.48203]]]}},{"type":"Feature","properties":{"name":"Carpio","layer":"municipio"},"geometry":{"type":"MultiLineString","coordinates":[[[-5.16126,41.22353],[-5.13202,41.25746],[-5.14551,41.27523],[-5.11178,41.26069],[-5.08479,41.23161],[-5.07804,41.22515],[-5.07354,41.17991],[-5.0623,41.18799],[-5.06455,41.1686],[-5.0488,41.14275],[-5.07579,41.13952],[-5.10053,41.1476],[-5.11403,41.15244],[-5.10503,41.1686],[-5.10728,41.19122],[-5.12527,41.20738],[-5.16126,41.22353]]]}},{"type":"Feature","properties":{"name":"Casasola de Ari\u00f3n","layer":"municipio"},"geometry":{"type":"MultiLineString","coordinates":[[[-5.20174,41.57735],[-5.23098,41.56281],[-5.24673,41.54666],[-5.27371,41.54989],[-5.29396,41.57412]]]}},{"type":"Feature","properties":{"name":"Castrej\u00f3n de Trabancos","layer":"municipio"},"geometry":{"type":"MultiLineString","coordinates":[[[-5.22199,41.24292],[-5.20399,41.272],[-5.17475,41.27039],[-5.15001,41.27846],[-5.14551,41.27523],[-5.13202,41.25746],[-5.16126,41.22353],[-5.19275,41.22676],[-5.22199,41.24292]]]}},{"type":"Feature","properties":{"name":"Castrillo de Duero","layer":"municipio"},"geometry":{"type":"MultiLineString","coordinates":[[[-3.98047,41.58382],[-3.99396,41.55635],[-3.99396,41.5402],[-4.00521,41.55312],[-4.0277,41.56281],[-4.0322,41.59351]]]}},{"type":"Feature","properties":{"name":"Castronu\u00f1o","layer":"municipio"},"geometry":{"type":"MultiLineString","coordinates":[[[-5.33444,41.36409],[-5.33219,41.38186],[-5.30745,41.41418],[-5.28721,41.42872],[-5.25797,41.46265],[-5.23548,41.4788],[-5.1905,41.4788],[-5.18825,41.45618],[-5.20399,41.45457],[-5.1905,41.42064],[-5.21749,41.39156],[-5.23998,41.35924],[-5.27147,41.33501],[-5.3052,41.31885],[-5.3232,41.32693],[-5.33444,41.36409]]]}},{"type":"Feature","properties":{"name":"Cervillego de la Cruz","layer":"municipio"},"geometry":{"type":"MultiLineString","coordinates":[[[-5.01282,41.16375],[-4.99033,41.1993],[-4.96334,41.21061],[-4.95884,41.20253],[-4.93185,41.19284],[-4.96559,41.16537],[-4.99033,41.16052],[-5.01282,41.16375]]]}},{"type":"Feature","properties":{"name":"Castrillo de la Guare\u00f1a","layer":"municipio"},"geometry":{"type":"MultiLineString","coordinates":[[[-5.34794,41.20576],[-5.35243,41.22676],[-5.34569,41.251],[-5.3007,41.26231],[-5.29621,41.22999],[-5.34119,41.19445],[-5.34794,41.20576]]]}},{"type":"Feature","properties":{"name":"Cist\u00e9rniga","layer":"municipio"},"geometry":{"type":"MultiLineString","coordinates":[[[-4.61022,41.5822],[-4.61472,41.56928],[-4.63946,41.56281],[-4.6687,41.55958],[-4.67995,41.59513]]]}},{"type":"Feature","properties":{"name":"Cogeces de \u00cdscar","layer":"municipio"},"geometry":{"type":"MultiLineString","coordinates":[[[-4.56749,41.42387],[-4.54725,41.43195],[-4.5315,41.43033],[-4.51351,41.40933],[-4.51576,41.39479],[-4.55625,41.38833],[-4.554,41.40771],[-4.56749,41.42387]]]}},{"type":"Feature","properties":{"name":"Cogeces del Monte","layer":"municipio"},"geometry":{"type":"MultiLineString","coordinates":[[[-4.40555,41.53212],[-4.4078,41.54666],[-4.36732,41.5515],[-4.38306,41.56443],[-4.35158,41.56281],[-4.31784,41.58543],[-4.32908,41.59513]],[[-4.30209,41.58543],[-4.29985,41.56281],[-4.2796,41.56443],[-4.2751,41.53858],[-4.25936,41.53212],[-4.2751,41.53212],[-4.27735,41.5095],[-4.29085,41.50142],[-4.30434,41.49657],[-4.35382,41.4998],[-4.37182,41.51273],[-4.39431,41.51758],[-4.40555,41.53212]]]}},{"type":"Feature","properties":{"name":"Fompedraza","layer":"municipio"},"geometry":{"type":"MultiLineString","coordinates":[[[-4.18289,41.51111],[-4.16265,41.53696],[-4.12891,41.5402],[-4.12441,41.53373],[-4.1469,41.51111],[-4.15815,41.48203],[-4.1649,41.49819],[-4.18289,41.51111]]]}},{"type":"Feature","properties":{"name":"Fresno el Viejo","layer":"municipio"},"geometry":{"type":"MultiLineString","coordinates":[[[-5.22873,41.1896],[-5.20399,41.20414],[-5.19275,41.22676],[-5.16126,41.22353],[-5.12527,41.20738],[-5.10728,41.19122],[-5.10503,41.1686],[-5.11403,41.15244],[-5.10053,41.1476],[-5.12527,41.13144],[-5.17925,41.16699],[-5.21749,41.15891],[-5.22873,41.1896]]]}},{"type":"Feature","properties":{"name":"Fuente el Sol","layer":"municipio"},"geometry":{"type":"MultiLineString","coordinates":[[[-4.99033,41.16052],[-4.96559,41.16537],[-4.93185,41.19284],[-4.89586,41.19122],[-4.89136,41.17345],[-4.92735,41.16375],[-4.94984,41.14114],[-4.95884,41.13952],[-4.96783,41.15244],[-4.99033,41.16052]]]}},{"type":"Feature","properties":{"name":"Fuente-Olmedo","layer":"municipio"},"geometry":{"type":"MultiLineString","coordinates":[[[-4.6687,41.25908],[-4.63272,41.272],[-4.61247,41.24454],[-4.61472,41.2413],[-4.64846,41.22353],[-4.65296,41.22999],[-4.6687,41.25908]]]}},{"type":"Feature","properties":{"name":"Hornillos de Eresma","layer":"municipio"},"geometry":{"type":"MultiLineString","coordinates":[[[-4.76991,41.35601],[-4.75192,41.39479],[-4.72493,41.39802],[-4.71818,41.37217],[-4.68894,41.35117],[-4.68445,41.33178],[-4.72268,41.32209],[-4.74742,41.33016],[-4.75867,41.35924],[-4.76991,41.35601]]]}},{"type":"Feature","properties":{"name":"\u00cdscar","layer":"municipio"},"geometry":{"type":"MultiLineString","coordinates":[[[-4.59673,41.32047],[-4.58099,41.32209],[-4.55625,41.3447],[-4.56524,41.37863],[-4.55625,41.38833],[-4.51576,41.39479],[-4.48427,41.36732],[-4.48427,41.36571],[-4.49552,41.36409],[-4.50227,41.34309],[-4.49327,41.32693],[-4.47303,41.32209],[-4.46853,41.29624],[-4.47078,41.29139],[-4.50002,41.30108],[-4.50452,41.31078],[-4.53375,41.31885],[-4.55849,41.3027],[-4.59673,41.32047]]]}},{"type":"Feature","properties":{"name":"Marzales","layer":"municipio"},"geometry":{"type":"MultiLineString","coordinates":[[[-5.12527,41.58705],[-5.11403,41.57089],[-5.12077,41.56281],[-5.14776,41.55797],[-5.17026,41.58543],[-5.1725,41.59351]]]}},{"type":"Feature","properties":{"name":"Laguna de Duero","layer":"municipio"},"geometry":{"type":"MultiLineString","coordinates":[[[-4.76766,41.54989],[-4.74967,41.58866],[-4.72268,41.59674]],[[-4.6687,41.55958],[-4.68445,41.55797],[-4.74292,41.55635],[-4.76766,41.54989]]]}},{"type":"Feature","properties":{"name":"Langayo","layer":"municipio"},"geometry":{"type":"MultiLineString","coordinates":[[[-4.30209,41.58543],[-4.2841,41.57574],[-4.26611,41.5822],[-4.18964,41.57897],[-4.1649,41.56766],[-4.17839,41.54827],[-4.19639,41.54181],[-4.20538,41.51758],[-4.23462,41.53696],[-4.25936,41.53212],[-4.2751,41.53858],[-4.2796,41.56443],[-4.29985,41.56281],[-4.30209,41.58543]]]}},{"type":"Feature","properties":{"name":"Matapozuelos","layer":"municipio"},"geometry":{"type":"MultiLineString","coordinates":[[[-4.81939,41.4368],[-4.80815,41.45295],[-4.77441,41.44487],[-4.74517,41.44972],[-4.72268,41.41741],[-4.72493,41.39802],[-4.75192,41.39479],[-4.76991,41.35601],[-4.7924,41.35924],[-4.80365,41.39802],[-4.81939,41.4368]]]}},{"type":"Feature","properties":{"name":"Matilla de los Ca\u00f1os","layer":"municipio"},"geometry":{"type":"MultiLineString","coordinates":[[[-4.98583,41.54343],[-4.97008,41.56443],[-4.94534,41.55635],[-4.94534,41.54666],[-4.9251,41.54181],[-4.91835,41.5305],[-4.95209,41.52565],[-4.98583,41.54343]]]}},{"type":"Feature","properties":{"name":"Megeces","layer":"municipio"},"geometry":{"type":"MultiLineString","coordinates":[[[-4.62147,41.39802],[-4.60797,41.42064],[-4.59223,41.4271],[-4.56749,41.42387],[-4.554,41.40771],[-4.55625,41.38833],[-4.56524,41.37863],[-4.61022,41.38994],[-4.62147,41.39802]]]}},{"type":"Feature","properties":{"name":"Medina del Campo","layer":"municipio"},"geometry":{"type":"MultiLineString","coordinates":[[[-4.98808,41.28816],[-4.99033,41.31078],[-4.96783,41.33663],[-4.97908,41.36732],[-4.96334,41.36248],[-4.9296,41.38025],[-4.90036,41.38348],[-4.88012,41.39802],[-4.87112,41.43033],[-4.85763,41.43841],[-4.84638,41.43033],[-4.85313,41.40287],[-4.86887,41.39156],[-4.86437,41.3447],[-4.86662,41.30593],[-4.84413,41.29462],[-4.85763,41.28008],[-4.84413,41.27523],[-4.81489,41.24938],[-4.82389,41.23323],[-4.83963,41.22999],[-4.86213,41.24454],[-4.88912,41.251],[-4.9161,41.26554],[-4.91835,41.26715],[-4.98808,41.28816]]]}},{"type":"Feature","properties":{"name":"Moraleja de las Panaderas","layer":"municipio"},"geometry":{"type":"MultiLineString","coordinates":[[[-4.84413,41.29462],[-4.7969,41.293],[-4.80365,41.26392],[-4.81489,41.24938],[-4.84413,41.27523],[-4.85763,41.28008],[-4.84413,41.29462]]]}},{"type":"Feature","properties":{"name":"Mojados","layer":"municipio"},"geometry":{"type":"MultiLineString","coordinates":[[[-4.74517,41.44972],[-4.73168,41.46265],[-4.70244,41.4578],[-4.68445,41.44649],[-4.6642,41.45618],[-4.65296,41.45134],[-4.63047,41.42387],[-4.60797,41.42064],[-4.62147,41.39802],[-4.70469,41.4061],[-4.72268,41.41741],[-4.74517,41.44972]]]}},{"type":"Feature","properties":{"name":"Montemayor de Pililla","layer":"municipio"},"geometry":{"type":"MultiLineString","coordinates":[[[-4.49102,41.51435],[-4.49102,41.53535],[-4.47528,41.55312],[-4.46853,41.55958],[-4.45503,41.54989],[-4.41455,41.54827],[-4.40555,41.53212],[-4.39431,41.51758],[-4.39431,41.50788],[-4.4258,41.47395],[-4.46628,41.46911],[-4.47753,41.4578],[-4.48202,41.47395],[-4.48877,41.4998],[-4.49102,41.51435]]]}},{"type":"Feature","properties":{"name":"Mota del Marqu\u00e9s","layer":"municipio"},"geometry":{"type":"MultiLineString","coordinates":[[[-5.17026,41.58543],[-5.17475,41.5822],[-5.177,41.58059],[-5.21524,41.63067]]]}},{"type":"Feature","properties":{"name":"Nava del Rey","layer":"municipio"},"geometry":{"type":"MultiLineString","coordinates":[[[-5.15901,41.33016],[-5.13877,41.33824],[-5.13652,41.37702],[-5.15676,41.40448],[-5.14327,41.39802],[-5.13652,41.41256],[-5.10278,41.41418],[-5.07579,41.42387],[-5.08254,41.45457],[-5.05555,41.47072],[-5.03756,41.4578],[-5.0488,41.39479],[-5.03306,41.35763],[-5.05105,41.34309],[-5.0533,41.33016],[-5.08254,41.28977],[-5.11853,41.293],[-5.14551,41.27523],[-5.15001,41.27846],[-5.14102,41.30754],[-5.15901,41.33016]]]}},{"type":"Feature","properties":{"name":"Nueva Villa de las Torres","layer":"municipio"},"geometry":{"type":"MultiLineString","coordinates":[[[-5.14551,41.27523],[-5.11853,41.293],[-5.08254,41.28977],[-5.0488,41.27685],[-5.02406,41.27846],[-5.04206,41.25423],[-5.08479,41.23161],[-5.11178,41.26069],[-5.14551,41.27523]]]}},{"type":"Feature","properties":{"name":"Olmos de Pe\u00f1afiel","layer":"municipio"},"geometry":{"type":"MultiLineString","coordinates":[[[-4.0277,41.56281],[-4.00521,41.55312],[-3.99396,41.5402],[-3.99396,41.5305],[-4.06819,41.56281]]]}},{"type":"Feature","properties":{"name":"Olmedo","layer":"municipio"},"geometry":{"type":"MultiLineString","coordinates":[[[-4.7969,41.293],[-4.79465,41.34955],[-4.7924,41.35924],[-4.76991,41.35601],[-4.75867,41.35924],[-4.74742,41.33016],[-4.72268,41.32209],[-4.68445,41.33178],[-4.68894,41.35117],[-4.6642,41.34309],[-4.61697,41.3754],[-4.62597,41.36248],[-4.61247,41.32855],[-4.60123,41.32047],[-4.62597,41.32855],[-4.65746,41.31885],[-4.65071,41.293],[-4.6777,41.27362],[-4.67545,41.26231],[-4.71368,41.25908],[-4.70019,41.2203],[-4.71368,41.20414],[-4.75192,41.18799],[-4.77441,41.21061],[-4.75642,41.2203],[-4.74967,41.2413],[-4.75642,41.25261],[-4.73393,41.26554],[-4.75642,41.28977],[-4.7969,41.293]]]}},{"type":"Feature","properties":{"name":"La Parrilla","layer":"municipio"},"geometry":{"type":"MultiLineString","coordinates":[[[-4.58548,41.52889],[-4.58323,41.55474],[-4.51351,41.57251],[-4.47528,41.55312],[-4.49102,41.53535],[-4.49102,41.51435],[-4.51351,41.50788],[-4.56974,41.51758],[-4.58548,41.52889]]]}},{"type":"Feature","properties":{"name":"Quintanilla de Arriba","layer":"municipio"},"geometry":{"type":"MultiLineString","coordinates":[[[-4.26611,41.5822],[-4.2841,41.57574],[-4.30209,41.58543]]]}},{"type":"Feature","properties":{"name":"La Pedraja de Portillo","layer":"municipio"},"geometry":{"type":"MultiLineString","coordinates":[[[-4.75867,41.49496],[-4.72268,41.50788],[-4.70694,41.52727],[-4.68669,41.50304],[-4.62822,41.49011],[-4.62822,41.47719],[-4.62597,41.47234],[-4.65296,41.45134],[-4.6642,41.45618],[-4.68445,41.44649],[-4.70244,41.4578],[-4.73168,41.46265],[-4.74517,41.44972],[-4.75417,41.4578],[-4.75867,41.49496]]]}},{"type":"Feature","properties":{"name":"Pedrajas de San Esteban","layer":"municipio"},"geometry":{"type":"MultiLineString","coordinates":[[[-4.61697,41.3754],[-4.61022,41.38994],[-4.56524,41.37863],[-4.55625,41.3447],[-4.58099,41.32209],[-4.59673,41.32047],[-4.60123,41.32047],[-4.61247,41.32855],[-4.62597,41.36248],[-4.61697,41.3754]]]}},{"type":"Feature","properties":{"name":"Pedrosa del Rey","layer":"municipio"},"geometry":{"type":"MultiLineString","coordinates":[[[-5.25347,41.5095],[-5.22873,41.52889],[-5.24673,41.54666],[-5.23098,41.56281],[-5.20174,41.57735],[-5.177,41.58059],[-5.17475,41.5822],[-5.16801,41.5515],[-5.18375,41.54343],[-5.19275,41.52081],[-5.17925,41.50465],[-5.18375,41.49334],[-5.1905,41.4788],[-5.23548,41.4788],[-5.25347,41.5095]]]}},{"type":"Feature","properties":{"name":"Pe\u00f1afiel","layer":"municipio"},"geometry":{"type":"MultiLineString","coordinates":[[[-4.13566,41.55958],[-4.13566,41.55958]],[[-4.06819,41.56281],[-4.09742,41.54989],[-4.10867,41.55312],[-4.13791,41.57089],[-4.15815,41.57251],[-4.1514,41.59513]]]}},{"type":"Feature","properties":{"name":"Pollos","layer":"municipio"},"geometry":{"type":"MultiLineString","coordinates":[[[-5.1905,41.42064],[-5.20399,41.45457],[-5.18825,41.45618],[-5.15001,41.44649],[-5.13877,41.45134],[-5.11853,41.45295],[-5.10278,41.47234],[-5.07804,41.47395],[-5.0668,41.48526],[-5.05555,41.47072],[-5.08254,41.45457],[-5.07579,41.42387],[-5.10278,41.41418],[-5.13652,41.41256],[-5.14327,41.39802],[-5.15676,41.40448],[-5.1725,41.40933],[-5.177,41.4271],[-5.1905,41.42064]]]}},{"type":"Feature","properties":{"name":"Pozaldez","layer":"municipio"},"geometry":{"type":"MultiLineString","coordinates":[[[-4.86437,41.3447],[-4.86887,41.39156],[-4.85313,41.40287],[-4.83739,41.3964],[-4.80365,41.39802],[-4.7924,41.35924],[-4.79465,41.34955],[-4.84413,41.35763],[-4.86437,41.3447]]]}},{"type":"Feature","properties":{"name":"Portillo","layer":"municipio"},"geometry":{"type":"MultiLineString","coordinates":[[[-4.62822,41.47719],[-4.62822,41.49011],[-4.60348,41.50465],[-4.58548,41.52889],[-4.56974,41.51758],[-4.51351,41.50788],[-4.49102,41.51435],[-4.48877,41.4998],[-4.49777,41.50627],[-4.51801,41.49334],[-4.53375,41.46265],[-4.55175,41.46265],[-4.54275,41.4481],[-4.54725,41.43195],[-4.56749,41.42387],[-4.59223,41.4271],[-4.60348,41.46749],[-4.62822,41.47719]]]}},{"type":"Feature","properties":{"name":"Pozal de Gallinas","layer":"municipio"},"geometry":{"type":"MultiLineString","coordinates":[[[-4.86437,41.3447],[-4.84413,41.35763],[-4.79465,41.34955],[-4.7969,41.293],[-4.84413,41.29462],[-4.86662,41.30593],[-4.86437,41.3447]]]}},{"type":"Feature","properties":{"name":"Quintanilla de On\u00e9simo","layer":"municipio"},"geometry":{"type":"MultiLineString","coordinates":[[[-4.31784,41.58543],[-4.35158,41.56281],[-4.38306,41.56443],[-4.4258,41.59028]]]}},{"type":"Feature","properties":{"name":"R\u00e1bano","layer":"municipio"},"geometry":{"type":"MultiLineString","coordinates":[[[-4.09742,41.54989],[-4.06819,41.56281],[-3.99396,41.5305],[-4.00071,41.51596],[-4.0277,41.51758],[-4.05694,41.4998],[-4.07943,41.54181],[-4.09518,41.54504],[-4.09742,41.54989]]]}},{"type":"Feature","properties":{"name":"Ramiro","layer":"municipio"},"geometry":{"type":"MultiLineString","coordinates":[[[-4.82389,41.23323],[-4.81489,41.24938],[-4.80365,41.26392],[-4.77216,41.23969],[-4.74967,41.2413],[-4.75642,41.2203],[-4.77441,41.21061],[-4.81939,41.21869],[-4.82389,41.23323]]]}},{"type":"Feature","properties":{"name":"Rub\u00ed de Bracamonte","layer":"municipio"},"geometry":{"type":"MultiLineString","coordinates":[[[-4.96334,41.21061],[-4.9206,41.24454],[-4.91835,41.26715],[-4.9161,41.26554],[-4.90711,41.2413],[-4.90936,41.22676],[-4.88237,41.21869],[-4.89586,41.19122],[-4.93185,41.19284],[-4.95884,41.20253],[-4.96334,41.21061]]]}},{"type":"Feature","properties":{"name":"Rueda","layer":"municipio"},"geometry":{"type":"MultiLineString","coordinates":[[[-5.03756,41.4578],[-5.02406,41.46588],[-4.97683,41.46103],[-4.94759,41.43841],[-4.9296,41.38025],[-4.96334,41.36248],[-4.97908,41.36732],[-5.00382,41.35763],[-5.03306,41.35763],[-5.0488,41.39479],[-5.03756,41.4578]]]}},{"type":"Feature","properties":{"name":"Salvador de Zapardiel","layer":"municipio"},"geometry":{"type":"MultiLineString","coordinates":[[[-4.89361,41.13952],[-4.86437,41.12336],[-4.85538,41.10074],[-4.86437,41.09428],[-4.90936,41.11852],[-4.89361,41.13952]],[[-4.84188,41.17829],[-4.81939,41.16052],[-4.82614,41.14437],[-4.88462,41.14598],[-4.88237,41.16699],[-4.84188,41.17829]]]}},{"type":"Feature","properties":{"name":"San Miguel del Arroyo","layer":"municipio"},"geometry":{"type":"MultiLineString","coordinates":[[[-4.54725,41.43195],[-4.54275,41.4481],[-4.51801,41.46265],[-4.48877,41.45941],[-4.48202,41.47395],[-4.47753,41.4578],[-4.46628,41.46911],[-4.4258,41.47395],[-4.4168,41.46588],[-4.39656,41.45295],[-4.4078,41.44164],[-4.43029,41.43195],[-4.46628,41.41741],[-4.48652,41.40933],[-4.51351,41.40933],[-4.5315,41.43033],[-4.54725,41.43195]]]}},{"type":"Feature","properties":{"name":"San Miguel del Pino","layer":"municipio"},"geometry":{"type":"MultiLineString","coordinates":[[[-4.90261,41.50465],[-4.93185,41.50142],[-4.9251,41.52404],[-4.90936,41.5305],[-4.88687,41.51435],[-4.90261,41.50465]]]}},{"type":"Feature","properties":{"name":"San Rom\u00e1n de Hornija","layer":"municipio"},"geometry":{"type":"MultiLineString","coordinates":[[[-5.32544,41.45457],[-5.33894,41.46265],[-5.33444,41.47557],[-5.31195,41.49011],[-5.3007,41.4998],[-5.25347,41.5095],[-5.23548,41.4788],[-5.25797,41.46265],[-5.28721,41.42872],[-5.3052,41.45134],[-5.32544,41.45457]]]}},{"type":"Feature","properties":{"name":"Santib\u00e1\u00f1ez de Valcorba","layer":"municipio"},"geometry":{"type":"MultiLineString","coordinates":[[[-4.46853,41.55958],[-4.43704,41.58543],[-4.4258,41.59028]],[[-4.38306,41.56443],[-4.36732,41.5515],[-4.4078,41.54666],[-4.40555,41.53212],[-4.41455,41.54827],[-4.45503,41.54989],[-4.46853,41.55958]]]}},{"type":"Feature","properties":{"name":"San Vicente del Palacio","layer":"municipio"},"geometry":{"type":"MultiLineString","coordinates":[[[-4.9161,41.26554],[-4.88912,41.251],[-4.86213,41.24454],[-4.83963,41.22999],[-4.82389,41.23323],[-4.81939,41.21869],[-4.83289,41.19768],[-4.86437,41.19284],[-4.89136,41.17345],[-4.89586,41.19122],[-4.88237,41.21869],[-4.90936,41.22676],[-4.90711,41.2413],[-4.9161,41.26554]]]}},{"type":"Feature","properties":{"name":"La Seca","layer":"municipio"},"geometry":{"type":"MultiLineString","coordinates":[[[-4.97683,41.46103],[-4.94309,41.46588],[-4.95434,41.48203],[-4.9386,41.49657],[-4.92285,41.48203],[-4.90261,41.4885],[-4.86213,41.44164],[-4.85763,41.43841],[-4.87112,41.43033],[-4.88012,41.39802],[-4.90036,41.38348],[-4.9296,41.38025],[-4.94759,41.43841],[-4.97683,41.46103]]]}},{"type":"Feature","properties":{"name":"Serrada","layer":"municipio"},"geometry":{"type":"MultiLineString","coordinates":[[[-4.90261,41.4885],[-4.90261,41.49334],[-4.85313,41.47072],[-4.83064,41.48688],[-4.80815,41.45295],[-4.81939,41.4368],[-4.86213,41.44164],[-4.90261,41.4885]]]}},{"type":"Feature","properties":{"name":"Siete Iglesias de Trabancos","layer":"municipio"},"geometry":{"type":"MultiLineString","coordinates":[[[-5.23998,41.35924],[-5.21749,41.39156],[-5.1905,41.42064],[-5.177,41.4271],[-5.1725,41.40933],[-5.15676,41.40448],[-5.13652,41.37702],[-5.13877,41.33824],[-5.15901,41.33016],[-5.177,41.32532],[-5.20624,41.33824],[-5.22873,41.33986],[-5.23998,41.35924]]]}},{"type":"Feature","properties":{"name":"Simancas","layer":"municipio"},"geometry":{"type":"MultiLineString","coordinates":[[[-4.7924,41.56443],[-4.84638,41.5612],[-4.86213,41.55474],[-4.86437,41.54989],[-4.86213,41.56443],[-4.87337,41.60644]]]}},{"type":"Feature","properties":{"name":"Tordesillas","layer":"municipio"},"geometry":{"type":"MultiLineString","coordinates":[[[-5.12752,41.50304],[-5.12302,41.4998],[-5.10278,41.47234],[-5.11853,41.45295],[-5.13877,41.45134],[-5.15676,41.49173],[-5.12752,41.50304]],[[-5.02406,41.55797],[-5.01507,41.54181],[-4.98583,41.54343],[-4.95209,41.52565],[-4.91835,41.5305],[-4.9251,41.54181],[-4.94534,41.54666],[-4.94534,41.55635],[-4.90936,41.55635],[-4.88237,41.54666],[-4.86437,41.54989],[-4.85763,41.5402],[-4.88687,41.51435],[-4.90936,41.5305],[-4.9251,41.52404],[-4.93185,41.50142],[-4.90261,41.50465],[-4.90261,41.49334],[-4.90261,41.4885],[-4.92285,41.48203],[-4.9386,41.49657],[-4.95434,41.48203],[-4.94309,41.46588],[-4.97683,41.46103],[-5.02406,41.46588],[-5.03756,41.4578],[-5.05555,41.47072],[-5.0668,41.48526],[-5.10278,41.51273],[-5.07579,41.53535],[-5.0623,41.53535],[-5.02406,41.55797]]]}},{"type":"Feature","properties":{"name":"Torrecilla de la Abadesa","layer":"municipio"},"geometry":{"type":"MultiLineString","coordinates":[[[-5.18375,41.49334],[-5.15676,41.49173],[-5.13877,41.45134],[-5.15001,41.44649],[-5.18825,41.45618],[-5.1905,41.4788],[-5.18375,41.49334]],[[-5.10278,41.51273],[-5.0668,41.48526],[-5.07804,41.47395],[-5.10278,41.47234],[-5.12302,41.4998],[-5.10278,41.51273]]]}},{"type":"Feature","properties":{"name":"Torrecilla de la Orden","layer":"municipio"},"geometry":{"type":"MultiLineString","coordinates":[[[-5.34119,41.19445],[-5.29621,41.22999],[-5.3007,41.26231],[-5.29171,41.26877],[-5.26472,41.24938],[-5.22199,41.24292],[-5.19275,41.22676],[-5.20399,41.20414],[-5.22873,41.1896],[-5.25347,41.1993],[-5.28946,41.19607],[-5.28946,41.18153],[-5.33219,41.17829],[-5.34119,41.19445]]]}},{"type":"Feature","properties":{"name":"Torre de Pe\u00f1afiel","layer":"municipio"},"geometry":{"type":"MultiLineString","coordinates":[[[-4.05694,41.4998],[-4.06594,41.49496],[-4.09742,41.5305],[-4.09518,41.54504],[-4.07943,41.54181],[-4.05694,41.4998]],[[-4.1649,41.56766],[-4.15815,41.57251],[-4.13791,41.57089],[-4.10867,41.55312],[-4.12891,41.5402],[-4.16265,41.53696],[-4.18289,41.51111],[-4.20538,41.51758],[-4.19639,41.54181],[-4.17839,41.54827],[-4.1649,41.56766]],[[-4.13566,41.55958],[-4.13566,41.55958]]]}},{"type":"Feature","properties":{"name":"Torresc\u00e1rcela","layer":"municipio"},"geometry":{"type":"MultiLineString","coordinates":[[[-4.4258,41.47395],[-4.39431,41.50788],[-4.39431,41.51758],[-4.37182,41.51273],[-4.35382,41.4998],[-4.30434,41.49657],[-4.29085,41.50142],[-4.29985,41.48526],[-4.29085,41.46265],[-4.29985,41.4578],[-4.33133,41.44487],[-4.36282,41.44972],[-4.36507,41.46103],[-4.40106,41.47557],[-4.4168,41.46588],[-4.4258,41.47395]]]}},{"type":"Feature","properties":{"name":"Traspinedo","layer":"municipio"},"geometry":{"type":"MultiLineString","coordinates":[[[-4.43704,41.58543],[-4.46853,41.55958],[-4.47528,41.55312],[-4.51351,41.57251],[-4.52476,41.59513]]]}},{"type":"Feature","properties":{"name":"Tudela de Duero","layer":"municipio"},"geometry":{"type":"MultiLineString","coordinates":[[[-4.68445,41.55797],[-4.6687,41.55958],[-4.63946,41.56281],[-4.66195,41.54504],[-4.68445,41.54827],[-4.68445,41.55797]],[[-4.51351,41.57251],[-4.58323,41.55474],[-4.60348,41.55635],[-4.61472,41.56928],[-4.61022,41.5822],[-4.63946,41.61128]]]}},{"type":"Feature","properties":{"name":"Valdestillas","layer":"municipio"},"geometry":{"type":"MultiLineString","coordinates":[[[-4.83064,41.48688],[-4.80365,41.52242],[-4.77441,41.49496],[-4.75867,41.49496],[-4.75417,41.4578],[-4.74517,41.44972],[-4.77441,41.44487],[-4.80815,41.45295],[-4.83064,41.48688]]]}},{"type":"Feature","properties":{"name":"Vega de Valdetronco","layer":"municipio"},"geometry":{"type":"MultiLineString","coordinates":[[[-5.08254,41.57897],[-5.11403,41.57089],[-5.12527,41.58705],[-5.15676,41.60159]]]}},{"type":"Feature","properties":{"name":"Velasc\u00e1lvaro","layer":"municipio"},"geometry":{"type":"MultiLineString","coordinates":[[[-5.00832,41.22676],[-5.00382,41.23323],[-4.98358,41.24292],[-4.92735,41.25584],[-4.91835,41.26715],[-4.9206,41.24454],[-4.96334,41.21061],[-4.99033,41.1993],[-5.00832,41.22676]]]}},{"type":"Feature","properties":{"name":"Velilla","layer":"municipio"},"geometry":{"type":"MultiLineString","coordinates":[[[-4.97008,41.56443],[-4.98583,41.54343],[-5.01507,41.54181],[-5.02406,41.55797],[-5.02856,41.56605]]]}},{"type":"Feature","properties":{"name":"Velliza","layer":"municipio"},"geometry":{"type":"MultiLineString","coordinates":[[[-4.93635,41.58705],[-4.90936,41.57251],[-4.90936,41.55635],[-4.94534,41.55635],[-4.97008,41.56443],[-4.97908,41.59997]]]}},{"type":"Feature","properties":{"name":"Ventosa de la Cuesta","layer":"municipio"},"geometry":{"type":"MultiLineString","coordinates":[[[-4.86213,41.44164],[-4.81939,41.4368],[-4.80365,41.39802],[-4.83739,41.3964],[-4.85313,41.40287],[-4.84638,41.43033],[-4.85763,41.43841],[-4.86213,41.44164]]]}},{"type":"Feature","properties":{"name":"Viana de Cega","layer":"municipio"},"geometry":{"type":"MultiLineString","coordinates":[[[-4.81264,41.52404],[-4.7879,41.52404],[-4.76541,41.5305],[-4.76991,41.54666],[-4.74517,41.53212],[-4.72268,41.50788],[-4.75867,41.49496],[-4.77441,41.49496],[-4.80365,41.52242],[-4.81264,41.52404]]]}},{"type":"Feature","properties":{"name":"Viloria","layer":"municipio"},"geometry":{"type":"MultiLineString","coordinates":[[[-4.4168,41.46588],[-4.40106,41.47557],[-4.36507,41.46103],[-4.36282,41.44972],[-4.36507,41.4368],[-4.4078,41.44164],[-4.39656,41.45295],[-4.4168,41.46588]]]}},{"type":"Feature","properties":{"name":"Villafranca de Duero","layer":"municipio"},"geometry":{"type":"MultiLineString","coordinates":[[[-5.32544,41.45457],[-5.3052,41.45134],[-5.28721,41.42872],[-5.30745,41.41418],[-5.33894,41.42549],[-5.32544,41.45457]]]}},{"type":"Feature","properties":{"name":"Villalar de los Comuneros","layer":"municipio"},"geometry":{"type":"MultiLineString","coordinates":[[[-5.18375,41.49334],[-5.17925,41.50465],[-5.19275,41.52081],[-5.18375,41.54343],[-5.16801,41.5515],[-5.17475,41.5822],[-5.17026,41.58543],[-5.14776,41.55797],[-5.12077,41.56281],[-5.11178,41.54504],[-5.11178,41.52565],[-5.12752,41.50304],[-5.15676,41.49173],[-5.18375,41.49334]]]}},{"type":"Feature","properties":{"name":"Villalbarba","layer":"municipio"},"geometry":{"type":"MultiLineString","coordinates":[[[-5.177,41.58059],[-5.20174,41.57735],[-5.25347,41.61128]]]}},{"type":"Feature","properties":{"name":"Vill\u00e1n de Tordesillas","layer":"municipio"},"geometry":{"type":"MultiLineString","coordinates":[[[-4.90936,41.57251],[-4.93635,41.58705],[-4.95434,41.61775]]]}},{"type":"Feature","properties":{"name":"Villanueva de Duero","layer":"municipio"},"geometry":{"type":"MultiLineString","coordinates":[[[-4.90261,41.50465],[-4.88687,41.51435],[-4.85763,41.5402],[-4.86437,41.54989],[-4.86213,41.55474],[-4.81264,41.52404],[-4.80365,41.52242],[-4.83064,41.48688],[-4.85313,41.47072],[-4.90261,41.49334],[-4.90261,41.50465]]]}},{"type":"Feature","properties":{"name":"Villaverde de Medina","layer":"municipio"},"geometry":{"type":"MultiLineString","coordinates":[[[-5.08254,41.28977],[-5.0533,41.33016],[-5.05105,41.34309],[-5.03306,41.35763],[-5.00382,41.35763],[-4.97908,41.36732],[-4.96783,41.33663],[-4.99033,41.31078],[-4.98808,41.28816],[-5.02406,41.27846],[-5.0488,41.27685],[-5.08254,41.28977]]]}},{"type":"Feature","properties":{"name":"La Zarza","layer":"municipio"},"geometry":{"type":"MultiLineString","coordinates":[[[-4.80365,41.26392],[-4.7969,41.293],[-4.75642,41.28977],[-4.73393,41.26554],[-4.75642,41.25261],[-4.74967,41.2413],[-4.77216,41.23969],[-4.80365,41.26392]]]}},{"type":"Feature","properties":{"name":"Algodre","layer":"municipio"},"geometry":{"type":"MultiLineString","coordinates":[[[-5.55935,41.57574],[-5.55486,41.57089],[-5.60209,41.55635]]]}},{"type":"Feature","properties":{"name":"Ca\u00f1izal","layer":"municipio"},"geometry":{"type":"MultiLineString","coordinates":[[[-5.40866,41.18637],[-5.39067,41.20414],[-5.37043,41.19768],[-5.34794,41.20576],[-5.34119,41.19445],[-5.33219,41.17829],[-5.33219,41.16214],[-5.35693,41.14114],[-5.38392,41.13467],[-5.39967,41.1476],[-5.39742,41.16375],[-5.40866,41.18637]]]}},{"type":"Feature","properties":{"name":"Coreses","layer":"municipio"},"geometry":{"type":"MultiLineString","coordinates":[[[-5.55486,41.57089],[-5.54136,41.56928],[-5.56835,41.55312],[-5.58859,41.54827],[-5.58184,41.51111],[-5.60434,41.49496]]]}},{"type":"Feature","properties":{"name":"Fresno de la Ribera","layer":"municipio"},"geometry":{"type":"MultiLineString","coordinates":[[[-5.58184,41.51111],[-5.58859,41.54827],[-5.56835,41.55312],[-5.54136,41.56928],[-5.55261,41.52565],[-5.58184,41.51111]]]}},{"type":"Feature","properties":{"name":"Guarrate","layer":"municipio"},"geometry":{"type":"MultiLineString","coordinates":[[[-5.54811,41.29785],[-5.53236,41.30431],[-5.51437,41.32532],[-5.49638,41.34147],[-5.49413,41.31078],[-5.46264,41.29947],[-5.46039,41.30916],[-5.44015,41.31401],[-5.39742,41.29624],[-5.40191,41.28493],[-5.4334,41.27362],[-5.46489,41.28816],[-5.49638,41.28654],[-5.50088,41.29462],[-5.53911,41.28977],[-5.54811,41.29785]]]}},{"type":"Feature","properties":{"name":"Madridanos","layer":"municipio"},"geometry":{"type":"MultiLineString","coordinates":[[[-5.5616,41.48042],[-5.53911,41.46265],[-5.5796,41.44972],[-5.59759,41.42872]]]}},{"type":"Feature","properties":{"name":"Matilla la Seca","layer":"municipio"},"geometry":{"type":"MultiLineString","coordinates":[[[-5.47164,41.58705],[-5.47838,41.56928],[-5.52562,41.57089],[-5.53011,41.58059]]]}},{"type":"Feature","properties":{"name":"Bujalaro","layer":"municipio"},"geometry":{"type":"MultiLineString","coordinates":[[[-2.90989,40.94241],[-2.88515,40.96665],[-2.86715,40.95857],[-2.85591,40.95695],[-2.84466,40.92141],[-2.86266,40.91495],[-2.90539,40.91333],[-2.90989,40.94241]]]}},{"type":"Feature","properties":{"name":"Morales de Toro","layer":"municipio"},"geometry":{"type":"MultiLineString","coordinates":[[[-5.33894,41.54989],[-5.3097,41.57412],[-5.29396,41.57412],[-5.27371,41.54989],[-5.24673,41.54666],[-5.22873,41.52889],[-5.25347,41.5095],[-5.3007,41.4998],[-5.31195,41.49011],[-5.33669,41.50627],[-5.32994,41.51273],[-5.34344,41.53696],[-5.32544,41.54343],[-5.33894,41.54989]]]}},{"type":"Feature","properties":{"name":"El Pego","layer":"municipio"},"geometry":{"type":"MultiLineString","coordinates":[[[-5.50987,41.37702],[-5.49863,41.3851],[-5.48288,41.35924],[-5.46939,41.36732],[-5.4379,41.36086],[-5.42441,41.36086],[-5.4379,41.3544],[-5.46039,41.30916],[-5.46264,41.29947],[-5.49413,41.31078],[-5.49638,41.34147],[-5.50088,41.37379],[-5.50987,41.37702]]]}},{"type":"Feature","properties":{"name":"Peleagonzalo","layer":"municipio"},"geometry":{"type":"MultiLineString","coordinates":[[[-5.51212,41.46749],[-5.51662,41.47557],[-5.49188,41.48042],[-5.48738,41.49496],[-5.4289,41.5095],[-5.42441,41.49819],[-5.45364,41.4885],[-5.46264,41.47557],[-5.51212,41.46749]]]}},{"type":"Feature","properties":{"name":"El Pi\u00f1ero","layer":"municipio"},"geometry":{"type":"MultiLineString","coordinates":[[[-5.59084,41.3964],[-5.58184,41.39156],[-5.55935,41.36409],[-5.59759,41.33986]]]}},{"type":"Feature","properties":{"name":"Vadillo de la Guare\u00f1a","layer":"municipio"},"geometry":{"type":"MultiLineString","coordinates":[[[-5.39292,41.29785],[-5.37717,41.31885],[-5.35918,41.32209],[-5.34119,41.31401],[-5.3232,41.32693],[-5.3052,41.31885],[-5.29171,41.26877],[-5.3007,41.26231],[-5.34569,41.251],[-5.39292,41.29785]]]}},{"type":"Feature","properties":{"name":"Pozoantiguo","layer":"municipio"},"geometry":{"type":"MultiLineString","coordinates":[[[-5.4379,41.56928],[-5.44465,41.54989],[-5.4514,41.54504],[-5.47838,41.56928],[-5.47164,41.58705],[-5.49188,41.59836]]]}},{"type":"Feature","properties":{"name":"San Miguel de la Ribera","layer":"municipio"},"geometry":{"type":"MultiLineString","coordinates":[[[-5.55935,41.36409],[-5.53686,41.35117],[-5.51437,41.32532],[-5.53236,41.30431],[-5.60434,41.32693]]]}},{"type":"Feature","properties":{"name":"Casa de Uceda","layer":"municipio"},"geometry":{"type":"MultiLineString","coordinates":[[[-3.39795,40.85032],[-3.39345,40.86486],[-3.36196,40.86648],[-3.34397,40.86971],[-3.33047,40.8584],[-3.33272,40.84063],[-3.37546,40.82124],[-3.39795,40.85032]]]}},{"type":"Feature","properties":{"name":"Sanzoles","layer":"municipio"},"geometry":{"type":"MultiLineString","coordinates":[[[-5.5796,41.44972],[-5.53911,41.46265],[-5.53461,41.43033],[-5.54811,41.43518],[-5.5616,41.41902],[-5.5706,41.39156],[-5.58184,41.39156],[-5.59084,41.3964],[-5.61108,41.41579]]]}},{"type":"Feature","properties":{"name":"El Casar","layer":"municipio"},"geometry":{"type":"MultiLineString","coordinates":[[[-3.46767,40.69038],[-3.43618,40.72269],[-3.43843,40.73561],[-3.44968,40.73238],[-3.45193,40.73884],[-3.44743,40.76469],[-3.42494,40.79054],[-3.4002,40.78247],[-3.39795,40.75338],[-3.40694,40.73723],[-3.3867,40.72753],[-3.4002,40.69199],[-3.40469,40.66937],[-3.42494,40.6823],[-3.42719,40.6726],[-3.46767,40.69038]]]}},{"type":"Feature","properties":{"name":"Toro","layer":"municipio"},"geometry":{"type":"MultiLineString","coordinates":[[[-5.5616,41.48042],[-5.55261,41.52565],[-5.54136,41.56928],[-5.53011,41.58059],[-5.52562,41.57089],[-5.47838,41.56928],[-5.4514,41.54504],[-5.44465,41.54989],[-5.42666,41.54666],[-5.39517,41.56443],[-5.36368,41.56766],[-5.33894,41.54989],[-5.32544,41.54343],[-5.34344,41.53696],[-5.32994,41.51273],[-5.33669,41.50627],[-5.31195,41.49011],[-5.33444,41.47557],[-5.33894,41.46265],[-5.32544,41.45457],[-5.33894,41.42549],[-5.30745,41.41418],[-5.33219,41.38186],[-5.36368,41.37702],[-5.37717,41.38348],[-5.37717,41.39964],[-5.42216,41.40287],[-5.4379,41.36086],[-5.46939,41.36732],[-5.48288,41.35924],[-5.49863,41.3851],[-5.50987,41.37702],[-5.51887,41.3851],[-5.53461,41.43033],[-5.53911,41.46265],[-5.5616,41.48042]],[[-5.51212,41.46749],[-5.46264,41.47557],[-5.45364,41.4885],[-5.42441,41.49819],[-5.4289,41.5095],[-5.48738,41.49496],[-5.49188,41.48042],[-5.51662,41.47557],[-5.51212,41.46749]],[[-5.48063,41.39156],[-5.46264,41.41418],[-5.4379,41.43033],[-5.4379,41.44649],[-5.44915,41.46265],[-5.47389,41.44649],[-5.48288,41.41579],[-5.48063,41.39156]]]}},{"type":"Feature","properties":{"name":"Villamor de los Escuderos","layer":"municipio"},"geometry":{"type":"MultiLineString","coordinates":[[[-5.55036,41.29139],[-5.54811,41.29785],[-5.53911,41.28977],[-5.50088,41.29462],[-5.49638,41.28654],[-5.49638,41.27846],[-5.52787,41.26392],[-5.5706,41.21707],[-5.58859,41.20253],[-5.62908,41.21384]]]}},{"type":"Feature","properties":{"name":"Valdefinjas","layer":"municipio"},"geometry":{"type":"MultiLineString","coordinates":[[[-5.48063,41.39156],[-5.48288,41.41579],[-5.47389,41.44649],[-5.44915,41.46265],[-5.4379,41.44649],[-5.4379,41.43033],[-5.46264,41.41418],[-5.48063,41.39156]]]}},{"type":"Feature","properties":{"name":"Vallesa de la Guare\u00f1a","layer":"municipio"},"geometry":{"type":"MultiLineString","coordinates":[[[-5.35693,41.14114],[-5.33219,41.16214],[-5.33219,41.17829],[-5.28946,41.18153],[-5.29846,41.16052],[-5.29171,41.15083],[-5.29621,41.13467],[-5.29846,41.12659],[-5.32994,41.1169],[-5.35693,41.14114]]]}},{"type":"Feature","properties":{"name":"Venialbo","layer":"municipio"},"geometry":{"type":"MultiLineString","coordinates":[[[-5.58184,41.39156],[-5.5706,41.39156],[-5.5616,41.41902],[-5.54811,41.43518],[-5.53461,41.43033],[-5.51887,41.3851],[-5.50987,41.37702],[-5.50088,41.37379],[-5.49638,41.34147],[-5.51437,41.32532],[-5.53686,41.35117],[-5.55935,41.36409],[-5.58184,41.39156]]]}},{"type":"Feature","properties":{"name":"Villabuena del Puente","layer":"municipio"},"geometry":{"type":"MultiLineString","coordinates":[[[-5.4379,41.36086],[-5.42216,41.40287],[-5.37717,41.39964],[-5.37717,41.38348],[-5.36368,41.37702],[-5.33219,41.38186],[-5.33444,41.36409],[-5.38842,41.36571],[-5.42441,41.36086],[-5.4379,41.36086]]]}},{"type":"Feature","properties":{"name":"Villaescusa","layer":"municipio"},"geometry":{"type":"MultiLineString","coordinates":[[[-5.51437,41.19122],[-5.43565,41.24615],[-5.42441,41.23161],[-5.42441,41.21222],[-5.39067,41.20414],[-5.40866,41.18637],[-5.4424,41.18476],[-5.47614,41.17829],[-5.47389,41.15406],[-5.48513,41.14598],[-5.48738,41.17991],[-5.51437,41.19122]]]}},{"type":"Feature","properties":{"name":"Villalaz\u00e1n","layer":"municipio"},"geometry":{"type":"MultiLineString","coordinates":[[[-5.58184,41.51111],[-5.55261,41.52565],[-5.5616,41.48042],[-5.62683,41.48688]]]}},{"type":"Feature","properties":{"name":"Villalonso","layer":"municipio"},"geometry":{"type":"MultiLineString","coordinates":[[[-5.29396,41.57412],[-5.3097,41.57412],[-5.32769,41.60482]]]}},{"type":"Feature","properties":{"name":"Villalube","layer":"municipio"},"geometry":{"type":"MultiLineString","coordinates":[[[-5.53011,41.58059],[-5.54136,41.56928],[-5.55486,41.57089],[-5.55935,41.57574],[-5.5616,41.60644]]]}},{"type":"Feature","properties":{"name":"Villardondiego","layer":"municipio"},"geometry":{"type":"MultiLineString","coordinates":[[[-5.44465,41.54989],[-5.4379,41.56928],[-5.39517,41.5919]],[[-5.36368,41.56766],[-5.39517,41.56443],[-5.42666,41.54666],[-5.44465,41.54989]]]}},{"type":"Feature","properties":{"name":"Villavendimio","layer":"municipio"},"geometry":{"type":"MultiLineString","coordinates":[[[-5.3097,41.57412],[-5.33894,41.54989],[-5.36368,41.56766]]]}},{"type":"Feature","properties":{"name":"El Hito","layer":"municipio"},"geometry":{"type":"MultiLineString","coordinates":[[[-2.76594,39.86479],[-2.73895,39.88095],[-2.72546,39.88418],[-2.70297,39.87771],[-2.68273,39.85348],[-2.69847,39.8244],[-2.69397,39.81309],[-2.72996,39.80501],[-2.72996,39.81955],[-2.75695,39.83086],[-2.76594,39.86479]]]}},{"type":"Feature","properties":{"name":"San Andr\u00e9s del Congosto","layer":"municipio"},"geometry":{"type":"MultiLineString","coordinates":[[[-3.05608,40.99734],[-3.04259,41.00865],[-3.01335,41.00704],[-3.00435,40.9925],[-3.0201,40.97634],[-3.04484,40.95695],[-3.05608,40.99734]]]}},{"type":"Feature","properties":{"name":"San Andr\u00e9s del Rey","layer":"municipio"},"geometry":{"type":"MultiLineString","coordinates":[[[-2.82892,40.5999],[-2.82667,40.60798],[-2.83567,40.63868],[-2.80868,40.65968],[-2.79293,40.66453],[-2.80418,40.61121],[-2.82442,40.59667],[-2.82892,40.5999]]]}},{"type":"Feature","properties":{"name":"El Acebr\u00f3n","layer":"municipio"},"geometry":{"type":"MultiLineString","coordinates":[[[-3.02234,39.89226],[-3.01335,39.90518],[-2.97286,39.93749],[-2.96387,39.9585],[-2.95037,39.94234],[-2.94812,39.93103],[-2.98636,39.88902],[-2.97961,39.86802],[-2.96162,39.85671],[-2.97511,39.85186],[-3.0021,39.89064],[-3.02234,39.89226]]]}},{"type":"Feature","properties":{"name":"Villarrobledo","layer":"municipio"},"geometry":{"type":"MultiLineString","coordinates":[[[-2.7592,39.22985],[-2.72321,39.26701],[-2.74345,39.31871],[-2.66248,39.32194],[-2.6355,39.3284],[-2.61975,39.33971],[-2.59951,39.33971],[-2.54778,39.32355],[-2.51179,39.34294]]]}},{"type":"Feature","properties":{"name":"Alc\u00e1zar de San Juan","layer":"municipio"},"geometry":{"type":"MultiLineString","coordinates":[[[-3.35072,39.24439],[-3.36196,39.29286],[-3.35971,39.31063],[-3.32822,39.33002],[-3.32373,39.37849],[-3.33047,39.40595],[-3.30798,39.39787],[-3.31698,39.42857],[-3.29449,39.47058],[-3.18428,39.47542],[-3.16179,39.42857],[-3.13255,39.32194],[-3.11006,39.26701],[-3.10781,39.24277],[-3.09207,39.20238]]]}},{"type":"Feature","properties":{"name":"Alcoba","layer":"municipio"},"geometry":{"type":"MultiLineString","coordinates":[[[-4.52476,39.32032],[-4.51801,39.3284],[-4.554,39.34133],[-4.53375,39.34456],[-4.52026,39.36718],[-4.51351,39.3898],[-4.50002,39.39787],[-4.44604,39.38495],[-4.39431,39.3801],[-4.36732,39.38333],[-4.33133,39.36233],[-4.34258,39.35102],[-4.27735,39.31709],[-4.26611,39.27024],[-4.2841,39.26539],[-4.30434,39.26539],[-4.36732,39.246],[-4.39881,39.225],[-4.45728,39.22662],[-4.49777,39.25247],[-4.50676,39.25085],[-4.53375,39.2864],[-4.52476,39.32032]]]}},{"type":"Feature","properties":{"name":"Fuentelespino de Haro","layer":"municipio"},"geometry":{"type":"MultiLineString","coordinates":[[[-2.68498,39.67253],[-2.68273,39.69676],[-2.622,39.71292],[-2.59726,39.68222],[-2.57702,39.68061],[-2.63774,39.65637],[-2.67598,39.65476],[-2.68498,39.67253]]]}},{"type":"Feature","properties":{"name":"Santiuste","layer":"municipio"},"geometry":{"type":"MultiLineString","coordinates":[[[-2.82667,41.09913],[-2.79518,41.10398],[-2.79293,41.07328],[-2.81992,41.0652],[-2.82667,41.07489],[-2.82667,41.09913]]]}},{"type":"Feature","properties":{"name":"Anchuras","layer":"municipio"},"geometry":{"type":"MultiLineString","coordinates":[[[-4.94084,39.39464],[-4.90711,39.4932],[-4.88012,39.53843],[-4.86213,39.55621],[-4.8104,39.53036],[-4.76316,39.5142],[-4.74292,39.48996],[-4.74967,39.46896],[-4.74067,39.45604],[-4.76541,39.43503],[-4.75642,39.41565],[-4.76766,39.4011],[-4.8059,39.39787],[-4.87112,39.36879],[-4.90936,39.37849],[-4.94084,39.39464]]]}},{"type":"Feature","properties":{"name":"Arenas de San Juan","layer":"municipio"},"geometry":{"type":"MultiLineString","coordinates":[[[-3.55314,39.24439],[-3.49466,39.26055],[-3.48117,39.23146],[-3.46317,39.2347],[-3.44968,39.22177]]]}},{"type":"Feature","properties":{"name":"Campo de Criptana","layer":"municipio"},"geometry":{"type":"MultiLineString","coordinates":[[[-3.18428,39.47542],[-3.18428,39.48835],[-3.1438,39.49481],[-3.07632,39.45765],[-3.06958,39.44957],[-3.02234,39.45765],[-2.99985,39.4415],[-2.99311,39.40595],[-2.99535,39.36556],[-2.98186,39.34456],[-2.99535,39.32679],[-3.01335,39.32032],[-3.08082,39.32679],[-3.05608,39.25247],[-3.02909,39.22015]],[[-3.10781,39.24277],[-3.11006,39.26701],[-3.13255,39.32194],[-3.16179,39.42857],[-3.18428,39.47542]]]}},{"type":"Feature","properties":{"name":"Los Cortijos","layer":"municipio"},"geometry":{"type":"MultiLineString","coordinates":[[[-4.13566,39.32679],[-4.09967,39.34294],[-4.07268,39.36556],[-4.00521,39.35264],[-3.97147,39.35264],[-3.96922,39.32355],[-3.95798,39.31063],[-3.96473,39.2977],[-3.98947,39.27024],[-4.00521,39.28155],[-4.03445,39.28155],[-4.05244,39.29124],[-4.09293,39.2977],[-4.13566,39.32679]]]}},{"type":"Feature","properties":{"name":"Fontanarejo","layer":"municipio"},"geometry":{"type":"MultiLineString","coordinates":[[[-4.55175,39.24116],[-4.50676,39.25085],[-4.49777,39.25247],[-4.45728,39.22662],[-4.45279,39.20885]]]}},{"type":"Feature","properties":{"name":"Socu\u00e9llamos","layer":"municipio"},"geometry":{"type":"MultiLineString","coordinates":[[[-2.94587,39.3494],[-2.90989,39.34779],[-2.90314,39.33971],[-2.8829,39.3494],[-2.86491,39.35587],[-2.84691,39.34779],[-2.81318,39.37525],[-2.79293,39.39787],[-2.77719,39.39464],[-2.77269,39.37041],[-2.74345,39.31871],[-2.72321,39.26701],[-2.7592,39.22985],[-2.78169,39.19592]],[[-2.92788,39.225],[-2.93688,39.23631],[-2.93238,39.26862],[-2.93463,39.30578],[-2.94362,39.31709],[-2.94587,39.3494]]]}},{"type":"Feature","properties":{"name":"Fuente el Fresno","layer":"municipio"},"geometry":{"type":"MultiLineString","coordinates":[[[-3.98947,39.27024],[-3.96473,39.2977],[-3.92874,39.28478],[-3.90175,39.27993],[-3.87701,39.26216],[-3.84102,39.25893],[-3.80954,39.28801],[-3.79379,39.29286],[-3.7668,39.29286],[-3.74431,39.28316],[-3.75331,39.26216],[-3.75781,39.21369]],[[-3.82303,39.23308],[-3.87926,39.23954],[-3.904,39.2347],[-3.94223,39.2557],[-3.98497,39.26378],[-3.98947,39.27024]]]}},{"type":"Feature","properties":{"name":"Herencia","layer":"municipio"},"geometry":{"type":"MultiLineString","coordinates":[[[-3.40919,39.40434],[-3.34397,39.40757],[-3.33047,39.40595],[-3.32373,39.37849],[-3.32822,39.33002],[-3.35971,39.31063],[-3.36196,39.29286],[-3.35072,39.24439],[-3.35072,39.19754]],[[-3.41819,39.22823],[-3.40469,39.25085],[-3.44293,39.27832],[-3.46092,39.31709],[-3.45867,39.34456],[-3.47667,39.34294],[-3.46992,39.37202],[-3.40919,39.40434]],[[-3.53289,39.30417],[-3.5194,39.2864],[-3.54864,39.27024],[-3.56663,39.25085],[-3.57563,39.26539],[-3.56663,39.29932],[-3.53289,39.30417]]]}},{"type":"Feature","properties":{"name":"Horcajo de los Montes","layer":"municipio"},"geometry":{"type":"MultiLineString","coordinates":[[[-4.73168,39.2557],[-4.76092,39.32032],[-4.70694,39.3284],[-4.71143,39.34617],[-4.6687,39.42372],[-4.68669,39.44957],[-4.61922,39.45442],[-4.60348,39.44311],[-4.58998,39.42049],[-4.55849,39.38818],[-4.52026,39.36718],[-4.53375,39.34456],[-4.554,39.34133],[-4.51801,39.3284],[-4.52476,39.32032],[-4.57199,39.32355],[-4.63272,39.31548],[-4.71143,39.28155],[-4.73168,39.2557]]]}},{"type":"Feature","properties":{"name":"Las Labores","layer":"municipio"},"geometry":{"type":"MultiLineString","coordinates":[[[-3.5194,39.2864],[-3.5104,39.29124],[-3.49466,39.26055],[-3.55314,39.24439],[-3.54189,39.21854]],[[-3.56663,39.25085],[-3.54864,39.27024],[-3.5194,39.2864]]]}},{"type":"Feature","properties":{"name":"Malag\u00f3n","layer":"municipio"},"geometry":{"type":"MultiLineString","coordinates":[[[-4.17614,39.29609],[-4.14915,39.29932],[-4.13566,39.32679],[-4.09293,39.2977],[-4.05244,39.29124],[-4.03445,39.28155],[-4.00521,39.28155],[-3.98947,39.27024],[-3.98497,39.26378],[-3.94223,39.2557],[-3.904,39.2347],[-3.87926,39.23954],[-3.82303,39.23308],[-3.77805,39.14099]],[[-4.12666,39.23146],[-4.14241,39.27347],[-4.16715,39.2767],[-4.17614,39.29609]]]}},{"type":"Feature","properties":{"name":"Navalpino","layer":"municipio"},"geometry":{"type":"MultiLineString","coordinates":[[[-4.73168,39.2557],[-4.71143,39.28155],[-4.63272,39.31548],[-4.57199,39.32355],[-4.52476,39.32032],[-4.53375,39.2864],[-4.50676,39.25085],[-4.55175,39.24116],[-4.55849,39.21854]],[[-4.71368,39.24439],[-4.73168,39.2557]]]}},{"type":"Feature","properties":{"name":"Navas de Estena","layer":"municipio"},"geometry":{"type":"MultiLineString","coordinates":[[[-4.61922,39.48512],[-4.58998,39.49966],[-4.56749,39.49804],[-4.554,39.51097],[-4.56074,39.53359],[-4.5315,39.55621],[-4.48202,39.53843],[-4.50227,39.5352],[-4.50002,39.51905],[-4.48427,39.48835],[-4.46178,39.47865],[-4.47303,39.45765],[-4.49327,39.44473],[-4.49777,39.42695],[-4.49552,39.40434],[-4.51351,39.3898],[-4.52026,39.36718],[-4.55849,39.38818],[-4.58998,39.42049],[-4.60348,39.44311],[-4.61922,39.45442],[-4.61922,39.48512]]]}},{"type":"Feature","properties":{"name":"Pedro Mu\u00f1oz","layer":"municipio"},"geometry":{"type":"MultiLineString","coordinates":[[[-2.99985,39.4415],[-2.97736,39.44473],[-2.93238,39.47219],[-2.90314,39.42534],[-2.8694,39.39141],[-2.89639,39.36556],[-2.8829,39.3494],[-2.90314,39.33971],[-2.90989,39.34779],[-2.94587,39.3494],[-2.98186,39.34456],[-2.99535,39.36556],[-2.99311,39.40595],[-2.99985,39.4415]]]}},{"type":"Feature","properties":{"name":"Piedrabuena","layer":"municipio"},"geometry":{"type":"MultiLineString","coordinates":[[[-4.45728,39.22662],[-4.39881,39.225],[-4.36057,39.21531]]]}},{"type":"Feature","properties":{"name":"Porzuna","layer":"municipio"},"geometry":{"type":"MultiLineString","coordinates":[[[-4.24362,39.23793],[-4.26161,39.23308],[-4.26386,39.24439],[-4.2841,39.24439],[-4.2841,39.26539],[-4.26611,39.27024],[-4.17614,39.29609],[-4.16715,39.2767],[-4.14241,39.27347],[-4.12666,39.23146],[-4.10417,39.20561]]]}},{"type":"Feature","properties":{"name":"Puerto L\u00e1pice","layer":"municipio"},"geometry":{"type":"MultiLineString","coordinates":[[[-3.47667,39.34294],[-3.45867,39.34456],[-3.46092,39.31709],[-3.44293,39.27832],[-3.46317,39.27993],[-3.47442,39.26378],[-3.46317,39.2347],[-3.48117,39.23146],[-3.49466,39.26055],[-3.5104,39.29124],[-3.5194,39.2864],[-3.53289,39.30417],[-3.53065,39.30901],[-3.47667,39.34294]]]}},{"type":"Feature","properties":{"name":"Retuerta del Bullaque","layer":"municipio"},"geometry":{"type":"MultiLineString","coordinates":[[[-4.51351,39.3898],[-4.49552,39.40434],[-4.49777,39.42695],[-4.49327,39.44473],[-4.47303,39.45765],[-4.46178,39.47865],[-4.45279,39.51743],[-4.43254,39.51905],[-4.4213,39.50774],[-4.36507,39.49643],[-4.32009,39.4835],[-4.23687,39.47865],[-4.20538,39.48835],[-4.19189,39.49804],[-4.16715,39.56751],[-4.15815,39.57721],[-4.12441,39.56428],[-4.0412,39.57559],[-4.02995,39.52228],[-4.05919,39.52228],[-4.06819,39.50289],[-4.05919,39.47219],[-4.07943,39.45119],[-4.11767,39.45604],[-4.12666,39.40757],[-4.14915,39.36233],[-4.12891,39.36556],[-4.09967,39.34294],[-4.13566,39.32679],[-4.14915,39.29932],[-4.17614,39.29609],[-4.26611,39.27024],[-4.27735,39.31709],[-4.34258,39.35102],[-4.33133,39.36233],[-4.36732,39.38333],[-4.39431,39.3801],[-4.44604,39.38495],[-4.50002,39.39787],[-4.51351,39.3898]]]}},{"type":"Feature","properties":{"name":"Tomelloso","layer":"municipio"},"geometry":{"type":"MultiLineString","coordinates":[[[-3.05608,39.25247],[-3.00885,39.30417],[-2.99535,39.32679],[-2.98186,39.34456],[-2.94587,39.3494],[-2.94362,39.31709],[-2.93463,39.30578],[-2.93238,39.26862],[-2.93688,39.23631],[-2.92788,39.225],[-2.92113,39.15553]]]}},{"type":"Feature","properties":{"name":"Villarrubia de los Ojos","layer":"municipio"},"geometry":{"type":"MultiLineString","coordinates":[[[-3.75331,39.26216],[-3.74431,39.28316],[-3.72182,39.27024],[-3.69708,39.27993],[-3.67459,39.29609],[-3.6566,39.29932],[-3.61161,39.30417],[-3.58687,39.3074],[-3.56663,39.29932],[-3.57563,39.26539],[-3.56663,39.25085],[-3.54414,39.20238]]]}},{"type":"Feature","properties":{"name":"La Alberca de Z\u00e1ncara","layer":"municipio"},"geometry":{"type":"MultiLineString","coordinates":[[[-2.56352,39.46088],[-2.54553,39.51097],[-2.52979,39.52712],[-2.52754,39.55136],[-2.51629,39.56267]],[[-2.53204,39.44796],[-2.56127,39.45442],[-2.56352,39.46088]]]}},{"type":"Feature","properties":{"name":"Camarenilla","layer":"municipio"},"geometry":{"type":"MultiLineString","coordinates":[[[-4.12441,40.02958],[-4.08168,40.03928],[-4.06819,40.02958],[-4.06369,40.02797],[-4.06144,40.01504],[-4.06144,40.01343],[-4.05019,39.98596],[-4.08843,39.9795],[-4.09293,39.99081],[-4.11992,40.01666],[-4.12441,40.02958]]]}},{"type":"Feature","properties":{"name":"Alc\u00e1zar del Rey","layer":"municipio"},"geometry":{"type":"MultiLineString","coordinates":[[[-2.84691,40.03928],[-2.83792,40.0619],[-2.83792,40.08775],[-2.77944,40.09098],[-2.76594,40.07482],[-2.77719,40.04251],[-2.80193,40.01343],[-2.83117,40.0102],[-2.84691,40.03928]]]}},{"type":"Feature","properties":{"name":"Alcohujate","layer":"municipio"},"geometry":{"type":"MultiLineString","coordinates":[[[-2.61076,40.44642],[-2.59051,40.44965],[-2.55678,40.43511],[-2.58377,40.40764],[-2.57927,40.3931],[-2.65124,40.41572],[-2.61076,40.44642]]]}},{"type":"Feature","properties":{"name":"Alconchel de la Estrella","layer":"municipio"},"geometry":{"type":"MultiLineString","coordinates":[[[-2.622,39.71292],[-2.60626,39.74523],[-2.58601,39.75816],[-2.56352,39.75331],[-2.54103,39.71938],[-2.53653,39.70484],[-2.56802,39.67899],[-2.57702,39.68061],[-2.59726,39.68222],[-2.622,39.71292]]]}},{"type":"Feature","properties":{"name":"Villarta de San Juan","layer":"municipio"},"geometry":{"type":"MultiLineString","coordinates":[[[-3.46317,39.2347],[-3.47442,39.26378],[-3.46317,39.27993],[-3.44293,39.27832],[-3.40469,39.25085],[-3.41819,39.22823],[-3.4002,39.18623]]]}},{"type":"Feature","properties":{"name":"El Robledo","layer":"municipio"},"geometry":{"type":"MultiLineString","coordinates":[[[-4.39881,39.225],[-4.36732,39.246],[-4.30434,39.26539],[-4.2841,39.26539],[-4.2841,39.24439],[-4.26386,39.24439],[-4.26161,39.23308],[-4.24362,39.23793],[-4.22338,39.22177]]]}},{"type":"Feature","properties":{"name":"Arenales de San Gregorio","layer":"municipio"},"geometry":{"type":"MultiLineString","coordinates":[[[-3.05608,39.25247],[-3.08082,39.32679],[-3.01335,39.32032],[-2.99535,39.32679],[-3.00885,39.30417],[-3.05608,39.25247]]]}},{"type":"Feature","properties":{"name":"Almendros","layer":"municipio"},"geometry":{"type":"MultiLineString","coordinates":[[[-2.93238,39.92941],[-2.87165,39.93426],[-2.84916,39.92295],[-2.84241,39.90841],[-2.85816,39.87125],[-2.85141,39.84702],[-2.83567,39.84056],[-2.84017,39.81471],[-2.84241,39.79532],[-2.85816,39.79047],[-2.8829,39.81955],[-2.88965,39.84056],[-2.87615,39.85671],[-2.91439,39.89064],[-2.93238,39.92941]]]}},{"type":"Feature","properties":{"name":"Almonacid del Marquesado","layer":"municipio"},"geometry":{"type":"MultiLineString","coordinates":[[[-2.84017,39.81471],[-2.83567,39.84056],[-2.80418,39.86479],[-2.76594,39.86479],[-2.75695,39.83086],[-2.72996,39.81955],[-2.72996,39.80501],[-2.72771,39.78886],[-2.76145,39.78239],[-2.77719,39.80824],[-2.80643,39.81794],[-2.84017,39.81471]]]}},{"type":"Feature","properties":{"name":"Barajas de Melo","layer":"municipio"},"geometry":{"type":"MultiLineString","coordinates":[[[-3.06733,40.15722],[-3.06283,40.16853],[-3.0156,40.15237],[-3.0066,40.13298],[-2.98636,40.12975],[-2.96387,40.13945],[-2.93913,40.13783],[-2.91439,40.14591],[-2.91888,40.15883],[-2.8874,40.1653],[-2.8784,40.14591],[-2.85366,40.13298],[-2.83117,40.13137],[-2.83792,40.11683],[-2.85591,40.11683],[-2.87165,40.0829],[-2.89864,40.08128],[-2.91439,40.0619],[-2.94587,40.06513],[-2.95037,40.07967],[-2.97061,40.09098],[-3.00435,40.08128],[-3.02234,40.09098],[-3.04484,40.08936],[-3.05383,40.09906],[-3.07857,40.13622],[-3.09657,40.14268],[-3.08982,40.16368],[-3.06733,40.15722]]]}},{"type":"Feature","properties":{"name":"Belinch\u00f3n","layer":"municipio"},"geometry":{"type":"MultiLineString","coordinates":[[[-3.09657,39.98758],[-3.09881,40.00858],[-3.08982,40.0312],[-3.09881,40.05382],[-3.09432,40.06836],[-3.05383,40.09906],[-3.04484,40.08936],[-3.02234,40.09098],[-3.00435,40.08128],[-2.97061,40.09098],[-2.95037,40.07967],[-2.94587,40.06513],[-2.95487,40.05705],[-2.99311,40.04251],[-3.01335,40.04897],[-3.06058,39.99727],[-3.09657,39.98758]]]}},{"type":"Feature","properties":{"name":"Belmonte","layer":"municipio"},"geometry":{"type":"MultiLineString","coordinates":[[[-2.7547,39.51581],[-2.75695,39.54974],[-2.74345,39.55297],[-2.74345,39.58852],[-2.75245,39.60791],[-2.71871,39.61921],[-2.70072,39.66284],[-2.68498,39.67253],[-2.67598,39.65476],[-2.68273,39.6386],[-2.70297,39.62729],[-2.71871,39.60306],[-2.68273,39.57721],[-2.66248,39.57398],[-2.631,39.55782],[-2.65574,39.51743],[-2.69847,39.50935],[-2.7547,39.51581]]]}},{"type":"Feature","properties":{"name":"Buend\u00eda","layer":"municipio"},"geometry":{"type":"MultiLineString","coordinates":[[[-2.81767,40.36402],[-2.80643,40.40441],[-2.77719,40.44642],[-2.7592,40.44157],[-2.77044,40.42218],[-2.72321,40.39633],[-2.71421,40.41087],[-2.70297,40.39956],[-2.70972,40.3414],[-2.73221,40.32363],[-2.80868,40.32686],[-2.81543,40.33171],[-2.81767,40.36402]]]}},{"type":"Feature","properties":{"name":"Ca\u00f1averuelas","layer":"municipio"},"geometry":{"type":"MultiLineString","coordinates":[[[-2.68048,40.40279],[-2.70297,40.42218],[-2.70072,40.43026],[-2.65124,40.43995],[-2.63999,40.44803],[-2.61076,40.44642],[-2.65124,40.41572],[-2.57927,40.3931],[-2.58152,40.38179],[-2.60176,40.38017],[-2.64899,40.38825],[-2.68048,40.40279]]]}},{"type":"Feature","properties":{"name":"Carrascosa de Haro","layer":"municipio"},"geometry":{"type":"MultiLineString","coordinates":[[[-2.59051,39.61114],[-2.57027,39.62083],[-2.52304,39.60629]],[[-2.55903,39.57236],[-2.56802,39.56267],[-2.59051,39.61114]]]}},{"type":"Feature","properties":{"name":"Castej\u00f3n","layer":"municipio"},"geometry":{"type":"MultiLineString","coordinates":[[[-2.58152,40.38179],[-2.57927,40.3931],[-2.58377,40.40764],[-2.55678,40.43511],[-2.52079,40.4238]],[[-2.53204,40.35917],[-2.55453,40.3624],[-2.58152,40.38179]]]}},{"type":"Feature","properties":{"name":"Gascue\u00f1a","layer":"municipio"},"geometry":{"type":"MultiLineString","coordinates":[[[-2.59051,40.25416],[-2.56802,40.29132],[-2.58377,40.30101],[-2.56802,40.3204],[-2.51629,40.3414]],[[-2.54103,40.27354],[-2.58377,40.24931],[-2.59051,40.25416]]]}},{"type":"Feature","properties":{"name":"Los Hinojosos","layer":"municipio"},"geometry":{"type":"MultiLineString","coordinates":[[[-2.92563,39.60144],[-2.91664,39.62568],[-2.90764,39.64183],[-2.8784,39.64183],[-2.84916,39.65961],[-2.84691,39.64991],[-2.81767,39.65314],[-2.79743,39.6176],[-2.78169,39.60629],[-2.77944,39.59821],[-2.80643,39.56267],[-2.79743,39.5449],[-2.81093,39.5352],[-2.83792,39.54166],[-2.85141,39.55136],[-2.90989,39.55944],[-2.92563,39.55621],[-2.92113,39.58206],[-2.92563,39.60144]]]}},{"type":"Feature","properties":{"name":"Monreal del Llano","layer":"municipio"},"geometry":{"type":"MultiLineString","coordinates":[[[-2.79743,39.5449],[-2.80643,39.56267],[-2.77944,39.59821],[-2.78169,39.60629],[-2.75245,39.60791],[-2.74345,39.58852],[-2.74345,39.55297],[-2.75695,39.54974],[-2.7547,39.51581],[-2.79068,39.51097],[-2.79743,39.5449]]]}},{"type":"Feature","properties":{"name":"Hontanaya","layer":"municipio"},"geometry":{"type":"MultiLineString","coordinates":[[[-2.84916,39.65961],[-2.86041,39.71292],[-2.84691,39.73231],[-2.83792,39.75977],[-2.79743,39.75977],[-2.78844,39.75331],[-2.78619,39.742],[-2.79743,39.71777],[-2.79743,39.68707],[-2.80643,39.67091],[-2.81767,39.65314],[-2.84691,39.64991],[-2.84916,39.65961]]]}},{"type":"Feature","properties":{"name":"Montalbanejo","layer":"municipio"},"geometry":{"type":"MultiLineString","coordinates":[[[-2.56352,39.75331],[-2.55228,39.75331],[-2.52079,39.79209]],[[-2.53653,39.70484],[-2.54103,39.71938],[-2.56352,39.75331]]]}},{"type":"Feature","properties":{"name":"Horcajo de Santiago","layer":"municipio"},"geometry":{"type":"MultiLineString","coordinates":[[[-3.12805,39.87448],[-3.10781,39.90356],[-3.10781,39.91326],[-3.09432,39.89387],[-3.06283,39.8971],[-3.02234,39.89226],[-3.0021,39.89064],[-2.97511,39.85186],[-2.96162,39.83086],[-2.98186,39.81471],[-3.0111,39.77916],[-3.0201,39.77108],[-3.05158,39.81309],[-3.06058,39.83732],[-3.09657,39.86964],[-3.12805,39.87448]]]}},{"type":"Feature","properties":{"name":"Taragudo","layer":"municipio"},"geometry":{"type":"MultiLineString","coordinates":[[[-3.08532,40.8374],[-3.06958,40.82609],[-3.07632,40.80832],[-3.10106,40.81155],[-3.10106,40.82609],[-3.08532,40.8374]],[[-3.07857,40.84871],[-3.06958,40.85194],[-3.07857,40.84386],[-3.07857,40.84871]]]}},{"type":"Feature","properties":{"name":"Huelves","layer":"municipio"},"geometry":{"type":"MultiLineString","coordinates":[[[-2.95487,40.05705],[-2.94587,40.06513],[-2.91439,40.0619],[-2.89864,40.08128],[-2.87165,40.0829],[-2.8694,40.03766],[-2.86491,40.02151],[-2.92113,40.01343],[-2.95037,40.04089],[-2.95487,40.05705]]]}},{"type":"Feature","properties":{"name":"Huete","layer":"municipio"},"geometry":{"type":"MultiLineString","coordinates":[[[-2.70297,39.93426],[-2.68048,39.91003],[-2.72546,39.88418],[-2.73895,39.88095],[-2.73446,39.88902],[-2.75695,39.91811],[-2.70297,39.93426]],[[-2.70747,40.28647],[-2.68048,40.30424],[-2.66248,40.29455],[-2.65124,40.27839],[-2.61525,40.2687],[-2.59051,40.25416],[-2.58377,40.24931],[-2.59276,40.22669],[-2.57927,40.20569],[-2.56577,40.21377],[-2.54328,40.21053],[-2.50954,40.17822]],[[-2.56127,40.10875],[-2.58152,40.09259],[-2.60851,40.09744],[-2.63774,40.09582],[-2.64224,40.07805],[-2.65799,40.06997],[-2.67823,40.07321],[-2.68947,40.08936],[-2.7412,40.1136],[-2.75695,40.11037],[-2.76819,40.14429],[-2.7412,40.1653],[-2.72546,40.19761],[-2.72096,40.22992],[-2.70522,40.26223],[-2.70747,40.28647]]]}},{"type":"Feature","properties":{"name":"Pineda de Gig\u00fcela","layer":"municipio"},"geometry":{"type":"MultiLineString","coordinates":[[[-2.58152,40.09259],[-2.56127,40.10875],[-2.51854,40.11037]],[[-2.57477,40.07159],[-2.58152,40.09259]]]}},{"type":"Feature","properties":{"name":"Mota del Cuervo","layer":"municipio"},"geometry":{"type":"MultiLineString","coordinates":[[[-2.93238,39.47219],[-2.93463,39.48189],[-2.92563,39.55621],[-2.90989,39.55944],[-2.85141,39.55136],[-2.83792,39.54166],[-2.82892,39.52066],[-2.84241,39.49804],[-2.83567,39.47219],[-2.81767,39.43503],[-2.79293,39.4108],[-2.79293,39.39787],[-2.81318,39.37525],[-2.84691,39.34779],[-2.86491,39.35587],[-2.8829,39.3494],[-2.89639,39.36556],[-2.8694,39.39141],[-2.90314,39.42534],[-2.93238,39.47219]]]}},{"type":"Feature","properties":{"name":"Leganiel","layer":"municipio"},"geometry":{"type":"MultiLineString","coordinates":[[[-3.0201,40.19276],[-2.9976,40.20892],[-2.94587,40.17014],[-2.91888,40.15883],[-2.91439,40.14591],[-2.93913,40.13783],[-2.96387,40.13945],[-2.98636,40.12975],[-3.0066,40.13298],[-3.0156,40.15237],[-3.01335,40.17337],[-3.0201,40.19276]]]}},{"type":"Feature","properties":{"name":"Las Mesas","layer":"municipio"},"geometry":{"type":"MultiLineString","coordinates":[[[-2.79293,39.4108],[-2.78394,39.43826],[-2.73895,39.43826],[-2.70522,39.4011],[-2.66248,39.32194],[-2.74345,39.31871],[-2.77269,39.37041],[-2.77719,39.39464],[-2.79293,39.39787],[-2.79293,39.4108]],[[-2.79293,39.39787],[-2.81318,39.37525],[-2.79293,39.39787]]]}},{"type":"Feature","properties":{"name":"Montalbo","layer":"municipio"},"geometry":{"type":"MultiLineString","coordinates":[[[-2.72546,39.88418],[-2.68048,39.91003],[-2.6175,39.91164],[-2.6175,39.89226],[-2.60626,39.86156],[-2.61525,39.83571],[-2.64449,39.81471],[-2.69397,39.81309],[-2.69847,39.8244],[-2.68273,39.85348],[-2.70297,39.87771],[-2.72546,39.88418]]]}},{"type":"Feature","properties":{"name":"Portalrubio de Guadamejud","layer":"municipio"},"geometry":{"type":"MultiLineString","coordinates":[[[-2.66248,40.29455],[-2.6355,40.29293],[-2.58377,40.30101],[-2.56802,40.29132],[-2.59051,40.25416],[-2.61525,40.2687],[-2.65124,40.27839],[-2.66248,40.29455]]]}},{"type":"Feature","properties":{"name":"Osa de la Vega","layer":"municipio"},"geometry":{"type":"MultiLineString","coordinates":[[[-2.81767,39.65314],[-2.80643,39.67091],[-2.73446,39.67091],[-2.70072,39.66284],[-2.71871,39.61921],[-2.75245,39.60791],[-2.78169,39.60629],[-2.79743,39.6176],[-2.81767,39.65314]]]}},{"type":"Feature","properties":{"name":"Palomares del Campo","layer":"municipio"},"geometry":{"type":"MultiLineString","coordinates":[[[-2.70297,39.93426],[-2.69847,39.94719],[-2.67148,39.96173],[-2.64899,39.9488],[-2.60626,39.96981],[-2.57027,39.97304],[-2.54553,39.93426],[-2.6175,39.91164],[-2.68048,39.91003],[-2.70297,39.93426]]]}},{"type":"Feature","properties":{"name":"Paredes","layer":"municipio"},"geometry":{"type":"MultiLineString","coordinates":[[[-2.87165,40.0829],[-2.85591,40.11683],[-2.83792,40.11683],[-2.83792,40.08775],[-2.83792,40.0619],[-2.84691,40.03928],[-2.8694,40.03766],[-2.87165,40.0829]]]}},{"type":"Feature","properties":{"name":"El Pedernoso","layer":"municipio"},"geometry":{"type":"MultiLineString","coordinates":[[[-2.79068,39.51097],[-2.7547,39.51581],[-2.69847,39.50935],[-2.69847,39.48996],[-2.73895,39.43826],[-2.78394,39.43826],[-2.78394,39.46573],[-2.79968,39.48189],[-2.79068,39.51097]]]}},{"type":"Feature","properties":{"name":"Las Pedro\u00f1eras","layer":"municipio"},"geometry":{"type":"MultiLineString","coordinates":[[[-2.73895,39.43826],[-2.69847,39.48996],[-2.69847,39.50935],[-2.65574,39.51743],[-2.631,39.55782],[-2.59276,39.54813],[-2.56577,39.54813],[-2.52754,39.55136],[-2.52979,39.52712],[-2.54553,39.51097],[-2.56352,39.46088],[-2.57027,39.45119],[-2.60401,39.44311],[-2.59951,39.43019],[-2.6355,39.40434],[-2.63999,39.38495],[-2.61975,39.33971],[-2.6355,39.3284],[-2.66248,39.32194],[-2.70522,39.4011],[-2.73895,39.43826]]]}},{"type":"Feature","properties":{"name":"Pozorrubio de Santiago","layer":"municipio"},"geometry":{"type":"MultiLineString","coordinates":[[[-3.0111,39.77916],[-2.98186,39.81471],[-2.96162,39.83086],[-2.93913,39.83894],[-2.89639,39.83894],[-2.88515,39.79047],[-2.91214,39.78886],[-2.92788,39.80824],[-2.97511,39.7727],[-3.0111,39.77916]]]}},{"type":"Feature","properties":{"name":"El Provencio","layer":"municipio"},"geometry":{"type":"MultiLineString","coordinates":[[[-2.61975,39.33971],[-2.63999,39.38495],[-2.6355,39.40434],[-2.59951,39.43019],[-2.58601,39.42049],[-2.55678,39.42211],[-2.56127,39.45442],[-2.53204,39.44796],[-2.53204,39.42049],[-2.52304,39.40272]],[[-2.54778,39.32355],[-2.59951,39.33971],[-2.61975,39.33971]]]}},{"type":"Feature","properties":{"name":"Puebla de Almenara","layer":"municipio"},"geometry":{"type":"MultiLineString","coordinates":[[[-2.84241,39.79532],[-2.84017,39.81471],[-2.80643,39.81794],[-2.77719,39.80824],[-2.76145,39.78239],[-2.78844,39.75331],[-2.79743,39.75977],[-2.83792,39.75977],[-2.84241,39.79532]]]}},{"type":"Feature","properties":{"name":"El Valle de Altomira","layer":"municipio"},"geometry":{"type":"MultiLineString","coordinates":[[[-2.82667,40.20246],[-2.80643,40.25254],[-2.80868,40.32686],[-2.73221,40.32363],[-2.71871,40.30262],[-2.72096,40.28647],[-2.70747,40.28647],[-2.70522,40.26223],[-2.72096,40.22992],[-2.72546,40.19761],[-2.7412,40.1653],[-2.76819,40.14429],[-2.79743,40.16207],[-2.82667,40.16368],[-2.82667,40.20246]]]}},{"type":"Feature","properties":{"name":"Rada de Haro","layer":"municipio"},"geometry":{"type":"MultiLineString","coordinates":[[[-2.66248,39.57398],[-2.62875,39.59983],[-2.59051,39.61114],[-2.56802,39.56267],[-2.56577,39.54813],[-2.59276,39.54813],[-2.631,39.55782],[-2.66248,39.57398]]]}},{"type":"Feature","properties":{"name":"Salmeroncillos","layer":"municipio"},"geometry":{"type":"MultiLineString","coordinates":[[[-2.54553,40.51912],[-2.52754,40.54497],[-2.51404,40.51589]],[[-2.54553,40.47388],[-2.52979,40.49812],[-2.54553,40.51912]]]}},{"type":"Feature","properties":{"name":"Rozal\u00e9n del Monte","layer":"municipio"},"geometry":{"type":"MultiLineString","coordinates":[[[-2.83117,40.0102],[-2.80193,40.01343],[-2.77944,40.01827],[-2.76594,40.0102],[-2.7637,39.98919],[-2.78169,39.97142],[-2.78169,39.95526],[-2.81093,39.95042],[-2.83342,39.99242],[-2.83117,40.0102]]]}},{"type":"Feature","properties":{"name":"Saceda-Trasierra","layer":"municipio"},"geometry":{"type":"MultiLineString","coordinates":[[[-2.8874,40.1653],[-2.86266,40.20084],[-2.82667,40.20246],[-2.82667,40.16368],[-2.83117,40.13137],[-2.85366,40.13298],[-2.8784,40.14591],[-2.8874,40.1653]]]}},{"type":"Feature","properties":{"name":"Saelices","layer":"municipio"},"geometry":{"type":"MultiLineString","coordinates":[[[-2.84916,39.92295],[-2.84466,39.93749],[-2.81093,39.95042],[-2.78169,39.95526],[-2.77269,39.92618],[-2.75695,39.91811],[-2.73446,39.88902],[-2.73895,39.88095],[-2.76594,39.86479],[-2.80418,39.86479],[-2.83567,39.84056],[-2.85141,39.84702],[-2.85816,39.87125],[-2.84241,39.90841],[-2.84916,39.92295]]]}},{"type":"Feature","properties":{"name":"Campillo de Ranas","layer":"municipio"},"geometry":{"type":"MultiLineString","coordinates":[[[-3.40694,41.01512],[-3.3822,41.02966],[-3.3822,41.05066],[-3.36196,41.05712],[-3.35297,41.07651],[-3.35521,41.10236],[-3.33272,41.12013],[-3.31473,41.11852],[-3.31248,41.10074],[-3.28999,41.0959],[-3.25625,41.10398],[-3.254,41.10236],[-3.2675,41.08136],[-3.26525,41.05389],[-3.29899,41.02643],[-3.29899,41.01027],[-3.31698,41.0135],[-3.34397,41.00219],[-3.39345,41.00058],[-3.40694,41.01512]]]}},{"type":"Feature","properties":{"name":"San Clemente","layer":"municipio"},"geometry":{"type":"MultiLineString","coordinates":[[[-2.53204,39.42049],[-2.53204,39.44796],[-2.50505,39.43503]],[[-2.56352,39.46088],[-2.56127,39.45442],[-2.55678,39.42211],[-2.58601,39.42049],[-2.59951,39.43019],[-2.60401,39.44311],[-2.57027,39.45119],[-2.56352,39.46088]]]}},{"type":"Feature","properties":{"name":"Negredo","layer":"municipio"},"geometry":{"type":"MultiLineString","coordinates":[[[-2.88965,41.0345],[-2.87615,41.04743],[-2.82892,41.0442],[-2.82892,41.02481],[-2.84241,41.01189],[-2.88515,41.01027],[-2.88965,41.0345]]]}},{"type":"Feature","properties":{"name":"Cendejas de la Torre","layer":"municipio"},"geometry":{"type":"MultiLineString","coordinates":[[[-2.86715,40.95857],[-2.86491,40.97473],[-2.84691,41.00219],[-2.82892,41.00219],[-2.81318,40.98604],[-2.83117,40.9618],[-2.85591,40.95695],[-2.86715,40.95857]]]}},{"type":"Feature","properties":{"name":"La Olmeda de Jadraque","layer":"municipio"},"geometry":{"type":"MultiLineString","coordinates":[[[-2.76145,41.10721],[-2.76145,41.1379],[-2.73446,41.14598],[-2.72321,41.13952],[-2.71421,41.11529],[-2.72996,41.10559],[-2.76145,41.10721]]]}},{"type":"Feature","properties":{"name":"Santa Mar\u00eda de los Llanos","layer":"municipio"},"geometry":{"type":"MultiLineString","coordinates":[[[-2.83792,39.54166],[-2.81093,39.5352],[-2.79743,39.5449],[-2.79068,39.51097],[-2.79968,39.48189],[-2.78394,39.46573],[-2.78394,39.43826],[-2.79293,39.4108],[-2.81767,39.43503],[-2.83567,39.47219],[-2.84241,39.49804],[-2.82892,39.52066],[-2.83792,39.54166]]]}},{"type":"Feature","properties":{"name":"Tinajas","layer":"municipio"},"geometry":{"type":"MultiLineString","coordinates":[[[-2.6355,40.29293],[-2.6355,40.30909],[-2.58152,40.38179],[-2.55453,40.3624],[-2.53204,40.35917],[-2.51854,40.34625]],[[-2.56802,40.3204],[-2.58377,40.30101],[-2.6355,40.29293]]]}},{"type":"Feature","properties":{"name":"Taranc\u00f3n","layer":"municipio"},"geometry":{"type":"MultiLineString","coordinates":[[[-3.09657,39.98758],[-3.06058,39.99727],[-3.01335,40.04897],[-2.99311,40.04251],[-2.95487,40.05705],[-2.95037,40.04089],[-2.92113,40.01343],[-2.94362,39.99242],[-2.95262,39.97142],[-2.96387,39.9585],[-3.04034,39.95203],[-3.09432,39.95526],[-3.09657,39.98758]]]}},{"type":"Feature","properties":{"name":"Torrejoncillo del Rey","layer":"municipio"},"geometry":{"type":"MultiLineString","coordinates":[[[-2.67148,39.96173],[-2.68723,39.9795],[-2.67148,39.99404],[-2.64674,39.99727],[-2.631,40.01666],[-2.60626,40.03443],[-2.59501,40.05543],[-2.57477,40.07159],[-2.52304,40.06836]],[[-2.54553,39.93426],[-2.57027,39.97304],[-2.60626,39.96981],[-2.64899,39.9488],[-2.67148,39.96173]]]}},{"type":"Feature","properties":{"name":"Tribaldos","layer":"municipio"},"geometry":{"type":"MultiLineString","coordinates":[[[-2.95262,39.97142],[-2.94362,39.99242],[-2.92113,40.01343],[-2.91439,40.0005],[-2.8919,39.99566],[-2.8829,39.96334],[-2.90989,39.95526],[-2.95262,39.97142]]]}},{"type":"Feature","properties":{"name":"Torrubia del Campo","layer":"municipio"},"geometry":{"type":"MultiLineString","coordinates":[[[-2.97511,39.85186],[-2.96162,39.85671],[-2.97961,39.86802],[-2.98636,39.88902],[-2.94812,39.93103],[-2.95037,39.94234],[-2.93463,39.94396],[-2.93238,39.92941],[-2.91439,39.89064],[-2.90764,39.85994],[-2.89639,39.83894],[-2.93913,39.83894],[-2.96162,39.83086],[-2.97511,39.85186]]]}},{"type":"Feature","properties":{"name":"Tresjuncos","layer":"municipio"},"geometry":{"type":"MultiLineString","coordinates":[[[-2.80643,39.67091],[-2.79743,39.68707],[-2.79743,39.71777],[-2.78619,39.742],[-2.7502,39.74685],[-2.73671,39.74362],[-2.69847,39.71454],[-2.68273,39.69676],[-2.68498,39.67253],[-2.70072,39.66284],[-2.73446,39.67091],[-2.80643,39.67091]]]}},{"type":"Feature","properties":{"name":"Ucl\u00e9s","layer":"municipio"},"geometry":{"type":"MultiLineString","coordinates":[[[-2.85816,39.79047],[-2.88515,39.79047],[-2.89639,39.83894],[-2.90764,39.85994],[-2.91439,39.89064],[-2.87615,39.85671],[-2.88965,39.84056],[-2.8829,39.81955],[-2.85816,39.79047]],[[-2.8694,40.03766],[-2.84691,40.03928],[-2.83117,40.0102],[-2.83342,39.99242],[-2.81093,39.95042],[-2.84466,39.93749],[-2.8829,39.96334],[-2.8919,39.99566],[-2.91439,40.0005],[-2.92113,40.01343],[-2.86491,40.02151],[-2.8694,40.03766]]]}},{"type":"Feature","properties":{"name":"Ang\u00f3n","layer":"municipio"},"geometry":{"type":"MultiLineString","coordinates":[[[-2.89864,41.0862],[-2.89414,41.09105],[-2.87165,41.0959],[-2.84017,41.07489],[-2.82892,41.07489],[-2.82217,41.06359],[-2.82892,41.0442],[-2.87615,41.04743],[-2.8874,41.05389],[-2.8829,41.0652],[-2.88515,41.08297],[-2.89864,41.0862]]]}},{"type":"Feature","properties":{"name":"Vellisca","layer":"municipio"},"geometry":{"type":"MultiLineString","coordinates":[[[-2.83792,40.11683],[-2.83117,40.13137],[-2.82667,40.16368],[-2.79743,40.16207],[-2.76819,40.14429],[-2.75695,40.11037],[-2.77944,40.09098],[-2.83792,40.08775],[-2.83792,40.11683]]]}},{"type":"Feature","properties":{"name":"Villaescusa de Haro","layer":"municipio"},"geometry":{"type":"MultiLineString","coordinates":[[[-2.52754,39.55136],[-2.56577,39.54813],[-2.56802,39.56267],[-2.55903,39.57236],[-2.51629,39.56428]],[[-2.57702,39.68061],[-2.56802,39.67899],[-2.55228,39.67253],[-2.58601,39.65637],[-2.57027,39.62083],[-2.59051,39.61114],[-2.62875,39.59983],[-2.66248,39.57398],[-2.68273,39.57721],[-2.71871,39.60306],[-2.70297,39.62729],[-2.68273,39.6386],[-2.67598,39.65476],[-2.63774,39.65637],[-2.57702,39.68061]]]}},{"type":"Feature","properties":{"name":"Villalba del Rey","layer":"municipio"},"geometry":{"type":"MultiLineString","coordinates":[[[-2.73221,40.32363],[-2.70972,40.3414],[-2.70297,40.39956],[-2.71421,40.41087],[-2.70522,40.41572],[-2.69172,40.39472],[-2.68048,40.40279],[-2.64899,40.38825],[-2.60176,40.38017],[-2.58152,40.38179],[-2.6355,40.30909],[-2.6355,40.29293],[-2.66248,40.29455],[-2.68048,40.30424],[-2.70747,40.28647],[-2.72096,40.28647],[-2.71871,40.30262],[-2.73221,40.32363]]]}},{"type":"Feature","properties":{"name":"Villalgordo del Marquesado","layer":"municipio"},"geometry":{"type":"MultiLineString","coordinates":[[[-2.56802,39.67899],[-2.53653,39.70484],[-2.47806,39.69515]],[[-2.52979,39.65961],[-2.54328,39.68222],[-2.55228,39.67253],[-2.56802,39.67899]]]}},{"type":"Feature","properties":{"name":"Villamayor de Santiago","layer":"municipio"},"geometry":{"type":"MultiLineString","coordinates":[[[-3.0201,39.77108],[-3.0111,39.77916],[-2.97511,39.7727],[-2.92788,39.80824],[-2.91214,39.78886],[-2.88515,39.79047],[-2.85816,39.79047],[-2.84241,39.79532],[-2.83792,39.75977],[-2.84691,39.73231],[-2.86041,39.71292],[-2.84916,39.65961],[-2.8784,39.64183],[-2.90764,39.64183],[-2.91888,39.64668],[-2.95037,39.67738],[-2.97061,39.6903],[-2.99985,39.72261],[-3.0156,39.76462],[-3.0201,39.77108]]]}},{"type":"Feature","properties":{"name":"Villar de Ca\u00f1as","layer":"municipio"},"geometry":{"type":"MultiLineString","coordinates":[[[-2.64449,39.81471],[-2.61525,39.83571],[-2.60626,39.86156],[-2.58601,39.85833],[-2.58377,39.84702],[-2.55228,39.82925],[-2.52079,39.79209]],[[-2.55228,39.75331],[-2.56352,39.75331],[-2.58601,39.75816],[-2.60626,39.74523],[-2.59951,39.76947],[-2.64449,39.81471]]]}},{"type":"Feature","properties":{"name":"Villar de la Encina","layer":"municipio"},"geometry":{"type":"MultiLineString","coordinates":[[[-2.57027,39.62083],[-2.58601,39.65637],[-2.55228,39.67253],[-2.54328,39.68222],[-2.52979,39.65961],[-2.4893,39.65799]]]}},{"type":"Feature","properties":{"name":"Centenera","layer":"municipio"},"geometry":{"type":"MultiLineString","coordinates":[[[-3.09207,40.63868],[-3.07632,40.66291],[-3.07857,40.6726],[-3.04933,40.66776],[-3.02909,40.65645],[-3.02684,40.63706],[-3.07182,40.63221],[-3.09207,40.63868]]]}},{"type":"Feature","properties":{"name":"Villarejo de Fuentes","layer":"municipio"},"geometry":{"type":"MultiLineString","coordinates":[[[-2.78844,39.75331],[-2.76145,39.78239],[-2.72771,39.78886],[-2.72996,39.80501],[-2.69397,39.81309],[-2.64449,39.81471],[-2.59951,39.76947],[-2.60626,39.74523],[-2.622,39.71292],[-2.68273,39.69676],[-2.69847,39.71454],[-2.73671,39.74362],[-2.7502,39.74685],[-2.78619,39.742],[-2.78844,39.75331]]]}},{"type":"Feature","properties":{"name":"Cifuentes","layer":"municipio"},"geometry":{"type":"MultiLineString","coordinates":[[[-2.66473,40.71623],[-2.64899,40.73723],[-2.67598,40.77277],[-2.68498,40.79216],[-2.67823,40.83255],[-2.63999,40.83093],[-2.6265,40.82447],[-2.61076,40.84548],[-2.59276,40.83255],[-2.59276,40.81963],[-2.57252,40.79862],[-2.53653,40.77439],[-2.51404,40.75015]],[[-2.52754,40.71623],[-2.57252,40.71784],[-2.59051,40.73723],[-2.63999,40.69845],[-2.63999,40.67583],[-2.62875,40.66453],[-2.66923,40.65645],[-2.67598,40.64675],[-2.71197,40.65645],[-2.71421,40.66291],[-2.72096,40.69199],[-2.66698,40.7033],[-2.66473,40.71623]],[[-2.56352,40.81478],[-2.57927,40.82609],[-2.56352,40.81478]]]}},{"type":"Feature","properties":{"name":"Villares del Saz","layer":"municipio"},"geometry":{"type":"MultiLineString","coordinates":[[[-2.58601,39.85833],[-2.57702,39.86479],[-2.55228,39.85994],[-2.52079,39.86964]],[[-2.55228,39.82925],[-2.58377,39.84702],[-2.58601,39.85833]]]}},{"type":"Feature","properties":{"name":"Villarrubio","layer":"municipio"},"geometry":{"type":"MultiLineString","coordinates":[[[-2.96387,39.9585],[-2.95262,39.97142],[-2.90989,39.95526],[-2.8829,39.96334],[-2.84466,39.93749],[-2.84916,39.92295],[-2.87165,39.93426],[-2.93238,39.92941],[-2.93463,39.94396],[-2.95037,39.94234],[-2.96387,39.9585]]]}},{"type":"Feature","properties":{"name":"Cincovillas","layer":"municipio"},"geometry":{"type":"MultiLineString","coordinates":[[[-2.82217,41.16537],[-2.83342,41.17991],[-2.84017,41.21707],[-2.80643,41.22515],[-2.79068,41.18476],[-2.81318,41.17991],[-2.82217,41.16537]]]}},{"type":"Feature","properties":{"name":"Zafra de Z\u00e1ncara","layer":"municipio"},"geometry":{"type":"MultiLineString","coordinates":[[[-2.6175,39.91164],[-2.54553,39.93426],[-2.51404,39.91326]],[[-2.55228,39.85994],[-2.57702,39.86479],[-2.58601,39.85833],[-2.60626,39.86156],[-2.6175,39.89226],[-2.6175,39.91164]]]}},{"type":"Feature","properties":{"name":"Cogollor","layer":"municipio"},"geometry":{"type":"MultiLineString","coordinates":[[[-2.75245,40.83093],[-2.7502,40.86809],[-2.73446,40.85032],[-2.71646,40.84709],[-2.72546,40.82609],[-2.75245,40.83093]]]}},{"type":"Feature","properties":{"name":"Cogolludo","layer":"municipio"},"geometry":{"type":"MultiLineString","coordinates":[[[-3.22252,40.91818],[-3.21577,40.94403],[-3.18428,40.95372],[-3.18653,40.97311],[-3.15054,40.9618],[-3.14155,40.94726],[-3.11906,40.94726],[-3.09657,40.96019],[-3.09881,40.96988],[-3.07407,40.96988],[-3.08307,40.97957],[-3.10106,41.01835],[-3.07407,41.01027],[-3.05608,40.99734],[-3.04484,40.95695],[-3.03359,40.93434],[-3.03359,40.92303],[-3.06058,40.92141],[-3.07407,40.91172],[-3.07182,40.91656],[-3.10106,40.93434],[-3.11906,40.92626],[-3.1348,40.91333],[-3.13255,40.88587],[-3.18203,40.8794],[-3.18203,40.89556],[-3.20452,40.90202],[-3.22252,40.91818]]]}},{"type":"Feature","properties":{"name":"Zarza de Tajo","layer":"municipio"},"geometry":{"type":"MultiLineString","coordinates":[[[-3.16179,40.06513],[-3.11906,40.0619],[-3.09432,40.06836],[-3.09881,40.05382],[-3.08982,40.0312],[-3.09881,40.00858],[-3.09657,39.98758],[-3.14155,39.98435],[-3.15054,40.0102],[-3.16629,40.02797],[-3.17079,40.04736],[-3.16179,40.06513]]]}},{"type":"Feature","properties":{"name":"Condemios de Abajo","layer":"municipio"},"geometry":{"type":"MultiLineString","coordinates":[[[-3.11456,41.22999],[-3.08082,41.23646],[-3.08532,41.19607],[-3.11906,41.18799],[-3.11456,41.22999]]]}},{"type":"Feature","properties":{"name":"Campos del Para\u00edso","layer":"municipio"},"geometry":{"type":"MultiLineString","coordinates":[[[-2.80193,40.01343],[-2.77719,40.04251],[-2.76594,40.07482],[-2.77944,40.09098],[-2.75695,40.11037],[-2.7412,40.1136],[-2.68947,40.08936],[-2.67823,40.07321],[-2.65799,40.06997],[-2.64224,40.07805],[-2.63774,40.09582],[-2.60851,40.09744],[-2.58152,40.09259],[-2.57477,40.07159],[-2.59501,40.05543],[-2.60626,40.03443],[-2.631,40.01666],[-2.64674,39.99727],[-2.67148,39.99404],[-2.68723,39.9795],[-2.67148,39.96173],[-2.69847,39.94719],[-2.70297,39.93426],[-2.75695,39.91811],[-2.77269,39.92618],[-2.78169,39.95526],[-2.78169,39.97142],[-2.7637,39.98919],[-2.76594,40.0102],[-2.77944,40.01827],[-2.80193,40.01343]]]}},{"type":"Feature","properties":{"name":"Congostrina","layer":"municipio"},"geometry":{"type":"MultiLineString","coordinates":[[[-3.00885,41.05066],[-2.97736,41.07651],[-2.95487,41.08297],[-2.94587,41.07328],[-2.95487,41.06197],[-2.94812,41.03935],[-2.96837,41.02158],[-2.98861,41.01512],[-3.01335,41.04097],[-3.00885,41.05066]]]}},{"type":"Feature","properties":{"name":"Alaminos","layer":"municipio"},"geometry":{"type":"MultiLineString","coordinates":[[[-2.75245,40.86971],[-2.73671,40.89233],[-2.73446,40.91172],[-2.73221,40.91172],[-2.70747,40.89394],[-2.69847,40.85517],[-2.71646,40.84709],[-2.73446,40.85032],[-2.7502,40.86809],[-2.75245,40.86971]]]}},{"type":"Feature","properties":{"name":"Albendiego","layer":"municipio"},"geometry":{"type":"MultiLineString","coordinates":[[[-3.08532,41.19607],[-3.08082,41.23646],[-3.07182,41.24454],[-3.06058,41.23807],[-3.03134,41.2413],[-3.02234,41.20738],[-3.04708,41.1993],[-3.08532,41.19607]]]}},{"type":"Feature","properties":{"name":"Alarilla","layer":"municipio"},"geometry":{"type":"MultiLineString","coordinates":[[[-3.13255,40.81155],[-3.11231,40.86809],[-3.11906,40.88425],[-3.11906,40.8891],[-3.09881,40.88263],[-3.07857,40.84871],[-3.07857,40.84386],[-3.08532,40.8374],[-3.10106,40.82609],[-3.10106,40.81155],[-3.10331,40.80185],[-3.1303,40.80347],[-3.13255,40.81155]]]}},{"type":"Feature","properties":{"name":"Albalate de Zorita","layer":"municipio"},"geometry":{"type":"MultiLineString","coordinates":[[[-2.92113,40.29455],[-2.88965,40.30262],[-2.86715,40.30586],[-2.84916,40.31878],[-2.81543,40.33171],[-2.80868,40.32686],[-2.80643,40.25254],[-2.85141,40.25254],[-2.88065,40.27193],[-2.90314,40.26708],[-2.92113,40.29455]]]}},{"type":"Feature","properties":{"name":"Albares","layer":"municipio"},"geometry":{"type":"MultiLineString","coordinates":[[[-3.07632,40.29939],[-3.06733,40.31393],[-3.06733,40.33171],[-3.06733,40.33332],[-3.01335,40.33171],[-2.9976,40.31232],[-3.01335,40.27677],[-3.06058,40.28647],[-3.07632,40.29939]]]}},{"type":"Feature","properties":{"name":"Alcocer","layer":"municipio"},"geometry":{"type":"MultiLineString","coordinates":[[[-2.65124,40.43995],[-2.64899,40.47065],[-2.6355,40.50135],[-2.61975,40.50619],[-2.59951,40.50135],[-2.55003,40.47065],[-2.54553,40.47388],[-2.51629,40.45934]],[[-2.55678,40.43511],[-2.59051,40.44965],[-2.61076,40.44642],[-2.63999,40.44803],[-2.65124,40.43995]]]}},{"type":"Feature","properties":{"name":"Alcolea de las Pe\u00f1as","layer":"municipio"},"geometry":{"type":"MultiLineString","coordinates":[[[-2.80643,41.22515],[-2.79293,41.22999],[-2.78169,41.25423],[-2.77494,41.24938],[-2.77044,41.21061],[-2.7592,41.18476],[-2.79068,41.18476],[-2.80643,41.22515]]]}},{"type":"Feature","properties":{"name":"Alcolea del Pinar","layer":"municipio"},"geometry":{"type":"MultiLineString","coordinates":[[[-2.55453,40.96342],[-2.56802,40.98442]]]}},{"type":"Feature","properties":{"name":"Aldeanueva de Guadalajara","layer":"municipio"},"geometry":{"type":"MultiLineString","coordinates":[[[-3.07857,40.6726],[-3.06283,40.71138],[-3.04034,40.70815],[-3.02459,40.69522],[-3.03809,40.66937],[-3.04933,40.66776],[-3.07857,40.6726]]]}},{"type":"Feature","properties":{"name":"Algora","layer":"municipio"},"geometry":{"type":"MultiLineString","coordinates":[[[-2.70972,40.96019],[-2.68947,40.9925],[-2.65574,40.98927],[-2.63999,40.97149],[-2.62875,40.93918],[-2.64224,40.91979],[-2.66024,40.90364],[-2.68498,40.90041],[-2.69847,40.9101],[-2.68947,40.92787],[-2.70972,40.96019]]]}},{"type":"Feature","properties":{"name":"Alh\u00f3ndiga","layer":"municipio"},"geometry":{"type":"MultiLineString","coordinates":[[[-2.85366,40.54982],[-2.81992,40.54174],[-2.80418,40.53043],[-2.82217,40.50458],[-2.82442,40.47873],[-2.85591,40.50781],[-2.84916,40.53043],[-2.85366,40.54982]]]}},{"type":"Feature","properties":{"name":"Alique","layer":"municipio"},"geometry":{"type":"MultiLineString","coordinates":[[[-2.65574,40.60152],[-2.65124,40.60636],[-2.62425,40.5999],[-2.631,40.58051],[-2.65574,40.57082],[-2.68273,40.58698],[-2.65574,40.60152]]]}},{"type":"Feature","properties":{"name":"Almadrones","layer":"municipio"},"geometry":{"type":"MultiLineString","coordinates":[[[-2.78394,40.91656],[-2.7547,40.92464],[-2.73446,40.91172],[-2.73671,40.89233],[-2.75245,40.86971],[-2.77044,40.86486],[-2.79068,40.89879],[-2.78394,40.91656]]]}},{"type":"Feature","properties":{"name":"Almoguera","layer":"municipio"},"geometry":{"type":"MultiLineString","coordinates":[[[-3.09207,40.28808],[-3.09657,40.28162],[-3.06058,40.23315],[-3.05383,40.21215],[-3.03359,40.19599],[-3.02684,40.17984],[-3.06283,40.18145],[-3.06283,40.16853],[-3.06733,40.15722],[-3.07857,40.16691],[-3.08757,40.20084],[-3.07857,40.20892],[-3.08757,40.24608],[-3.11006,40.28485],[-3.09207,40.28808]],[[-3.17978,40.30101],[-3.1438,40.29939],[-3.11231,40.28485],[-3.15279,40.26385],[-3.17304,40.23477],[-3.19553,40.24769],[-3.19778,40.25739],[-3.18428,40.27031],[-3.17978,40.30101]],[[-3.01335,40.33171],[-2.99311,40.34463],[-2.97286,40.32847],[-2.92788,40.30909],[-2.92113,40.29455],[-2.90314,40.26708],[-2.93688,40.25577],[-2.97511,40.24446],[-2.9976,40.27193],[-3.01335,40.27677],[-2.9976,40.31232],[-3.01335,40.33171]],[[-3.04933,40.3624],[-3.06733,40.33332],[-3.06733,40.33171],[-3.10556,40.34786],[-3.04933,40.3624]]]}},{"type":"Feature","properties":{"name":"Almonacid de Zorita","layer":"municipio"},"geometry":{"type":"MultiLineString","coordinates":[[[-2.85141,40.25254],[-2.80643,40.25254],[-2.82667,40.20246],[-2.86266,40.20084],[-2.8694,40.20892],[-2.85366,40.23154],[-2.85141,40.25254]],[[-2.86266,40.36725],[-2.82442,40.3624],[-2.81767,40.36402],[-2.81543,40.33171],[-2.84916,40.31878],[-2.87165,40.3414],[-2.89414,40.34625],[-2.86715,40.35432],[-2.86266,40.36725]]]}},{"type":"Feature","properties":{"name":"Aloc\u00e9n","layer":"municipio"},"geometry":{"type":"MultiLineString","coordinates":[[[-2.77269,40.56436],[-2.77044,40.57728],[-2.75245,40.58051],[-2.72321,40.5999],[-2.71646,40.60313],[-2.72996,40.58374],[-2.72996,40.57082],[-2.70522,40.56436],[-2.72546,40.55305],[-2.72996,40.53689],[-2.7592,40.54658],[-2.77269,40.56436]]]}},{"type":"Feature","properties":{"name":"Alovera","layer":"municipio"},"geometry":{"type":"MultiLineString","coordinates":[[[-3.27874,40.58698],[-3.25625,40.61444],[-3.23826,40.61283],[-3.21802,40.59182],[-3.23376,40.56436],[-3.27425,40.58213],[-3.27874,40.58698]]]}},{"type":"Feature","properties":{"name":"Aranzueque","layer":"municipio"},"geometry":{"type":"MultiLineString","coordinates":[[[-3.10781,40.49488],[-3.10331,40.50296],[-3.09881,40.50943],[-3.06283,40.5175],[-3.04933,40.49165],[-3.05383,40.47388],[-3.06958,40.46257],[-3.10106,40.47065],[-3.10781,40.49488]]]}},{"type":"Feature","properties":{"name":"Arbanc\u00f3n","layer":"municipio"},"geometry":{"type":"MultiLineString","coordinates":[[[-3.19778,41.02804],[-3.16854,41.01835],[-3.15279,41.00865],[-3.1303,40.98119],[-3.09881,40.96988],[-3.09657,40.96019],[-3.11906,40.94726],[-3.14155,40.94726],[-3.15054,40.9618],[-3.18653,40.97311],[-3.17978,40.99088],[-3.20002,41.00542],[-3.19778,41.02804]]]}},{"type":"Feature","properties":{"name":"Copernal","layer":"municipio"},"geometry":{"type":"MultiLineString","coordinates":[[[-3.06958,40.85194],[-3.07407,40.87779],[-3.04034,40.89233],[-3.02909,40.86002],[-3.06958,40.85194]]]}},{"type":"Feature","properties":{"name":"Argecilla","layer":"municipio"},"geometry":{"type":"MultiLineString","coordinates":[[[-2.86266,40.89879],[-2.86266,40.91495],[-2.84466,40.92141],[-2.82442,40.92303],[-2.78394,40.91656],[-2.79068,40.89879],[-2.77044,40.86486],[-2.79293,40.84386],[-2.83117,40.86325],[-2.83792,40.88102],[-2.86266,40.89879]]]}},{"type":"Feature","properties":{"name":"Armu\u00f1a de Taju\u00f1a","layer":"municipio"},"geometry":{"type":"MultiLineString","coordinates":[[[-3.06958,40.52881],[-3.04933,40.54658],[-3.0201,40.54658],[-2.99985,40.54174],[-2.98636,40.55143],[-2.99311,40.53689],[-3.0111,40.53204],[-3.01785,40.50781],[-3.03584,40.51104],[-3.04933,40.49165],[-3.06283,40.5175],[-3.06958,40.52881]]]}},{"type":"Feature","properties":{"name":"Arroyo de las Fraguas","layer":"municipio"},"geometry":{"type":"MultiLineString","coordinates":[[[-3.11681,41.02319],[-3.15279,41.00865],[-3.16854,41.01835],[-3.14605,41.03774],[-3.11681,41.02319]],[[-3.11006,41.11205],[-3.10106,41.09428],[-3.10781,41.0862],[-3.12355,41.07166],[-3.12805,41.08944],[-3.1483,41.09751],[-3.15054,41.13306],[-3.11006,41.11205]]]}},{"type":"Feature","properties":{"name":"Atanz\u00f3n","layer":"municipio"},"geometry":{"type":"MultiLineString","coordinates":[[[-3.04933,40.66776],[-3.03809,40.66937],[-3.02459,40.69522],[-3.0021,40.69522],[-2.98411,40.6823],[-2.99086,40.66453],[-2.98411,40.63383],[-3.00435,40.62252],[-3.02234,40.62575],[-3.02684,40.63706],[-3.02909,40.65645],[-3.04933,40.66776]]]}},{"type":"Feature","properties":{"name":"Au\u00f1\u00f3n","layer":"municipio"},"geometry":{"type":"MultiLineString","coordinates":[[[-2.82667,40.47388],[-2.82442,40.47873],[-2.82217,40.50458],[-2.80418,40.53043],[-2.79968,40.55305],[-2.77269,40.56436],[-2.7592,40.54658],[-2.72996,40.53689],[-2.73221,40.50943],[-2.7457,40.49327],[-2.77719,40.49004],[-2.78394,40.45773],[-2.79968,40.46903],[-2.82667,40.47388]]]}},{"type":"Feature","properties":{"name":"Atienza","layer":"municipio"},"geometry":{"type":"MultiLineString","coordinates":[[[-2.8829,41.0652],[-2.8874,41.05389],[-2.8829,41.0652]],[[-2.93913,41.14437],[-2.96162,41.13467],[-2.96612,41.15406],[-2.95037,41.16052],[-2.93913,41.14437]],[[-2.90089,41.2413],[-2.8919,41.23484],[-2.8784,41.26392],[-2.86715,41.27523],[-2.81992,41.25746],[-2.78169,41.25423],[-2.79293,41.22999],[-2.80643,41.22515],[-2.84017,41.21707],[-2.83342,41.17991],[-2.82217,41.16537],[-2.84466,41.13952],[-2.86491,41.13952],[-2.88065,41.15406],[-2.91888,41.17668],[-2.89639,41.20899],[-2.90314,41.21545],[-2.94362,41.2203],[-2.95262,41.22838],[-2.93013,41.251],[-2.90089,41.2413]]]}},{"type":"Feature","properties":{"name":"Barriopedro","layer":"municipio"},"geometry":{"type":"MultiLineString","coordinates":[[[-2.77494,40.80508],[-2.72771,40.79054],[-2.76145,40.76631],[-2.77494,40.76793],[-2.78394,40.78731],[-2.77494,40.80508]]]}},{"type":"Feature","properties":{"name":"Azuqueca de Henares","layer":"municipio"},"geometry":{"type":"MultiLineString","coordinates":[[[-3.28999,40.53204],[-3.28324,40.55143],[-3.28774,40.57243],[-3.27425,40.58213],[-3.23376,40.56436],[-3.24501,40.55628],[-3.23151,40.54012],[-3.25175,40.54174],[-3.28999,40.53204]]]}},{"type":"Feature","properties":{"name":"Berninches","layer":"municipio"},"geometry":{"type":"MultiLineString","coordinates":[[[-2.86041,40.55628],[-2.82442,40.59667],[-2.80418,40.61121],[-2.80193,40.61121],[-2.77044,40.57728],[-2.77269,40.56436],[-2.79968,40.55305],[-2.80418,40.53043],[-2.81992,40.54174],[-2.85366,40.54982],[-2.86041,40.55628]]]}},{"type":"Feature","properties":{"name":"Baides","layer":"municipio"},"geometry":{"type":"MultiLineString","coordinates":[[[-2.82892,41.00219],[-2.79968,41.02158],[-2.73895,41.01835],[-2.72771,41.02481],[-2.72771,40.99088],[-2.7412,40.9828],[-2.76819,40.98442],[-2.80418,40.98119],[-2.81318,40.98604],[-2.82892,41.00219]]]}},{"type":"Feature","properties":{"name":"Ba\u00f1uelos","layer":"municipio"},"geometry":{"type":"MultiLineString","coordinates":[[[-2.95037,41.293],[-2.93463,41.31401],[-2.90764,41.32693],[-2.8874,41.32532],[-2.8829,41.32209],[-2.90539,41.29624],[-2.91439,41.25908],[-2.93013,41.26715],[-2.93463,41.28493],[-2.95037,41.293]]]}},{"type":"Feature","properties":{"name":"La Bodera","layer":"municipio"},"geometry":{"type":"MultiLineString","coordinates":[[[-2.91664,41.14275],[-2.88065,41.15406],[-2.86491,41.13952],[-2.86715,41.10236],[-2.87165,41.0959],[-2.89414,41.09105],[-2.91664,41.13306],[-2.91664,41.14275]]]}},{"type":"Feature","properties":{"name":"Brihuega","layer":"municipio"},"geometry":{"type":"MultiLineString","coordinates":[[[-2.98861,40.74531],[-2.96837,40.76469],[-2.95037,40.76954],[-2.92338,40.78893],[-2.90539,40.80024],[-2.8919,40.80832],[-2.85141,40.81963],[-2.82667,40.81478],[-2.79293,40.83578],[-2.79293,40.84386],[-2.77044,40.86486],[-2.75245,40.86971],[-2.7502,40.86809],[-2.75245,40.83093],[-2.75245,40.81316],[-2.77494,40.80508],[-2.78394,40.78731],[-2.77494,40.76793],[-2.76145,40.76631],[-2.72771,40.79054],[-2.72321,40.78893],[-2.72771,40.77439],[-2.71871,40.755],[-2.73221,40.74369],[-2.7457,40.734],[-2.74795,40.72107],[-2.76594,40.70815],[-2.78394,40.71299],[-2.81093,40.69522],[-2.79293,40.66453],[-2.80868,40.65968],[-2.83117,40.66937],[-2.86266,40.66937],[-2.87615,40.63544],[-2.88515,40.62575],[-2.91214,40.61767],[-2.93238,40.64191],[-2.94362,40.64514],[-2.93013,40.70007],[-2.95037,40.70168],[-2.97286,40.72592],[-2.98861,40.74531]]]}},{"type":"Feature","properties":{"name":"Budia","layer":"municipio"},"geometry":{"type":"MultiLineString","coordinates":[[[-2.80418,40.61121],[-2.79293,40.66453],[-2.81093,40.69522],[-2.78394,40.71299],[-2.76594,40.70815],[-2.74795,40.72107],[-2.7457,40.734],[-2.72546,40.71461],[-2.72096,40.69199],[-2.71421,40.66291],[-2.7412,40.65968],[-2.73895,40.62252],[-2.77719,40.61121],[-2.80193,40.61121],[-2.80418,40.61121]]]}},{"type":"Feature","properties":{"name":"Bustares","layer":"municipio"},"geometry":{"type":"MultiLineString","coordinates":[[[-3.10331,41.11367],[-3.11006,41.12336],[-3.09881,41.16214],[-3.04259,41.16537],[-3.04034,41.12498],[-3.05608,41.09428],[-3.07407,41.11367],[-3.10331,41.11367]]]}},{"type":"Feature","properties":{"name":"Campis\u00e1balos","layer":"municipio"},"geometry":{"type":"MultiLineString","coordinates":[[[-3.20902,41.251],[-3.18653,41.28008],[-3.17753,41.29947],[-3.16404,41.29462],[-3.10781,41.28816],[-3.09881,41.28008],[-3.09657,41.26231],[-3.07407,41.25746],[-3.07182,41.24454],[-3.08082,41.23646],[-3.11456,41.22999],[-3.1483,41.23161],[-3.15054,41.24292],[-3.18878,41.24454],[-3.20902,41.251]]]}},{"type":"Feature","properties":{"name":"Condemios de Arriba","layer":"municipio"},"geometry":{"type":"MultiLineString","coordinates":[[[-3.16179,41.18153],[-3.1483,41.23161],[-3.11456,41.22999],[-3.11906,41.18799],[-3.08532,41.19607],[-3.04708,41.1993],[-3.04259,41.16537],[-3.09881,41.16214],[-3.11231,41.17022],[-3.1348,41.16537],[-3.15954,41.1686],[-3.16179,41.18153]]]}},{"type":"Feature","properties":{"name":"Cabanillas del Campo","layer":"municipio"},"geometry":{"type":"MultiLineString","coordinates":[[[-3.29224,40.63868],[-3.28774,40.66129],[-3.28099,40.64998],[-3.24276,40.66614],[-3.23151,40.65483],[-3.20002,40.64514],[-3.20002,40.6209],[-3.21127,40.60475],[-3.21802,40.59182],[-3.23826,40.61283],[-3.25625,40.61444],[-3.29224,40.63868]]]}},{"type":"Feature","properties":{"name":"Canredondo","layer":"municipio"},"geometry":{"type":"MultiLineString","coordinates":[[[-2.59276,40.83255],[-2.57927,40.82609],[-2.56352,40.81478],[-2.53204,40.80993],[-2.51854,40.82124]],[[-2.53653,40.77439],[-2.57252,40.79862],[-2.59276,40.81963],[-2.59276,40.83255]]]}},{"type":"Feature","properties":{"name":"Cantalojas","layer":"municipio"},"geometry":{"type":"MultiLineString","coordinates":[[[-3.41594,41.27362],[-3.39345,41.25746],[-3.36871,41.26069],[-3.33722,41.25261],[-3.32598,41.26231],[-3.29224,41.25746],[-3.27649,41.27523],[-3.27425,41.26069],[-3.254,41.25908],[-3.23826,41.28816],[-3.20677,41.30431],[-3.17753,41.29947],[-3.18653,41.28008],[-3.20902,41.251],[-3.21802,41.24615],[-3.23151,41.17991],[-3.272,41.17345],[-3.27874,41.16214],[-3.30348,41.15406],[-3.31698,41.17022],[-3.33722,41.17022],[-3.35971,41.19445],[-3.37771,41.1993],[-3.40245,41.21384],[-3.40694,41.23323],[-3.4002,41.25423],[-3.41144,41.26069],[-3.41594,41.27362]]]}},{"type":"Feature","properties":{"name":"Ca\u00f1izar","layer":"municipio"},"geometry":{"type":"MultiLineString","coordinates":[[[-3.11006,40.77439],[-3.09657,40.776],[-3.08757,40.79539],[-3.06958,40.80024],[-3.07182,40.80024],[-3.06508,40.80347],[-3.05158,40.79216],[-3.04484,40.75985],[-3.06958,40.74854],[-3.11006,40.77439]]]}},{"type":"Feature","properties":{"name":"El Cardoso de la Sierra","layer":"municipio"},"geometry":{"type":"MultiLineString","coordinates":[[[-3.54189,41.14921],[-3.53964,41.16537],[-3.51715,41.16214],[-3.49916,41.17829],[-3.46542,41.18314],[-3.45418,41.20253],[-3.44293,41.21545],[-3.40245,41.21384],[-3.37771,41.1993],[-3.37321,41.1686],[-3.35521,41.10236],[-3.35297,41.07651],[-3.36196,41.05712],[-3.3822,41.05066],[-3.3822,41.02966],[-3.40694,41.01512],[-3.43843,41.04258],[-3.42719,41.0652],[-3.42719,41.08297],[-3.44743,41.08136],[-3.47442,41.0959],[-3.48791,41.10398],[-3.5104,41.1379],[-3.54189,41.14921]]]}},{"type":"Feature","properties":{"name":"Casas de San Galindo","layer":"municipio"},"geometry":{"type":"MultiLineString","coordinates":[[[-3.0021,40.8794],[-2.98411,40.89071],[-2.99086,40.90202],[-2.95262,40.8794],[-2.94138,40.87617],[-2.93913,40.85194],[-2.95037,40.84548],[-2.96387,40.85517],[-2.96387,40.86648],[-3.0021,40.8794]]]}},{"type":"Feature","properties":{"name":"Caspue\u00f1as","layer":"municipio"},"geometry":{"type":"MultiLineString","coordinates":[[[-3.0021,40.69522],[-3.0066,40.70168],[-2.97286,40.72592],[-2.95037,40.70168],[-2.93013,40.70007],[-2.95487,40.68714],[-2.98411,40.6823],[-3.0021,40.69522]]]}},{"type":"Feature","properties":{"name":"Castej\u00f3n de Henares","layer":"municipio"},"geometry":{"type":"MultiLineString","coordinates":[[[-2.82442,40.92303],[-2.81093,40.93595],[-2.77269,40.95534],[-2.7547,40.92464],[-2.78394,40.91656],[-2.82442,40.92303]]]}},{"type":"Feature","properties":{"name":"Cendejas de Enmedio","layer":"municipio"},"geometry":{"type":"MultiLineString","coordinates":[[[-2.91664,40.98604],[-2.91439,40.99088],[-2.88515,41.01027],[-2.84241,41.01189],[-2.82892,41.00219],[-2.84691,41.00219],[-2.86491,40.97473],[-2.86715,40.95857],[-2.88515,40.96665],[-2.90764,40.98765],[-2.91664,40.98604]]]}},{"type":"Feature","properties":{"name":"Ciruelas","layer":"municipio"},"geometry":{"type":"MultiLineString","coordinates":[[[-3.1348,40.76954],[-3.13255,40.77116],[-3.11006,40.77439],[-3.06958,40.74854],[-3.07632,40.74531],[-3.08082,40.71946],[-3.08757,40.72269],[-3.13255,40.74369],[-3.1348,40.76954]]]}},{"type":"Feature","properties":{"name":"El Cubillo de Uceda","layer":"municipio"},"geometry":{"type":"MultiLineString","coordinates":[[[-3.42494,40.79054],[-3.45418,40.79216],[-3.45193,40.81155],[-3.42719,40.83901],[-3.39795,40.85032],[-3.37546,40.82124],[-3.37096,40.80993],[-3.37546,40.79539],[-3.4002,40.78247],[-3.42494,40.79054]]]}},{"type":"Feature","properties":{"name":"Chiloeches","layer":"municipio"},"geometry":{"type":"MultiLineString","coordinates":[[[-3.23376,40.56436],[-3.21802,40.59182],[-3.21127,40.60475],[-3.19328,40.61121],[-3.16854,40.59505],[-3.14155,40.58698],[-3.16404,40.54982],[-3.19328,40.54982],[-3.20452,40.53204],[-3.21802,40.52881],[-3.20002,40.51589],[-3.20002,40.51427],[-3.22252,40.52558],[-3.23151,40.54012],[-3.24501,40.55628],[-3.23376,40.56436]]]}},{"type":"Feature","properties":{"name":"Chillar\u00f3n del Rey","layer":"municipio"},"geometry":{"type":"MultiLineString","coordinates":[[[-2.72996,40.57082],[-2.72996,40.58374],[-2.71646,40.60313],[-2.69622,40.61929],[-2.68723,40.60798],[-2.66024,40.60313],[-2.68498,40.58859],[-2.68947,40.57567],[-2.72996,40.57082]]]}},{"type":"Feature","properties":{"name":"Driebes","layer":"municipio"},"geometry":{"type":"MultiLineString","coordinates":[[[-3.09207,40.28808],[-3.08307,40.29132],[-3.0156,40.238],[-2.99985,40.23154],[-2.9976,40.20892],[-3.0201,40.19276],[-3.03359,40.19599],[-3.05383,40.21215],[-3.06058,40.23315],[-3.09657,40.28162],[-3.09207,40.28808]]]}},{"type":"Feature","properties":{"name":"Dur\u00f3n","layer":"municipio"},"geometry":{"type":"MultiLineString","coordinates":[[[-2.73895,40.62252],[-2.7412,40.65968],[-2.71421,40.66291],[-2.71197,40.65645],[-2.67598,40.64675],[-2.68048,40.6306],[-2.69622,40.61929],[-2.71646,40.60313],[-2.72321,40.5999],[-2.73895,40.62252]]]}},{"type":"Feature","properties":{"name":"Escamilla","layer":"municipio"},"geometry":{"type":"MultiLineString","coordinates":[[[-2.60851,40.53528],[-2.59501,40.55951],[-2.60176,40.5692],[-2.57927,40.5999],[-2.55228,40.57567],[-2.52079,40.57082]],[[-2.52754,40.54497],[-2.54553,40.51912],[-2.59051,40.52235],[-2.60851,40.53528]]]}},{"type":"Feature","properties":{"name":"Escariche","layer":"municipio"},"geometry":{"type":"MultiLineString","coordinates":[[[-3.1303,40.40441],[-3.09207,40.41733],[-3.07857,40.43187],[-3.07857,40.42703],[-3.03809,40.4238],[-3.02684,40.40764],[-3.02459,40.38341],[-3.02459,40.38017],[-3.03134,40.36563],[-3.07857,40.38825],[-3.08982,40.39956],[-3.1303,40.40441]]]}},{"type":"Feature","properties":{"name":"Escopete","layer":"municipio"},"geometry":{"type":"MultiLineString","coordinates":[[[-3.03809,40.4238],[-2.98861,40.43834],[-2.97511,40.43349],[-2.98186,40.40118],[-2.99535,40.40602],[-3.02459,40.38341],[-3.02684,40.40764],[-3.03809,40.4238]]]}},{"type":"Feature","properties":{"name":"Fuencemill\u00e1n","layer":"municipio"},"geometry":{"type":"MultiLineString","coordinates":[[[-3.11906,40.92626],[-3.10106,40.93434],[-3.07182,40.91656],[-3.07407,40.91172],[-3.08532,40.90525],[-3.11906,40.92626]]]}},{"type":"Feature","properties":{"name":"Espinosa de Henares","layer":"municipio"},"geometry":{"type":"MultiLineString","coordinates":[[[-3.11906,40.8891],[-3.10106,40.89071],[-3.08532,40.90525],[-3.07407,40.91172],[-3.06058,40.92141],[-3.03359,40.92303],[-3.03359,40.93434],[-3.0066,40.92464],[-2.99086,40.90202],[-2.98411,40.89071],[-3.0021,40.8794],[-3.0066,40.89071],[-3.04034,40.89233],[-3.07407,40.87779],[-3.06958,40.85194],[-3.07857,40.84871],[-3.09881,40.88263],[-3.11906,40.8891]]]}},{"type":"Feature","properties":{"name":"Estri\u00e9gana","layer":"municipio"},"geometry":{"type":"MultiLineString","coordinates":[[[-2.56577,41.07651],[-2.54778,41.0862],[-2.4983,41.0652]],[[-2.56127,41.06359],[-2.56577,41.07651]]]}},{"type":"Feature","properties":{"name":"Fontanar","layer":"municipio"},"geometry":{"type":"MultiLineString","coordinates":[[[-3.21577,40.75177],[-3.17304,40.74046],[-3.15504,40.72269],[-3.15729,40.71299],[-3.18653,40.70653],[-3.20452,40.7243],[-3.21802,40.73238],[-3.21577,40.75177]]]}},{"type":"Feature","properties":{"name":"Fuentelahiguera de Albatages","layer":"municipio"},"geometry":{"type":"MultiLineString","coordinates":[[[-3.35072,40.76954],[-3.32598,40.76954],[-3.32373,40.79054],[-3.33272,40.81155],[-3.33497,40.82447],[-3.31923,40.84224],[-3.28774,40.84063],[-3.29674,40.81801],[-3.28099,40.80024],[-3.27649,40.76631],[-3.31473,40.71138],[-3.32822,40.73561],[-3.35072,40.75015],[-3.35072,40.76954]]]}},{"type":"Feature","properties":{"name":"Fuentelencina","layer":"municipio"},"geometry":{"type":"MultiLineString","coordinates":[[[-2.91214,40.53366],[-2.90764,40.54012],[-2.86041,40.55628],[-2.85366,40.54982],[-2.84916,40.53043],[-2.85591,40.50781],[-2.82442,40.47873],[-2.82667,40.47388],[-2.84241,40.46419],[-2.85591,40.47065],[-2.90539,40.4755],[-2.89864,40.49165],[-2.91214,40.50943],[-2.90314,40.52881],[-2.91214,40.53366]]]}},{"type":"Feature","properties":{"name":"Fuentelviejo","layer":"municipio"},"geometry":{"type":"MultiLineString","coordinates":[[[-3.01785,40.50781],[-3.0111,40.53204],[-2.99311,40.53689],[-2.95262,40.52235],[-2.95712,40.51427],[-2.98636,40.51266],[-2.99086,40.50458],[-3.01785,40.50781]]]}},{"type":"Feature","properties":{"name":"Fuentenovilla","layer":"municipio"},"geometry":{"type":"MultiLineString","coordinates":[[[-3.15054,40.37371],[-3.1303,40.40441],[-3.08982,40.39956],[-3.07857,40.38825],[-3.03134,40.36563],[-3.03134,40.36402],[-3.04933,40.3624],[-3.10556,40.34786],[-3.1438,40.35756],[-3.15054,40.37371]]]}},{"type":"Feature","properties":{"name":"Gajanejos","layer":"municipio"},"geometry":{"type":"MultiLineString","coordinates":[[[-2.93238,40.82447],[-2.90089,40.83578],[-2.90539,40.85355],[-2.89414,40.86163],[-2.86715,40.86002],[-2.85591,40.84063],[-2.85141,40.81963],[-2.8919,40.80832],[-2.90539,40.80024],[-2.93238,40.82447]]]}},{"type":"Feature","properties":{"name":"Galve de Sorbe","layer":"municipio"},"geometry":{"type":"MultiLineString","coordinates":[[[-3.272,41.17345],[-3.23151,41.17991],[-3.21802,41.24615],[-3.20902,41.251],[-3.18878,41.24454],[-3.15054,41.24292],[-3.1483,41.23161],[-3.16179,41.18153],[-3.19328,41.18476],[-3.20002,41.15568],[-3.272,41.17345]]]}},{"type":"Feature","properties":{"name":"Gascue\u00f1a de Bornova","layer":"municipio"},"geometry":{"type":"MultiLineString","coordinates":[[[-3.04259,41.16537],[-3.02234,41.15729],[-2.97511,41.16214],[-2.97286,41.15891],[-2.98636,41.1169],[-3.00435,41.11205],[-3.04034,41.12498],[-3.04259,41.16537]]]}},{"type":"Feature","properties":{"name":"Guadalajara","layer":"municipio"},"geometry":{"type":"MultiLineString","coordinates":[[[-3.20002,40.64514],[-3.17528,40.66453],[-3.17304,40.68553],[-3.19778,40.68876],[-3.18653,40.70653],[-3.15729,40.71299],[-3.1438,40.70815],[-3.16404,40.69361],[-3.15729,40.68714],[-3.10781,40.68714],[-3.09432,40.69684],[-3.08757,40.72269],[-3.08082,40.71946],[-3.06283,40.71138],[-3.07857,40.6726],[-3.07632,40.66291],[-3.09207,40.63868],[-3.09657,40.62413],[-3.08082,40.5999],[-3.09881,40.59021],[-3.1258,40.59182],[-3.12355,40.58051],[-3.10556,40.58213],[-3.11006,40.55628],[-3.12355,40.53204],[-3.1393,40.54174],[-3.1348,40.50943],[-3.14605,40.4965],[-3.10781,40.49488],[-3.10106,40.47065],[-3.13705,40.46419],[-3.15504,40.47873],[-3.16404,40.50619],[-3.20002,40.51589],[-3.21802,40.52881],[-3.20452,40.53204],[-3.19328,40.54982],[-3.16404,40.54982],[-3.14155,40.58698],[-3.16854,40.59505],[-3.19328,40.61121],[-3.21127,40.60475],[-3.20002,40.6209],[-3.20002,40.64514]],[[-2.98411,40.63383],[-2.98186,40.62737],[-2.99311,40.61606],[-3.00435,40.62252],[-2.98411,40.63383]],[[-3.27649,40.76631],[-3.22477,40.76469],[-3.22027,40.75662],[-3.21577,40.75177],[-3.21802,40.73238],[-3.20452,40.7243],[-3.21127,40.71461],[-3.23376,40.71623],[-3.24051,40.70007],[-3.22926,40.68391],[-3.24276,40.66614],[-3.28099,40.64998],[-3.28774,40.66129],[-3.28099,40.66776],[-3.29899,40.68876],[-3.31023,40.69038],[-3.31473,40.71138],[-3.27649,40.76631]]]}},{"type":"Feature","properties":{"name":"Gal\u00e1pagos","layer":"municipio"},"geometry":{"type":"MultiLineString","coordinates":[[[-3.4002,40.69199],[-3.3867,40.72753],[-3.35072,40.73723],[-3.32822,40.73561],[-3.31473,40.71138],[-3.31023,40.69038],[-3.29899,40.68876],[-3.31023,40.67745],[-3.33497,40.68391],[-3.36421,40.70007],[-3.3822,40.68391],[-3.4002,40.69199]]]}},{"type":"Feature","properties":{"name":"Henche","layer":"municipio"},"geometry":{"type":"MultiLineString","coordinates":[[[-2.7457,40.734],[-2.73221,40.74369],[-2.68273,40.73238],[-2.66473,40.71623],[-2.66698,40.7033],[-2.72096,40.69199],[-2.72546,40.71461],[-2.7457,40.734]]]}},{"type":"Feature","properties":{"name":"Heras de Ayuso","layer":"municipio"},"geometry":{"type":"MultiLineString","coordinates":[[[-3.13255,40.77116],[-3.1303,40.80347],[-3.10331,40.80185],[-3.08757,40.79539],[-3.09657,40.776],[-3.11006,40.77439],[-3.13255,40.77116]]]}},{"type":"Feature","properties":{"name":"P\u00e1lmaces de Jadraque","layer":"municipio"},"geometry":{"type":"MultiLineString","coordinates":[[[-2.94812,41.03935],[-2.95487,41.06197],[-2.94587,41.07328],[-2.93688,41.08136],[-2.89864,41.0862],[-2.88515,41.08297],[-2.8829,41.0652],[-2.8874,41.05389],[-2.87615,41.04743],[-2.88965,41.0345],[-2.92338,41.03612],[-2.94812,41.03935]]]}},{"type":"Feature","properties":{"name":"Hiendelaencina","layer":"municipio"},"geometry":{"type":"MultiLineString","coordinates":[[[-3.02684,41.07813],[-3.01785,41.08944],[-2.98636,41.11044],[-2.95487,41.08297],[-2.97736,41.07651],[-3.00885,41.05066],[-3.02234,41.05228],[-3.02684,41.07813]]]}},{"type":"Feature","properties":{"name":"Hijes","layer":"municipio"},"geometry":{"type":"MultiLineString","coordinates":[[[-3.06283,41.27362],[-3.01785,41.28977],[-3.0066,41.28493],[-3.0021,41.27039],[-2.98186,41.24938],[-2.98861,41.22515],[-3.0021,41.24292],[-3.03134,41.24938],[-3.06283,41.27362]]]}},{"type":"Feature","properties":{"name":"Hontoba","layer":"municipio"},"geometry":{"type":"MultiLineString","coordinates":[[[-3.07857,40.43187],[-3.08307,40.44803],[-3.06958,40.46257],[-3.05383,40.47388],[-3.04484,40.4658],[-3.00435,40.47388],[-2.98861,40.43834],[-3.03809,40.4238],[-3.07857,40.42703],[-3.07857,40.43187]]]}},{"type":"Feature","properties":{"name":"Hita","layer":"municipio"},"geometry":{"type":"MultiLineString","coordinates":[[[-3.06958,40.80024],[-3.07182,40.80024],[-3.06958,40.80024]],[[-3.07857,40.84386],[-3.06958,40.85194],[-3.02909,40.86002],[-3.04034,40.89233],[-3.0066,40.89071],[-3.0021,40.8794],[-2.96387,40.86648],[-2.96387,40.85517],[-2.97511,40.84871],[-3.01335,40.8374],[-3.0201,40.80832],[-3.02909,40.79054],[-3.05158,40.79216],[-3.06508,40.80347],[-3.07632,40.80832],[-3.06958,40.82609],[-3.08532,40.8374],[-3.07857,40.84386]]]}},{"type":"Feature","properties":{"name":"Horche","layer":"municipio"},"geometry":{"type":"MultiLineString","coordinates":[[[-3.11006,40.55628],[-3.10556,40.58213],[-3.09881,40.59021],[-3.08082,40.5999],[-3.05608,40.5999],[-3.03584,40.58859],[-3.01785,40.59021],[-3.02459,40.56274],[-3.0201,40.54658],[-3.04933,40.54658],[-3.06958,40.52881],[-3.08982,40.53689],[-3.11006,40.55628]]]}},{"type":"Feature","properties":{"name":"Humanes","layer":"municipio"},"geometry":{"type":"MultiLineString","coordinates":[[[-3.19553,40.83255],[-3.20227,40.86002],[-3.18203,40.86809],[-3.18203,40.8794],[-3.13255,40.88587],[-3.11906,40.88425],[-3.11231,40.86809],[-3.13255,40.81155],[-3.16179,40.81155],[-3.19553,40.83255]]]}},{"type":"Feature","properties":{"name":"La Huerce","layer":"municipio"},"geometry":{"type":"MultiLineString","coordinates":[[[-3.20002,41.15568],[-3.19328,41.18476],[-3.16179,41.18153],[-3.15954,41.1686],[-3.1348,41.16537],[-3.13705,41.14437],[-3.15054,41.13306],[-3.1483,41.09751],[-3.17079,41.08944],[-3.17978,41.07489],[-3.18878,41.10074],[-3.19328,41.14437],[-3.20002,41.15568]]]}},{"type":"Feature","properties":{"name":"Hu\u00e9rmeces del Cerro","layer":"municipio"},"geometry":{"type":"MultiLineString","coordinates":[[[-2.81992,41.0652],[-2.79293,41.07328],[-2.7592,41.06197],[-2.74795,41.04743],[-2.81318,41.03127],[-2.82442,41.05066],[-2.81992,41.0652]]]}},{"type":"Feature","properties":{"name":"Hueva","layer":"municipio"},"geometry":{"type":"MultiLineString","coordinates":[[[-3.00435,40.47388],[-2.97286,40.48842],[-2.90539,40.4755],[-2.91439,40.46257],[-2.96387,40.43349],[-2.97511,40.43349],[-2.98861,40.43834],[-3.00435,40.47388]]]}},{"type":"Feature","properties":{"name":"Illana","layer":"municipio"},"geometry":{"type":"MultiLineString","coordinates":[[[-3.03359,40.19599],[-3.0201,40.19276],[-3.01335,40.17337],[-3.0156,40.15237],[-3.06283,40.16853],[-3.06283,40.18145],[-3.02684,40.17984],[-3.03359,40.19599]],[[-2.97511,40.24446],[-2.93688,40.25577],[-2.93463,40.24123],[-2.94812,40.217],[-2.93238,40.20407],[-2.8694,40.20892],[-2.86266,40.20084],[-2.8874,40.1653],[-2.91888,40.15883],[-2.94587,40.17014],[-2.9976,40.20892],[-2.99985,40.23154],[-2.97511,40.24446]]]}},{"type":"Feature","properties":{"name":"Las Inviernas","layer":"municipio"},"geometry":{"type":"MultiLineString","coordinates":[[[-2.70747,40.89394],[-2.68498,40.90041],[-2.66024,40.90364],[-2.63999,40.86486],[-2.63999,40.83093],[-2.67823,40.83255],[-2.69847,40.85517],[-2.70747,40.89394]]]}},{"type":"Feature","properties":{"name":"Irueste","layer":"municipio"},"geometry":{"type":"MultiLineString","coordinates":[[[-2.93913,40.59828],[-2.91214,40.61767],[-2.88515,40.62575],[-2.85366,40.59667],[-2.92338,40.59828],[-2.93238,40.59182],[-2.93913,40.59828]]]}},{"type":"Feature","properties":{"name":"Jadraque","layer":"municipio"},"geometry":{"type":"MultiLineString","coordinates":[[[-2.99086,40.90202],[-2.95937,40.91818],[-2.96162,40.95211],[-2.97286,40.97473],[-2.96162,40.97149],[-2.92788,40.97149],[-2.90989,40.94241],[-2.90539,40.91333],[-2.86266,40.91495],[-2.86266,40.89879],[-2.89864,40.90849],[-2.92338,40.91656],[-2.92788,40.90525],[-2.94587,40.90687],[-2.95262,40.8794],[-2.99086,40.90202]]]}},{"type":"Feature","properties":{"name":"Jirueque","layer":"municipio"},"geometry":{"type":"MultiLineString","coordinates":[[[-2.92788,40.97149],[-2.91664,40.98604],[-2.90764,40.98765],[-2.88515,40.96665],[-2.90989,40.94241],[-2.92788,40.97149]]]}},{"type":"Feature","properties":{"name":"Ledanca","layer":"municipio"},"geometry":{"type":"MultiLineString","coordinates":[[[-2.90989,40.89556],[-2.89864,40.90849],[-2.86266,40.89879],[-2.83792,40.88102],[-2.83117,40.86325],[-2.79293,40.84386],[-2.79293,40.83578],[-2.82667,40.81478],[-2.85141,40.81963],[-2.85591,40.84063],[-2.86715,40.86002],[-2.89414,40.86163],[-2.90539,40.85355],[-2.90989,40.89556]]]}},{"type":"Feature","properties":{"name":"Loranca de Taju\u00f1a","layer":"municipio"},"geometry":{"type":"MultiLineString","coordinates":[[[-3.15504,40.43995],[-3.15279,40.45934],[-3.13705,40.46419],[-3.10106,40.47065],[-3.06958,40.46257],[-3.08307,40.44803],[-3.07857,40.43187],[-3.09207,40.41733],[-3.1303,40.40441],[-3.14155,40.41249],[-3.15504,40.43995]]]}},{"type":"Feature","properties":{"name":"Lupiana","layer":"municipio"},"geometry":{"type":"MultiLineString","coordinates":[[[-3.09207,40.63868],[-3.07182,40.63221],[-3.02684,40.63706],[-3.02234,40.62575],[-3.00435,40.62252],[-2.99311,40.61606],[-3.01335,40.59344],[-3.01785,40.59021],[-3.03584,40.58859],[-3.05608,40.5999],[-3.08082,40.5999],[-3.09657,40.62413],[-3.09207,40.63868]]]}},{"type":"Feature","properties":{"name":"Majaelrayo","layer":"municipio"},"geometry":{"type":"MultiLineString","coordinates":[[[-3.37771,41.1993],[-3.35971,41.19445],[-3.33722,41.17022],[-3.31698,41.17022],[-3.30348,41.15406],[-3.27874,41.16214],[-3.26525,41.11044],[-3.25625,41.10398],[-3.28999,41.0959],[-3.31248,41.10074],[-3.31473,41.11852],[-3.33272,41.12013],[-3.35521,41.10236],[-3.37321,41.1686],[-3.37771,41.1993]]]}},{"type":"Feature","properties":{"name":"Masegoso de Taju\u00f1a","layer":"municipio"},"geometry":{"type":"MultiLineString","coordinates":[[[-2.72546,40.82609],[-2.71646,40.84709],[-2.69847,40.85517],[-2.67823,40.83255],[-2.68498,40.79216],[-2.70522,40.80185],[-2.72546,40.82609]]]}},{"type":"Feature","properties":{"name":"M\u00e1laga del Fresno","layer":"municipio"},"geometry":{"type":"MultiLineString","coordinates":[[[-3.28099,40.80024],[-3.23601,40.80993],[-3.23151,40.81639],[-3.22477,40.79862],[-3.19778,40.78408],[-3.22252,40.76631],[-3.22027,40.75662],[-3.22477,40.76469],[-3.27649,40.76631],[-3.28099,40.80024]]]}},{"type":"Feature","properties":{"name":"Malaguilla","layer":"municipio"},"geometry":{"type":"MultiLineString","coordinates":[[[-3.28774,40.84063],[-3.26075,40.87294],[-3.24501,40.87294],[-3.24501,40.84224],[-3.23151,40.81639],[-3.23601,40.80993],[-3.28099,40.80024],[-3.29674,40.81801],[-3.28774,40.84063]]]}},{"type":"Feature","properties":{"name":"Mandayona","layer":"municipio"},"geometry":{"type":"MultiLineString","coordinates":[[[-2.77269,40.95534],[-2.76819,40.98442],[-2.7412,40.9828],[-2.72771,40.99088],[-2.70522,41.00219],[-2.68947,40.9925],[-2.70972,40.96019],[-2.73671,40.94726],[-2.72321,40.91818],[-2.73221,40.91172],[-2.73446,40.91172],[-2.7547,40.92464],[-2.77269,40.95534]]]}},{"type":"Feature","properties":{"name":"Mantiel","layer":"municipio"},"geometry":{"type":"MultiLineString","coordinates":[[[-2.69622,40.61929],[-2.68048,40.6306],[-2.67598,40.64675],[-2.66923,40.65645],[-2.66024,40.64191],[-2.64899,40.6306],[-2.65124,40.60636],[-2.65574,40.60152],[-2.66024,40.60313],[-2.68723,40.60798],[-2.69622,40.61929]]]}},{"type":"Feature","properties":{"name":"Matarrubia","layer":"municipio"},"geometry":{"type":"MultiLineString","coordinates":[[[-3.33947,40.87617],[-3.33722,40.89233],[-3.31248,40.90364],[-3.27425,40.89394],[-3.26075,40.87294],[-3.28774,40.84063],[-3.31923,40.84224],[-3.32373,40.86971],[-3.33947,40.87617]]]}},{"type":"Feature","properties":{"name":"Matillas","layer":"municipio"},"geometry":{"type":"MultiLineString","coordinates":[[[-2.85591,40.95695],[-2.83117,40.9618],[-2.81093,40.93595],[-2.82442,40.92303],[-2.84466,40.92141],[-2.85591,40.95695]]]}},{"type":"Feature","properties":{"name":"Marchamalo","layer":"municipio"},"geometry":{"type":"MultiLineString","coordinates":[[[-3.24276,40.66614],[-3.22926,40.68391],[-3.24051,40.70007],[-3.23376,40.71623],[-3.21127,40.71461],[-3.20452,40.7243],[-3.18653,40.70653],[-3.19778,40.68876],[-3.17304,40.68553],[-3.17528,40.66453],[-3.20002,40.64514],[-3.23151,40.65483],[-3.24276,40.66614]]]}},{"type":"Feature","properties":{"name":"Mazuecos","layer":"municipio"},"geometry":{"type":"MultiLineString","coordinates":[[[-3.08307,40.29132],[-3.07632,40.29939],[-3.06058,40.28647],[-3.01335,40.27677],[-2.9976,40.27193],[-2.97511,40.24446],[-2.99985,40.23154],[-3.0156,40.238],[-3.08307,40.29132]]]}},{"type":"Feature","properties":{"name":"Medranda","layer":"municipio"},"geometry":{"type":"MultiLineString","coordinates":[[[-2.96162,40.97149],[-2.95487,40.99896],[-2.92788,41.00219],[-2.91439,40.99088],[-2.91664,40.98604],[-2.92788,40.97149],[-2.96162,40.97149]]]}},{"type":"Feature","properties":{"name":"Membrillera","layer":"municipio"},"geometry":{"type":"MultiLineString","coordinates":[[[-3.04484,40.95695],[-3.0201,40.97634],[-2.99086,40.98442],[-2.97286,40.97473],[-2.96162,40.95211],[-2.95937,40.91818],[-2.99086,40.90202],[-3.0066,40.92464],[-3.03359,40.93434],[-3.04484,40.95695]]]}},{"type":"Feature","properties":{"name":"Miedes de Atienza","layer":"municipio"},"geometry":{"type":"MultiLineString","coordinates":[[[-3.0066,41.28493],[-2.95037,41.293],[-2.93463,41.28493],[-2.93013,41.26715],[-2.91439,41.25908],[-2.90089,41.2413],[-2.93013,41.251],[-2.95262,41.22838],[-2.97286,41.2203],[-2.96612,41.19768],[-2.98636,41.19607],[-2.99086,41.20253],[-2.98861,41.22515],[-2.98186,41.24938],[-3.0021,41.27039],[-3.0066,41.28493]]]}},{"type":"Feature","properties":{"name":"La Mierla","layer":"municipio"},"geometry":{"type":"MultiLineString","coordinates":[[[-3.26975,40.94241],[-3.24726,40.96988],[-3.21577,40.94403],[-3.22252,40.91818],[-3.24951,40.91495],[-3.26975,40.92787],[-3.26975,40.94241]]]}},{"type":"Feature","properties":{"name":"Millana","layer":"municipio"},"geometry":{"type":"MultiLineString","coordinates":[[[-2.61975,40.50619],[-2.6265,40.51266],[-2.60851,40.53528],[-2.59051,40.52235],[-2.54553,40.51912],[-2.52979,40.49812],[-2.54553,40.47388],[-2.55003,40.47065],[-2.59951,40.50135],[-2.61975,40.50619]]]}},{"type":"Feature","properties":{"name":"La Mi\u00f1osa","layer":"municipio"},"geometry":{"type":"MultiLineString","coordinates":[[[-2.98636,41.19607],[-2.96612,41.19768],[-2.97286,41.2203],[-2.95262,41.22838],[-2.94362,41.2203],[-2.90314,41.21545],[-2.89639,41.20899],[-2.91888,41.17668],[-2.88065,41.15406],[-2.91664,41.14275],[-2.93913,41.14437],[-2.95037,41.16052],[-2.96612,41.15406],[-2.97286,41.15891],[-2.97511,41.16214],[-2.95937,41.18314],[-2.98636,41.19607]]]}},{"type":"Feature","properties":{"name":"Mirabueno","layer":"municipio"},"geometry":{"type":"MultiLineString","coordinates":[[[-2.73221,40.91172],[-2.72321,40.91818],[-2.73671,40.94726],[-2.70972,40.96019],[-2.68947,40.92787],[-2.69847,40.9101],[-2.68498,40.90041],[-2.70747,40.89394],[-2.73221,40.91172]]]}},{"type":"Feature","properties":{"name":"Miralr\u00edo","layer":"municipio"},"geometry":{"type":"MultiLineString","coordinates":[[[-2.95262,40.8794],[-2.94587,40.90687],[-2.92788,40.90525],[-2.91439,40.88425],[-2.92788,40.86809],[-2.94138,40.87617],[-2.95262,40.8794]]]}},{"type":"Feature","properties":{"name":"Montarr\u00f3n","layer":"municipio"},"geometry":{"type":"MultiLineString","coordinates":[[[-3.13255,40.88587],[-3.1348,40.91333],[-3.11906,40.92626],[-3.08532,40.90525],[-3.10106,40.89071],[-3.11906,40.8891],[-3.11906,40.88425],[-3.13255,40.88587]]]}},{"type":"Feature","properties":{"name":"Mohernando","layer":"municipio"},"geometry":{"type":"MultiLineString","coordinates":[[[-3.22477,40.79862],[-3.19778,40.81639],[-3.19553,40.83255],[-3.16179,40.81155],[-3.13255,40.81155],[-3.1303,40.80347],[-3.13255,40.77116],[-3.1348,40.76954],[-3.16629,40.7857],[-3.19778,40.78408],[-3.22477,40.79862]]]}},{"type":"Feature","properties":{"name":"Muduex","layer":"municipio"},"geometry":{"type":"MultiLineString","coordinates":[[[-2.97511,40.84871],[-2.96387,40.85517],[-2.95037,40.84548],[-2.93238,40.82447],[-2.90539,40.80024],[-2.92338,40.78893],[-2.97061,40.80832],[-2.98186,40.82447],[-2.96837,40.84063],[-2.97511,40.84871]]]}},{"type":"Feature","properties":{"name":"Monasterio","layer":"municipio"},"geometry":{"type":"MultiLineString","coordinates":[[[-3.15279,41.00865],[-3.11681,41.02319],[-3.10106,41.01835],[-3.08307,40.97957],[-3.07407,40.96988],[-3.09881,40.96988],[-3.1303,40.98119],[-3.15279,41.00865]]]}},{"type":"Feature","properties":{"name":"Mond\u00e9jar","layer":"municipio"},"geometry":{"type":"MultiLineString","coordinates":[[[-3.18203,40.30424],[-3.17978,40.31393],[-3.15054,40.33494],[-3.1438,40.35756],[-3.10556,40.34786],[-3.06733,40.33171],[-3.06733,40.31393],[-3.07632,40.29939],[-3.08307,40.29132],[-3.09207,40.28808],[-3.11006,40.28485],[-3.11231,40.28485],[-3.1438,40.29939],[-3.17978,40.30101],[-3.18203,40.30424]]]}},{"type":"Feature","properties":{"name":"Moratilla de los Meleros","layer":"municipio"},"geometry":{"type":"MultiLineString","coordinates":[[[-2.99086,40.50458],[-2.98636,40.51266],[-2.95712,40.51427],[-2.95262,40.52235],[-2.91214,40.53366],[-2.90314,40.52881],[-2.91214,40.50943],[-2.89864,40.49165],[-2.90539,40.4755],[-2.97286,40.48842],[-2.99086,40.50458]]]}},{"type":"Feature","properties":{"name":"Las Navas de Jadraque","layer":"municipio"},"geometry":{"type":"MultiLineString","coordinates":[[[-3.11006,41.11205],[-3.10331,41.11367],[-3.07407,41.11367],[-3.05608,41.09428],[-3.08082,41.09267],[-3.10106,41.09428],[-3.11006,41.11205]]]}},{"type":"Feature","properties":{"name":"El Olivar","layer":"municipio"},"geometry":{"type":"MultiLineString","coordinates":[[[-2.80193,40.61121],[-2.77719,40.61121],[-2.73895,40.62252],[-2.72321,40.5999],[-2.75245,40.58051],[-2.77044,40.57728],[-2.80193,40.61121]]]}},{"type":"Feature","properties":{"name":"El Ordial","layer":"municipio"},"geometry":{"type":"MultiLineString","coordinates":[[[-3.1483,41.09751],[-3.12805,41.08944],[-3.12355,41.07166],[-3.15729,41.06035],[-3.17978,41.06682],[-3.17978,41.07489],[-3.17079,41.08944],[-3.1483,41.09751]],[[-3.1348,41.16537],[-3.11231,41.17022],[-3.09881,41.16214],[-3.11006,41.12336],[-3.10331,41.11367],[-3.11006,41.11205],[-3.15054,41.13306],[-3.13705,41.14437],[-3.1348,41.16537]]]}},{"type":"Feature","properties":{"name":"Paredes de Sig\u00fcenza","layer":"municipio"},"geometry":{"type":"MultiLineString","coordinates":[[[-2.77494,41.24938],[-2.76145,41.27362],[-2.71646,41.27523],[-2.70972,41.25261],[-2.69622,41.24615],[-2.70072,41.21061],[-2.73895,41.20576],[-2.74795,41.18153],[-2.74345,41.22676],[-2.77494,41.24938]]]}},{"type":"Feature","properties":{"name":"Pareja","layer":"municipio"},"geometry":{"type":"MultiLineString","coordinates":[[[-2.72996,40.53689],[-2.72546,40.55305],[-2.70522,40.56436],[-2.72996,40.57082],[-2.68947,40.57567],[-2.68498,40.58859],[-2.66024,40.60313],[-2.65574,40.60152],[-2.68273,40.58698],[-2.65574,40.57082],[-2.631,40.58051],[-2.62425,40.5999],[-2.65124,40.60636],[-2.64899,40.6306],[-2.66024,40.64191],[-2.6265,40.64029],[-2.60851,40.60798],[-2.57702,40.60313],[-2.57927,40.5999],[-2.60176,40.5692],[-2.59501,40.55951],[-2.60851,40.53528],[-2.6265,40.51266],[-2.61975,40.50619],[-2.6355,40.50135],[-2.66248,40.51266],[-2.66473,40.52073],[-2.72996,40.52073],[-2.72996,40.53689]]]}},{"type":"Feature","properties":{"name":"Pastrana","layer":"municipio"},"geometry":{"type":"MultiLineString","coordinates":[[[-3.02459,40.38017],[-3.02459,40.38341],[-2.99535,40.40602],[-2.98186,40.40118],[-2.97511,40.43349],[-2.96387,40.43349],[-2.91439,40.46257],[-2.89414,40.43834],[-2.85366,40.42541],[-2.84241,40.41249],[-2.80643,40.40441],[-2.81767,40.36402],[-2.82442,40.3624],[-2.82667,40.40441],[-2.83792,40.40602],[-2.86491,40.3931],[-2.86266,40.36725],[-2.86715,40.35432],[-2.89414,40.34625],[-2.91439,40.35917],[-2.91439,40.37048],[-2.95262,40.38017],[-2.97061,40.3931],[-3.02459,40.38017]]]}},{"type":"Feature","properties":{"name":"Pe\u00f1alver","layer":"municipio"},"geometry":{"type":"MultiLineString","coordinates":[[[-2.93913,40.57567],[-2.93238,40.59182],[-2.92338,40.59828],[-2.85366,40.59667],[-2.82892,40.5999],[-2.82442,40.59667],[-2.86041,40.55628],[-2.90764,40.54012],[-2.91214,40.53366],[-2.91439,40.54658],[-2.93913,40.57567]]]}},{"type":"Feature","properties":{"name":"Peralveche","layer":"municipio"},"geometry":{"type":"MultiLineString","coordinates":[[[-2.57927,40.5999],[-2.57702,40.60313],[-2.54553,40.61767],[-2.51179,40.6209]],[[-2.55228,40.57567],[-2.57927,40.5999]]]}},{"type":"Feature","properties":{"name":"Pinilla de Jadraque","layer":"municipio"},"geometry":{"type":"MultiLineString","coordinates":[[[-2.96837,41.02158],[-2.94812,41.03935],[-2.92338,41.03612],[-2.92788,41.00219],[-2.95487,40.99896],[-2.96837,41.02158]]]}},{"type":"Feature","properties":{"name":"Pioz","layer":"municipio"},"geometry":{"type":"MultiLineString","coordinates":[[[-3.19778,40.44157],[-3.19553,40.47873],[-3.15504,40.47873],[-3.13705,40.46419],[-3.15279,40.45934],[-3.15504,40.43995],[-3.19778,40.44157]]]}},{"type":"Feature","properties":{"name":"Pozo de Almoguera","layer":"municipio"},"geometry":{"type":"MultiLineString","coordinates":[[[-3.06733,40.33332],[-3.04933,40.3624],[-3.03134,40.36402],[-3.01335,40.36563],[-2.99311,40.34463],[-3.01335,40.33171],[-3.06733,40.33332]]]}},{"type":"Feature","properties":{"name":"Pozo de Guadalajara","layer":"municipio"},"geometry":{"type":"MultiLineString","coordinates":[[[-3.20227,40.49812],[-3.20002,40.51427],[-3.20002,40.51589],[-3.16404,40.50619],[-3.15504,40.47873],[-3.19553,40.47873],[-3.20227,40.49812]]]}},{"type":"Feature","properties":{"name":"Pr\u00e1dena de Atienza","layer":"municipio"},"geometry":{"type":"MultiLineString","coordinates":[[[-3.04708,41.1993],[-3.02234,41.20738],[-2.99086,41.20253],[-2.98636,41.19607],[-2.95937,41.18314],[-2.97511,41.16214],[-3.02234,41.15729],[-3.04259,41.16537],[-3.04708,41.1993]]]}},{"type":"Feature","properties":{"name":"Puebla de Bele\u00f1a","layer":"municipio"},"geometry":{"type":"MultiLineString","coordinates":[[[-3.27425,40.89394],[-3.26975,40.92787],[-3.24951,40.91495],[-3.22252,40.91818],[-3.20452,40.90202],[-3.18203,40.89556],[-3.18203,40.8794],[-3.24501,40.87294],[-3.26075,40.87294],[-3.27425,40.89394]]]}},{"type":"Feature","properties":{"name":"Puebla de Valles","layer":"municipio"},"geometry":{"type":"MultiLineString","coordinates":[[[-3.34847,40.90041],[-3.31923,40.93918],[-3.28999,40.9408],[-3.28324,40.95372],[-3.26975,40.94241],[-3.26975,40.92787],[-3.27425,40.89394],[-3.31248,40.90364],[-3.33722,40.89233],[-3.34847,40.90041]]]}},{"type":"Feature","properties":{"name":"Quer","layer":"municipio"},"geometry":{"type":"MultiLineString","coordinates":[[[-3.31248,40.61121],[-3.29224,40.63868],[-3.25625,40.61444],[-3.27874,40.58698],[-3.31248,40.61121]]]}},{"type":"Feature","properties":{"name":"Rebollosa de Jadraque","layer":"municipio"},"geometry":{"type":"MultiLineString","coordinates":[[[-2.87165,41.0959],[-2.86715,41.10236],[-2.82667,41.09913],[-2.82667,41.07489],[-2.82892,41.07489],[-2.84017,41.07489],[-2.87165,41.0959]]]}},{"type":"Feature","properties":{"name":"Retiendas","layer":"municipio"},"geometry":{"type":"MultiLineString","coordinates":[[[-3.29674,41.00704],[-3.27425,41.00219],[-3.27425,40.98765],[-3.24726,40.96988],[-3.26975,40.94241],[-3.28324,40.95372],[-3.31023,40.95211],[-3.31248,40.97634],[-3.29449,40.98604],[-3.29674,41.00704]]]}},{"type":"Feature","properties":{"name":"Renera","layer":"municipio"},"geometry":{"type":"MultiLineString","coordinates":[[[-3.05383,40.47388],[-3.04933,40.49165],[-3.03584,40.51104],[-3.01785,40.50781],[-2.99086,40.50458],[-2.97286,40.48842],[-3.00435,40.47388],[-3.04484,40.4658],[-3.05383,40.47388]]]}},{"type":"Feature","properties":{"name":"Riofr\u00edo del Llano","layer":"municipio"},"geometry":{"type":"MultiLineString","coordinates":[[[-2.86715,41.10236],[-2.86491,41.13952],[-2.84466,41.13952],[-2.82217,41.16537],[-2.79518,41.14114],[-2.76145,41.1379],[-2.76145,41.10721],[-2.79518,41.10398],[-2.82667,41.09913],[-2.86715,41.10236]]]}},{"type":"Feature","properties":{"name":"Sienes","layer":"municipio"},"geometry":{"type":"MultiLineString","coordinates":[[[-2.68723,41.21222],[-2.6355,41.22353],[-2.62425,41.22353],[-2.59051,41.22515],[-2.58826,41.22353],[-2.60176,41.19445],[-2.61975,41.19607],[-2.61975,41.18314],[-2.62425,41.17506],[-2.67148,41.17991],[-2.67598,41.20253],[-2.68723,41.21222]]]}},{"type":"Feature","properties":{"name":"Robledillo de Mohernando","layer":"municipio"},"geometry":{"type":"MultiLineString","coordinates":[[[-3.24501,40.87294],[-3.18203,40.8794],[-3.18203,40.86809],[-3.20227,40.86002],[-3.19553,40.83255],[-3.19778,40.81639],[-3.22477,40.79862],[-3.23151,40.81639],[-3.24501,40.84224],[-3.24501,40.87294]]]}},{"type":"Feature","properties":{"name":"Robledo de Corpes","layer":"municipio"},"geometry":{"type":"MultiLineString","coordinates":[[[-2.98636,41.1169],[-2.97286,41.15891],[-2.96612,41.15406],[-2.96162,41.13467],[-2.93913,41.14437],[-2.91664,41.14275],[-2.91664,41.13306],[-2.89414,41.09105],[-2.89864,41.0862],[-2.93688,41.08136],[-2.94587,41.07328],[-2.95487,41.08297],[-2.98636,41.11044],[-2.98636,41.1169]]]}},{"type":"Feature","properties":{"name":"Romanillos de Atienza","layer":"municipio"},"geometry":{"type":"MultiLineString","coordinates":[[[-2.91439,41.25908],[-2.90539,41.29624],[-2.8829,41.32209],[-2.86715,41.31239],[-2.8739,41.29785],[-2.86715,41.27523],[-2.8784,41.26392],[-2.8919,41.23484],[-2.90089,41.2413],[-2.91439,41.25908]]]}},{"type":"Feature","properties":{"name":"Sig\u00fcenza","layer":"municipio"},"geometry":{"type":"MultiLineString","coordinates":[[[-2.82217,41.16537],[-2.81318,41.17991],[-2.79068,41.18476],[-2.7592,41.18476],[-2.74795,41.18153],[-2.73895,41.20576],[-2.70072,41.21061],[-2.68723,41.21222],[-2.67598,41.20253],[-2.67148,41.17991],[-2.62425,41.17506],[-2.61975,41.18314],[-2.60176,41.18799],[-2.57702,41.17829],[-2.59501,41.14921],[-2.57477,41.13952],[-2.53878,41.15406],[-2.53653,41.16214],[-2.51629,41.14598]],[[-2.54778,41.0862],[-2.56577,41.07651],[-2.56802,41.05551],[-2.60626,41.03935],[-2.59726,41.0345],[-2.613,41.0135],[-2.60401,41.01027],[-2.613,40.99734],[-2.65574,40.98927],[-2.68947,40.9925],[-2.70522,41.00219],[-2.72771,40.99088],[-2.72771,41.02481],[-2.72771,41.03935],[-2.74795,41.04743],[-2.7592,41.06197],[-2.79293,41.07328],[-2.79518,41.10398],[-2.76145,41.10721],[-2.72996,41.10559],[-2.71421,41.11529],[-2.72321,41.13952],[-2.73446,41.14598],[-2.76145,41.1379],[-2.79518,41.14114],[-2.82217,41.16537]]]}},{"type":"Feature","properties":{"name":"Romanones","layer":"municipio"},"geometry":{"type":"MultiLineString","coordinates":[[[-3.0201,40.54658],[-3.02459,40.56274],[-3.01785,40.59021],[-3.01335,40.59344],[-2.97961,40.58536],[-2.93913,40.59828],[-2.93238,40.59182],[-2.93913,40.57567],[-2.98636,40.55143],[-2.99985,40.54174],[-3.0201,40.54658]]]}},{"type":"Feature","properties":{"name":"Saced\u00f3n","layer":"municipio"},"geometry":{"type":"MultiLineString","coordinates":[[[-2.78394,40.45773],[-2.77719,40.49004],[-2.7457,40.49327],[-2.73221,40.50943],[-2.72996,40.53689],[-2.72996,40.52073],[-2.66473,40.52073],[-2.66248,40.51266],[-2.6355,40.50135],[-2.64899,40.47065],[-2.65124,40.43995],[-2.70072,40.43026],[-2.70297,40.42218],[-2.68048,40.40279],[-2.69172,40.39472],[-2.70522,40.41572],[-2.71421,40.41087],[-2.72321,40.39633],[-2.77044,40.42218],[-2.7592,40.44157],[-2.77719,40.44642],[-2.78394,40.45773]]]}},{"type":"Feature","properties":{"name":"Sa\u00faca","layer":"municipio"},"geometry":{"type":"MultiLineString","coordinates":[[[-2.60401,41.01027],[-2.613,41.0135],[-2.59726,41.0345],[-2.60626,41.03935],[-2.56802,41.05551],[-2.56577,41.07651],[-2.56127,41.06359],[-2.5073,41.03935]],[[-2.56802,40.98442],[-2.57927,41.00058],[-2.60401,41.01027]]]}},{"type":"Feature","properties":{"name":"Sayat\u00f3n","layer":"municipio"},"geometry":{"type":"MultiLineString","coordinates":[[[-2.82442,40.3624],[-2.86266,40.36725],[-2.86491,40.3931],[-2.83792,40.40602],[-2.82667,40.40441],[-2.82442,40.3624]],[[-2.84241,40.46419],[-2.82667,40.47388],[-2.79968,40.46903],[-2.78394,40.45773],[-2.77719,40.44642],[-2.80643,40.40441],[-2.84241,40.41249],[-2.85366,40.42541],[-2.83792,40.44318],[-2.84241,40.46419]]]}},{"type":"Feature","properties":{"name":"Solanillos del Extremo","layer":"municipio"},"geometry":{"type":"MultiLineString","coordinates":[[[-2.73221,40.74369],[-2.71871,40.755],[-2.72771,40.77439],[-2.72321,40.78893],[-2.70522,40.80185],[-2.68498,40.79216],[-2.67598,40.77277],[-2.64899,40.73723],[-2.66473,40.71623],[-2.68273,40.73238],[-2.73221,40.74369]]]}},{"type":"Feature","properties":{"name":"Somolinos","layer":"municipio"},"geometry":{"type":"MultiLineString","coordinates":[[[-3.09881,41.28008],[-3.06283,41.27362],[-3.03134,41.24938],[-3.03134,41.2413],[-3.06058,41.23807],[-3.07182,41.24454],[-3.07407,41.25746],[-3.09657,41.26231],[-3.09881,41.28008]]]}},{"type":"Feature","properties":{"name":"El Sotillo","layer":"municipio"},"geometry":{"type":"MultiLineString","coordinates":[[[-2.66024,40.90364],[-2.64224,40.91979],[-2.61525,40.89718],[-2.60626,40.87456],[-2.61076,40.84548],[-2.6265,40.82447],[-2.63999,40.83093],[-2.63999,40.86486],[-2.66024,40.90364]]]}},{"type":"Feature","properties":{"name":"Tamaj\u00f3n","layer":"municipio"},"geometry":{"type":"MultiLineString","coordinates":[[[-3.29899,41.01027],[-3.29899,41.02643],[-3.26525,41.05389],[-3.2675,41.08136],[-3.254,41.10236],[-3.22477,41.11044],[-3.19778,41.09751],[-3.18878,41.10074],[-3.17978,41.07489],[-3.17978,41.06682],[-3.19553,41.04581],[-3.19778,41.02804],[-3.20002,41.00542],[-3.17978,40.99088],[-3.18653,40.97311],[-3.18428,40.95372],[-3.21577,40.94403],[-3.24726,40.96988],[-3.27425,40.98765],[-3.27425,41.00219],[-3.29674,41.00704],[-3.29899,41.01027]]]}},{"type":"Feature","properties":{"name":"Tendilla","layer":"municipio"},"geometry":{"type":"MultiLineString","coordinates":[[[-2.99311,40.53689],[-2.98636,40.55143],[-2.93913,40.57567],[-2.91439,40.54658],[-2.91214,40.53366],[-2.95262,40.52235],[-2.99311,40.53689]]]}},{"type":"Feature","properties":{"name":"Trijueque","layer":"municipio"},"geometry":{"type":"MultiLineString","coordinates":[[[-3.02909,40.79054],[-3.0201,40.80832],[-2.98411,40.79862],[-2.97061,40.80832],[-2.92338,40.78893],[-2.95037,40.76954],[-2.96837,40.76469],[-2.98861,40.74531],[-2.99311,40.74692],[-3.02459,40.76308],[-3.02909,40.79054]]]}},{"type":"Feature","properties":{"name":"La Toba","layer":"municipio"},"geometry":{"type":"MultiLineString","coordinates":[[[-3.07407,41.01027],[-3.05833,41.02158],[-3.02234,41.05228],[-3.00885,41.05066],[-3.01335,41.04097],[-2.98861,41.01512],[-2.96837,41.02158],[-2.95487,40.99896],[-2.96162,40.97149],[-2.97286,40.97473],[-2.99086,40.98442],[-3.0201,40.97634],[-3.00435,40.9925],[-3.01335,41.00704],[-3.04259,41.00865],[-3.05608,40.99734],[-3.07407,41.01027]]]}},{"type":"Feature","properties":{"name":"Tordelr\u00e1bano","layer":"municipio"},"geometry":{"type":"MultiLineString","coordinates":[[[-2.77494,41.24938],[-2.74345,41.22676],[-2.74795,41.18153],[-2.7592,41.18476],[-2.77044,41.21061],[-2.77494,41.24938]]]}},{"type":"Feature","properties":{"name":"Torija","layer":"municipio"},"geometry":{"type":"MultiLineString","coordinates":[[[-3.08082,40.71946],[-3.07632,40.74531],[-3.06958,40.74854],[-3.04484,40.75985],[-3.05158,40.79216],[-3.02909,40.79054],[-3.02459,40.76308],[-2.99311,40.74692],[-2.99985,40.73238],[-3.04034,40.70815],[-3.06283,40.71138],[-3.08082,40.71946]]]}},{"type":"Feature","properties":{"name":"Torrecuadradilla","layer":"municipio"},"geometry":{"type":"MultiLineString","coordinates":[[[-2.59276,40.83255],[-2.57477,40.84063],[-2.54553,40.8794],[-2.50505,40.87456]],[[-2.53204,40.80993],[-2.56352,40.81478],[-2.57927,40.82609],[-2.59276,40.83255]]]}},{"type":"Feature","properties":{"name":"Torre del Burgo","layer":"municipio"},"geometry":{"type":"MultiLineString","coordinates":[[[-3.10331,40.80185],[-3.10106,40.81155],[-3.07632,40.80832],[-3.06508,40.80347],[-3.07182,40.80024],[-3.06958,40.80024],[-3.08757,40.79539],[-3.10331,40.80185]]]}},{"type":"Feature","properties":{"name":"Torrej\u00f3n del Rey","layer":"municipio"},"geometry":{"type":"MultiLineString","coordinates":[[[-3.37995,40.63221],[-3.37096,40.62575],[-3.3822,40.6306],[-3.37995,40.63221]],[[-3.31023,40.67745],[-3.31698,40.65483],[-3.32822,40.64029],[-3.36646,40.6516],[-3.37546,40.68068],[-3.3822,40.68391],[-3.36421,40.70007],[-3.33497,40.68391],[-3.31023,40.67745]]]}},{"type":"Feature","properties":{"name":"Torremocha de Jadraque","layer":"municipio"},"geometry":{"type":"MultiLineString","coordinates":[[[-2.92788,41.00219],[-2.92338,41.03612],[-2.88965,41.0345],[-2.88515,41.01027],[-2.91439,40.99088],[-2.92788,41.00219]]]}},{"type":"Feature","properties":{"name":"Torremocha del Campo","layer":"municipio"},"geometry":{"type":"MultiLineString","coordinates":[[[-2.65574,40.98927],[-2.613,40.99734],[-2.60401,41.01027],[-2.57927,41.00058],[-2.56802,40.98442],[-2.55453,40.96342],[-2.51404,40.94403]],[[-2.54553,40.8794],[-2.57477,40.84063],[-2.59276,40.83255],[-2.61076,40.84548],[-2.60626,40.87456],[-2.61525,40.89718],[-2.64224,40.91979],[-2.62875,40.93918],[-2.63999,40.97149],[-2.65574,40.98927]]]}},{"type":"Feature","properties":{"name":"T\u00f3rtola de Henares","layer":"municipio"},"geometry":{"type":"MultiLineString","coordinates":[[[-3.15729,40.71299],[-3.15504,40.72269],[-3.13255,40.74369],[-3.08757,40.72269],[-3.09432,40.69684],[-3.10781,40.68714],[-3.15729,40.68714],[-3.16404,40.69361],[-3.1438,40.70815],[-3.15729,40.71299]]]}},{"type":"Feature","properties":{"name":"Tortuero","layer":"municipio"},"geometry":{"type":"MultiLineString","coordinates":[[[-3.41819,40.97473],[-3.41819,40.98765],[-3.39345,41.00058],[-3.34397,41.00219],[-3.34847,40.96826],[-3.31923,40.93918],[-3.34847,40.90041],[-3.38445,40.94241],[-3.39345,40.9618],[-3.41819,40.97473]]]}},{"type":"Feature","properties":{"name":"Trillo","layer":"municipio"},"geometry":{"type":"MultiLineString","coordinates":[[[-2.66923,40.65645],[-2.62875,40.66453],[-2.63999,40.67583],[-2.63999,40.69845],[-2.59051,40.73723],[-2.57252,40.71784],[-2.52754,40.71623],[-2.50055,40.70168]],[[-2.54553,40.61767],[-2.57702,40.60313],[-2.60851,40.60798],[-2.6265,40.64029],[-2.66024,40.64191],[-2.66923,40.65645]]]}},{"type":"Feature","properties":{"name":"Uceda","layer":"municipio"},"geometry":{"type":"MultiLineString","coordinates":[[[-3.51265,40.78893],[-3.50141,40.79701],[-3.47667,40.82609],[-3.46992,40.85194],[-3.47217,40.86486],[-3.44068,40.88102],[-3.42719,40.87133],[-3.39345,40.86486],[-3.39795,40.85032],[-3.42719,40.83901],[-3.45193,40.81155],[-3.45418,40.79216],[-3.42494,40.79054],[-3.44743,40.76469],[-3.46767,40.78408],[-3.49916,40.78893],[-3.51265,40.78893]]]}},{"type":"Feature","properties":{"name":"Ujados","layer":"municipio"},"geometry":{"type":"MultiLineString","coordinates":[[[-3.03134,41.2413],[-3.03134,41.24938],[-3.0021,41.24292],[-2.98861,41.22515],[-2.99086,41.20253],[-3.02234,41.20738],[-3.03134,41.2413]]]}},{"type":"Feature","properties":{"name":"Utande","layer":"municipio"},"geometry":{"type":"MultiLineString","coordinates":[[[-2.95037,40.84548],[-2.93913,40.85194],[-2.94138,40.87617],[-2.92788,40.86809],[-2.91439,40.88425],[-2.90989,40.89556],[-2.90539,40.85355],[-2.90089,40.83578],[-2.93238,40.82447],[-2.95037,40.84548]]]}},{"type":"Feature","properties":{"name":"Valdarachas","layer":"municipio"},"geometry":{"type":"MultiLineString","coordinates":[[[-3.12355,40.53204],[-3.10331,40.50296],[-3.10781,40.49488],[-3.14605,40.4965],[-3.1348,40.50943],[-3.1393,40.54174],[-3.12355,40.53204]]]}},{"type":"Feature","properties":{"name":"Valdearenas","layer":"municipio"},"geometry":{"type":"MultiLineString","coordinates":[[[-3.0201,40.80832],[-3.01335,40.8374],[-2.97511,40.84871],[-2.96837,40.84063],[-2.98186,40.82447],[-2.97061,40.80832],[-2.98411,40.79862],[-3.0201,40.80832]]]}},{"type":"Feature","properties":{"name":"Valdeavellano","layer":"municipio"},"geometry":{"type":"MultiLineString","coordinates":[[[-2.98411,40.63383],[-2.99086,40.66453],[-2.98411,40.6823],[-2.95487,40.68714],[-2.93013,40.70007],[-2.94362,40.64514],[-2.98186,40.62737],[-2.98411,40.63383]]]}},{"type":"Feature","properties":{"name":"Valdeconcha","layer":"municipio"},"geometry":{"type":"MultiLineString","coordinates":[[[-2.91439,40.46257],[-2.90539,40.4755],[-2.85591,40.47065],[-2.84241,40.46419],[-2.83792,40.44318],[-2.85366,40.42541],[-2.89414,40.43834],[-2.91439,40.46257]]]}},{"type":"Feature","properties":{"name":"Valdeaveruelo","layer":"municipio"},"geometry":{"type":"MultiLineString","coordinates":[[[-3.32148,40.61121],[-3.33722,40.62575],[-3.32373,40.62898],[-3.31698,40.65483],[-3.31023,40.67745],[-3.29899,40.68876],[-3.28099,40.66776],[-3.28774,40.66129],[-3.29224,40.63868],[-3.31248,40.61121],[-3.32148,40.61121]]]}},{"type":"Feature","properties":{"name":"Valdenu\u00f1o Fern\u00e1ndez","layer":"municipio"},"geometry":{"type":"MultiLineString","coordinates":[[[-3.4002,40.78247],[-3.37546,40.79539],[-3.35072,40.76954],[-3.35072,40.75015],[-3.32822,40.73561],[-3.35072,40.73723],[-3.3867,40.72753],[-3.40694,40.73723],[-3.39795,40.75338],[-3.4002,40.78247]]]}},{"type":"Feature","properties":{"name":"Valdepe\u00f1as de la Sierra","layer":"municipio"},"geometry":{"type":"MultiLineString","coordinates":[[[-3.45193,40.91333],[-3.42269,40.96665],[-3.41819,40.97473],[-3.39345,40.9618],[-3.38445,40.94241],[-3.34847,40.90041],[-3.33722,40.89233],[-3.33947,40.87617],[-3.36196,40.86648],[-3.39345,40.86486],[-3.42719,40.87133],[-3.44068,40.88102],[-3.45867,40.89718],[-3.45193,40.91333]]]}},{"type":"Feature","properties":{"name":"Valderrebollo","layer":"municipio"},"geometry":{"type":"MultiLineString","coordinates":[[[-2.77494,40.80508],[-2.75245,40.81316],[-2.75245,40.83093],[-2.72546,40.82609],[-2.70522,40.80185],[-2.72321,40.78893],[-2.72771,40.79054],[-2.77494,40.80508]]]}},{"type":"Feature","properties":{"name":"Valdesotos","layer":"municipio"},"geometry":{"type":"MultiLineString","coordinates":[[[-3.34397,41.00219],[-3.31698,41.0135],[-3.29899,41.01027],[-3.29674,41.00704],[-3.29449,40.98604],[-3.31248,40.97634],[-3.31023,40.95211],[-3.28324,40.95372],[-3.28999,40.9408],[-3.31923,40.93918],[-3.34847,40.96826],[-3.34397,41.00219]]]}},{"type":"Feature","properties":{"name":"Valfermoso de Taju\u00f1a","layer":"municipio"},"geometry":{"type":"MultiLineString","coordinates":[[[-3.01335,40.59344],[-2.99311,40.61606],[-2.98186,40.62737],[-2.94362,40.64514],[-2.93238,40.64191],[-2.91214,40.61767],[-2.93913,40.59828],[-2.97961,40.58536],[-3.01335,40.59344]]]}},{"type":"Feature","properties":{"name":"Valverde de los Arroyos","layer":"municipio"},"geometry":{"type":"MultiLineString","coordinates":[[[-3.27874,41.16214],[-3.272,41.17345],[-3.20002,41.15568],[-3.19328,41.14437],[-3.18878,41.10074],[-3.19778,41.09751],[-3.22477,41.11044],[-3.254,41.10236],[-3.25625,41.10398],[-3.26525,41.11044],[-3.27874,41.16214]]]}},{"type":"Feature","properties":{"name":"Viana de Jadraque","layer":"municipio"},"geometry":{"type":"MultiLineString","coordinates":[[[-2.84241,41.01189],[-2.82892,41.02481],[-2.82892,41.0442],[-2.82217,41.06359],[-2.82892,41.07489],[-2.82667,41.07489],[-2.81992,41.0652],[-2.82442,41.05066],[-2.81318,41.03127],[-2.74795,41.04743],[-2.72771,41.03935],[-2.72771,41.02481],[-2.73895,41.01835],[-2.79968,41.02158],[-2.82892,41.00219],[-2.84241,41.01189]]]}},{"type":"Feature","properties":{"name":"Villanueva de Argecilla","layer":"municipio"},"geometry":{"type":"MultiLineString","coordinates":[[[-2.92788,40.90525],[-2.92338,40.91656],[-2.89864,40.90849],[-2.90989,40.89556],[-2.91439,40.88425],[-2.92788,40.90525]]]}},{"type":"Feature","properties":{"name":"Villanueva de la Torre","layer":"municipio"},"geometry":{"type":"MultiLineString","coordinates":[[[-3.33047,40.60152],[-3.32148,40.61121],[-3.31248,40.61121],[-3.27874,40.58698],[-3.27425,40.58213],[-3.28774,40.57243],[-3.31698,40.58374],[-3.33047,40.60152]]]}},{"type":"Feature","properties":{"name":"Villares de Jadraque","layer":"municipio"},"geometry":{"type":"MultiLineString","coordinates":[[[-3.08082,41.09267],[-3.05608,41.09428],[-3.04034,41.12498],[-3.00435,41.11205],[-2.98636,41.1169],[-2.98636,41.11044],[-3.01785,41.08944],[-3.02684,41.07813],[-3.04484,41.09267],[-3.06508,41.0862],[-3.08082,41.09267]]]}},{"type":"Feature","properties":{"name":"Villaseca de Henares","layer":"municipio"},"geometry":{"type":"MultiLineString","coordinates":[[[-2.83117,40.9618],[-2.81318,40.98604],[-2.80418,40.98119],[-2.76819,40.98442],[-2.77269,40.95534],[-2.81093,40.93595],[-2.83117,40.9618]]]}},{"type":"Feature","properties":{"name":"Villaseca de Uceda","layer":"municipio"},"geometry":{"type":"MultiLineString","coordinates":[[[-3.37546,40.82124],[-3.33272,40.84063],[-3.33047,40.8584],[-3.34397,40.86971],[-3.36196,40.86648],[-3.33947,40.87617],[-3.32373,40.86971],[-3.31923,40.84224],[-3.33497,40.82447],[-3.33272,40.81155],[-3.37096,40.80993],[-3.37546,40.82124]]]}},{"type":"Feature","properties":{"name":"Vi\u00f1uelas","layer":"municipio"},"geometry":{"type":"MultiLineString","coordinates":[[[-3.37546,40.79539],[-3.37096,40.80993],[-3.33272,40.81155],[-3.32373,40.79054],[-3.32598,40.76954],[-3.35072,40.76954],[-3.37546,40.79539]]]}},{"type":"Feature","properties":{"name":"Yebes","layer":"municipio"},"geometry":{"type":"MultiLineString","coordinates":[[[-3.11006,40.55628],[-3.08982,40.53689],[-3.06958,40.52881],[-3.06283,40.5175],[-3.09881,40.50943],[-3.10331,40.50296],[-3.12355,40.53204],[-3.11006,40.55628]],[[-3.09881,40.59021],[-3.10556,40.58213],[-3.12355,40.58051],[-3.1258,40.59182],[-3.09881,40.59021]]]}},{"type":"Feature","properties":{"name":"Yebra","layer":"municipio"},"geometry":{"type":"MultiLineString","coordinates":[[[-3.03134,40.36563],[-3.02459,40.38017],[-2.97061,40.3931],[-2.95262,40.38017],[-2.91439,40.37048],[-2.91439,40.35917],[-2.91214,40.31232],[-2.88965,40.30262],[-2.92113,40.29455],[-2.92788,40.30909],[-2.97286,40.32847],[-2.99311,40.34463],[-3.01335,40.36563],[-3.03134,40.36402],[-3.03134,40.36563]]]}},{"type":"Feature","properties":{"name":"Y\u00e9lamos de Arriba","layer":"municipio"},"geometry":{"type":"MultiLineString","coordinates":[[[-2.87615,40.63544],[-2.86266,40.66937],[-2.83117,40.66937],[-2.80868,40.65968],[-2.83567,40.63868],[-2.82667,40.60798],[-2.85366,40.63868],[-2.87615,40.63544]]]}},{"type":"Feature","properties":{"name":"Zarzuela de Jadraque","layer":"municipio"},"geometry":{"type":"MultiLineString","coordinates":[[[-3.10781,41.0862],[-3.10106,41.09428],[-3.08082,41.09267],[-3.06508,41.0862],[-3.04484,41.09267],[-3.02684,41.07813],[-3.02234,41.05228],[-3.05833,41.02158],[-3.08307,41.05389],[-3.08307,41.07005],[-3.10781,41.0862]]]}},{"type":"Feature","properties":{"name":"Zorita de los Canes","layer":"municipio"},"geometry":{"type":"MultiLineString","coordinates":[[[-2.91439,40.35917],[-2.89414,40.34625],[-2.87165,40.3414],[-2.84916,40.31878],[-2.86715,40.30586],[-2.88965,40.30262],[-2.91214,40.31232],[-2.91439,40.35917]]]}},{"type":"Feature","properties":{"name":"Yunquera de Henares","layer":"municipio"},"geometry":{"type":"MultiLineString","coordinates":[[[-3.22027,40.75662],[-3.22252,40.76631],[-3.19778,40.78408],[-3.16629,40.7857],[-3.1348,40.76954],[-3.13255,40.74369],[-3.15504,40.72269],[-3.17304,40.74046],[-3.21577,40.75177],[-3.22027,40.75662]]]}},{"type":"Feature","properties":{"name":"Semillas","layer":"municipio"},"geometry":{"type":"MultiLineString","coordinates":[[[-3.19778,41.02804],[-3.19553,41.04581],[-3.17978,41.06682],[-3.15729,41.06035],[-3.12355,41.07166],[-3.10781,41.0862],[-3.08307,41.07005],[-3.08307,41.05389],[-3.05833,41.02158],[-3.07407,41.01027],[-3.10106,41.01835],[-3.11681,41.02319],[-3.14605,41.03774],[-3.16854,41.01835],[-3.19778,41.02804]]]}},{"type":"Feature","properties":{"name":"Aldovera","layer":"municipio"},"geometry":{"type":"MultiLineString","coordinates":[[[-2.93688,40.25577],[-2.90314,40.26708],[-2.88065,40.27193],[-2.85141,40.25254],[-2.85366,40.23154],[-2.8694,40.20892],[-2.93238,40.20407],[-2.94812,40.217],[-2.93463,40.24123],[-2.93688,40.25577]]]}},{"type":"Feature","properties":{"name":"Ajofr\u00edn","layer":"municipio"},"geometry":{"type":"MultiLineString","coordinates":[[[-4.0367,39.73231],[-4.02545,39.75331],[-4.01421,39.74846],[-3.96473,39.76624],[-3.95348,39.74685],[-3.96248,39.73716],[-3.96023,39.71292],[-3.94898,39.71454],[-3.96473,39.69515],[-3.99846,39.69192],[-3.99846,39.7],[-4.0232,39.72908],[-4.0367,39.73231]]]}},{"type":"Feature","properties":{"name":"Alcab\u00f3n","layer":"municipio"},"geometry":{"type":"MultiLineString","coordinates":[[[-4.38531,40.01989],[-4.35382,40.0102],[-4.36507,39.97627],[-4.37632,39.98435],[-4.38531,40.01989]]]}},{"type":"Feature","properties":{"name":"Alameda de la Sagra","layer":"municipio"},"geometry":{"type":"MultiLineString","coordinates":[[[-3.84102,39.98273],[-3.84552,39.99889],[-3.81628,40.00858],[-3.81628,40.02151],[-3.7803,40.02797],[-3.80279,40.03443],[-3.7713,40.05705],[-3.76231,40.02635],[-3.7848,39.99081],[-3.80954,39.97627],[-3.82528,39.95365],[-3.84102,39.98273]]]}},{"type":"Feature","properties":{"name":"Alca\u00f1izo","layer":"municipio"},"geometry":{"type":"MultiLineString","coordinates":[[[-5.12302,39.92618],[-5.09828,39.92295],[-5.07354,39.8971],[-5.10503,39.89387],[-5.10953,39.88579],[-5.13877,39.89387],[-5.14327,39.90356],[-5.12302,39.92295],[-5.12302,39.92618]]]}},{"type":"Feature","properties":{"name":"Albarreal de Tajo","layer":"municipio"},"geometry":{"type":"MultiLineString","coordinates":[[[-4.26386,39.91326],[-4.24587,39.91003],[-4.21663,39.91811],[-4.17839,39.90841],[-4.16265,39.90356],[-4.1694,39.88256],[-4.18289,39.87287],[-4.19863,39.86317],[-4.22113,39.87125],[-4.23012,39.85348],[-4.25036,39.86479],[-4.27735,39.88579],[-4.26386,39.91326]]]}},{"type":"Feature","properties":{"name":"Alcaudete de la Jara","layer":"municipio"},"geometry":{"type":"MultiLineString","coordinates":[[[-4.9161,39.84056],[-4.89361,39.83409],[-4.88462,39.84217],[-4.84413,39.83571],[-4.83739,39.82925],[-4.8014,39.82763],[-4.77441,39.8244],[-4.75642,39.80501],[-4.74742,39.77916],[-4.75642,39.78401],[-4.7924,39.77431],[-4.80365,39.7517],[-4.83064,39.73554],[-4.83064,39.72261],[-4.85313,39.68869],[-4.86213,39.66122],[-4.87337,39.66122],[-4.88462,39.67415],[-4.89361,39.72908],[-4.92285,39.76301],[-4.9161,39.77755],[-4.9161,39.84056]]]}},{"type":"Feature","properties":{"name":"Alcolea de Tajo","layer":"municipio"},"geometry":{"type":"MultiLineString","coordinates":[[[-5.20624,39.79693],[-5.21299,39.82278],[-5.19949,39.83086],[-5.1815,39.82278],[-5.15901,39.83409],[-5.12077,39.84217],[-5.10953,39.8244],[-5.06455,39.83571],[-5.0488,39.82278],[-5.0533,39.79693],[-5.03981,39.77593],[-5.08704,39.77108],[-5.12977,39.7937],[-5.16801,39.80016],[-5.1815,39.79855],[-5.20624,39.79693]]]}},{"type":"Feature","properties":{"name":"Arcic\u00f3llar","layer":"municipio"},"geometry":{"type":"MultiLineString","coordinates":[[[-4.14915,40.08128],[-4.13341,40.08613],[-4.12666,40.07321],[-4.10192,40.07482],[-4.09518,40.06513],[-4.05244,40.06351],[-4.04345,40.05059],[-4.06369,40.04251],[-4.06819,40.02958],[-4.08168,40.03928],[-4.12441,40.02958],[-4.14915,40.08128]]]}},{"type":"Feature","properties":{"name":"Aldea en Cabo","layer":"municipio"},"geometry":{"type":"MultiLineString","coordinates":[[[-4.52251,40.20246],[-4.51801,40.21538],[-4.49777,40.22184],[-4.44604,40.2073],[-4.43254,40.17499],[-4.46178,40.15883],[-4.47977,40.1863],[-4.52251,40.20246]]]}},{"type":"Feature","properties":{"name":"Arg\u00e9s","layer":"municipio"},"geometry":{"type":"MultiLineString","coordinates":[[[-4.09293,39.81794],[-4.07043,39.82601],[-4.04569,39.81632],[-4.0412,39.7937],[-4.07718,39.78886],[-4.08843,39.7937],[-4.12216,39.79209],[-4.11092,39.81309],[-4.09293,39.81794]],[[-4.1694,39.88256],[-4.15365,39.87933],[-4.1559,39.87125],[-4.17389,39.85994],[-4.18289,39.87287],[-4.1694,39.88256]]]}},{"type":"Feature","properties":{"name":"Aldeanueva de Barbarroya","layer":"municipio"},"geometry":{"type":"MultiLineString","coordinates":[[[-5.08704,39.77108],[-5.03981,39.77593],[-4.99257,39.79209],[-4.97683,39.78724],[-4.97683,39.75331],[-4.96559,39.68707],[-4.94759,39.67253],[-5.00157,39.6693],[-5.03531,39.67738],[-5.03306,39.68869],[-5.06005,39.74362],[-5.07804,39.75008],[-5.09379,39.75977],[-5.08704,39.77108]]]}},{"type":"Feature","properties":{"name":"Aldeanueva de San Bartolom\u00e9","layer":"municipio"},"geometry":{"type":"MultiLineString","coordinates":[[[-5.16126,39.64668],[-5.14776,39.66768],[-5.08254,39.65799],[-5.05105,39.64183],[-5.07579,39.6176],[-5.09379,39.60952],[-5.11853,39.6176],[-5.14327,39.64183],[-5.16126,39.64668]]]}},{"type":"Feature","properties":{"name":"Almendral de la Ca\u00f1ada","layer":"municipio"},"geometry":{"type":"MultiLineString","coordinates":[[[-4.76766,40.217],[-4.75642,40.2073],[-4.72043,40.20569],[-4.70244,40.19922],[-4.69569,40.18468],[-4.72493,40.15076],[-4.75867,40.16853],[-4.78341,40.19276],[-4.76766,40.217]],[[-4.84863,40.20892],[-4.82839,40.19922],[-4.83514,40.19115],[-4.85988,40.20246],[-4.84863,40.20892]]]}},{"type":"Feature","properties":{"name":"Almonacid de Toledo","layer":"municipio"},"geometry":{"type":"MultiLineString","coordinates":[[[-3.90175,39.74685],[-3.895,39.75654],[-3.9085,39.77593],[-3.90625,39.79209],[-3.86127,39.79209],[-3.85902,39.80178],[-3.87926,39.82278],[-3.85227,39.83571],[-3.85902,39.84702],[-3.86576,39.87448],[-3.81403,39.88579],[-3.80504,39.88418],[-3.79379,39.87125],[-3.79379,39.86479],[-3.81853,39.81794],[-3.81403,39.81147],[-3.80729,39.75493],[-3.81403,39.74362],[-3.84327,39.73716],[-3.85677,39.72585],[-3.90175,39.74685]]]}},{"type":"Feature","properties":{"name":"Almorox","layer":"municipio"},"geometry":{"type":"MultiLineString","coordinates":[[[-4.43704,40.23638],[-4.43479,40.259],[-4.38306,40.2897],[-4.38081,40.31878],[-4.35607,40.30909],[-4.35607,40.27031],[-4.34483,40.25254],[-4.34933,40.23638],[-4.35158,40.18792],[-4.36057,40.20084],[-4.38981,40.19438],[-4.4078,40.20407],[-4.41005,40.22669],[-4.43704,40.23638]]]}},{"type":"Feature","properties":{"name":"A\u00f1over de Tajo","layer":"municipio"},"geometry":{"type":"MultiLineString","coordinates":[[[-3.82528,39.95365],[-3.80954,39.97627],[-3.7848,39.99081],[-3.76231,40.02635],[-3.71507,40.00373],[-3.74656,39.9795],[-3.73532,39.96173],[-3.75781,39.96819],[-3.78705,39.95365],[-3.78705,39.94396],[-3.80954,39.95365],[-3.82303,39.94719],[-3.82528,39.95365]]]}},{"type":"Feature","properties":{"name":"Azut\u00e1n","layer":"municipio"},"geometry":{"type":"MultiLineString","coordinates":[[[-5.16801,39.80016],[-5.12977,39.7937],[-5.08704,39.77108],[-5.11853,39.76462],[-5.12302,39.75331],[-5.14776,39.74846],[-5.15901,39.75977],[-5.16801,39.80016]]]}},{"type":"Feature","properties":{"name":"Barcience","layer":"municipio"},"geometry":{"type":"MultiLineString","coordinates":[[[-4.26386,39.99727],[-4.23012,40.00535],[-4.20988,39.98111],[-4.20988,39.95688],[-4.22562,39.95526],[-4.24812,39.96657],[-4.26386,39.99727]]]}},{"type":"Feature","properties":{"name":"Bargas","layer":"municipio"},"geometry":{"type":"MultiLineString","coordinates":[[[-4.15365,39.95688],[-4.11767,39.94557],[-4.08843,39.95042],[-4.08843,39.9795],[-4.05019,39.98596],[-4.06144,40.01343],[-4.0367,40.00858],[-4.01421,39.9795],[-4.00971,39.92134],[-4.01421,39.91003],[-4.0322,39.9068],[-4.05469,39.92295],[-4.07943,39.92457],[-4.08843,39.90356],[-4.12216,39.91003],[-4.15815,39.9068],[-4.1604,39.91326],[-4.17165,39.93911],[-4.15365,39.95688]],[[-4.03895,40.03282],[-4.0367,40.02797],[-4.06144,40.01504],[-4.06369,40.02797],[-4.03895,40.03282]]]}},{"type":"Feature","properties":{"name":"Belv\u00eds de la Jara","layer":"municipio"},"geometry":{"type":"MultiLineString","coordinates":[[[-4.99257,39.79209],[-4.99932,39.80986],[-4.93635,39.85025],[-4.9161,39.84056],[-4.9161,39.77755],[-4.92285,39.76301],[-4.89361,39.72908],[-4.88462,39.67415],[-4.9161,39.66284],[-4.94309,39.66768],[-4.94759,39.67253],[-4.96559,39.68707],[-4.97683,39.75331],[-4.97683,39.78724],[-4.99257,39.79209]]]}},{"type":"Feature","properties":{"name":"Borox","layer":"municipio"},"geometry":{"type":"MultiLineString","coordinates":[[[-3.7713,40.05705],[-3.76905,40.06028],[-3.76455,40.07159],[-3.73756,40.08936],[-3.73307,40.10552],[-3.70833,40.08613],[-3.67459,40.06674],[-3.68359,40.04574],[-3.66784,40.02797],[-3.67909,40.01666],[-3.69933,40.01989],[-3.71507,40.00373],[-3.76231,40.02635],[-3.7713,40.05705]]]}},{"type":"Feature","properties":{"name":"Caba\u00f1as de Yepes","layer":"municipio"},"geometry":{"type":"MultiLineString","coordinates":[[[-3.56888,39.90033],[-3.53065,39.91487],[-3.50141,39.90195],[-3.53739,39.86964],[-3.55764,39.87287],[-3.56888,39.90033]]]}},{"type":"Feature","properties":{"name":"Buenaventura","layer":"municipio"},"geometry":{"type":"MultiLineString","coordinates":[[[-4.9251,40.17014],[-4.89586,40.18468],[-4.85988,40.20246],[-4.83514,40.19115],[-4.82389,40.16853],[-4.84638,40.15883],[-4.85538,40.14752],[-4.90261,40.14591],[-4.92285,40.14106],[-4.9251,40.17014]]]}},{"type":"Feature","properties":{"name":"Burguillos de Toledo","layer":"municipio"},"geometry":{"type":"MultiLineString","coordinates":[[[-4.02545,39.75331],[-4.02545,39.75493],[-4.0232,39.77916],[-4.00521,39.80016],[-4.00521,39.81471],[-3.97597,39.81471],[-3.96023,39.7937],[-3.96473,39.76624],[-4.01421,39.74846],[-4.02545,39.75331]]]}},{"type":"Feature","properties":{"name":"Buruj\u00f3n","layer":"municipio"},"geometry":{"type":"MultiLineString","coordinates":[[[-4.32683,39.86964],[-4.31334,39.89226],[-4.32683,39.91487],[-4.31559,39.91972],[-4.29085,39.9278],[-4.26386,39.91326],[-4.27735,39.88579],[-4.25036,39.86479],[-4.25036,39.84379],[-4.2751,39.86317],[-4.2886,39.86156],[-4.32683,39.86964]]]}},{"type":"Feature","properties":{"name":"Caba\u00f1as de la Sagra","layer":"municipio"},"geometry":{"type":"MultiLineString","coordinates":[[[-3.97597,40.0005],[-3.97822,40.01343],[-3.95348,40.01989],[-3.95573,40.03443],[-3.92649,40.00697],[-3.92874,39.99889],[-3.94223,39.96981],[-3.96698,39.98596],[-3.97597,40.0005]]]}},{"type":"Feature","properties":{"name":"Cabezamesada","layer":"municipio"},"geometry":{"type":"MultiLineString","coordinates":[[[-3.14155,39.86317],[-3.12805,39.87448],[-3.09657,39.86964],[-3.06058,39.83732],[-3.05158,39.81309],[-3.0201,39.77108],[-3.0156,39.76462],[-3.04484,39.77916],[-3.06283,39.7727],[-3.1348,39.82601],[-3.15054,39.83894],[-3.14155,39.86317]]]}},{"type":"Feature","properties":{"name":"Calera y Chozas","layer":"municipio"},"geometry":{"type":"MultiLineString","coordinates":[[[-5.12077,39.84217],[-5.10953,39.88579],[-5.10503,39.89387],[-5.07354,39.8971],[-5.09828,39.92295],[-5.08254,39.93911],[-5.06005,39.96173],[-5.02856,39.95365],[-5.01507,39.93103],[-4.95209,39.94234],[-4.94984,39.91811],[-4.92735,39.93588],[-4.90711,39.91972],[-4.89136,39.89872],[-4.91386,39.88741],[-4.92285,39.87125],[-4.94309,39.86317],[-4.93635,39.85025],[-4.99932,39.80986],[-4.99257,39.79209],[-5.03981,39.77593],[-5.0533,39.79693],[-5.0488,39.82278],[-5.06455,39.83571],[-5.10953,39.8244],[-5.12077,39.84217]]]}},{"type":"Feature","properties":{"name":"Caleruela","layer":"municipio"},"geometry":{"type":"MultiLineString","coordinates":[[[-5.28946,39.86479],[-5.25797,39.88902],[-5.23323,39.8761],[-5.22873,39.86156],[-5.24223,39.85186],[-5.26247,39.86479],[-5.28496,39.86317],[-5.28946,39.86479]]]}},{"type":"Feature","properties":{"name":"Calzada de Oropesa","layer":"municipio"},"geometry":{"type":"MultiLineString","coordinates":[[[-5.36593,39.98435],[-5.36368,40.02635],[-5.33219,40.03443],[-5.33219,40.0619],[-5.3142,40.09582],[-5.31645,40.10713],[-5.29396,40.11037],[-5.28271,40.07805],[-5.28721,40.04897],[-5.26472,40.03605],[-5.23998,39.98435],[-5.25122,39.98435],[-5.26022,39.9795],[-5.28496,39.98273],[-5.28271,40.0102],[-5.29846,40.01989],[-5.29846,39.99081],[-5.28271,39.96981],[-5.26022,39.91811],[-5.25797,39.88902],[-5.28946,39.86479],[-5.31645,39.89064],[-5.33894,39.89064],[-5.33894,39.92295],[-5.33219,39.94719],[-5.33444,39.98758],[-5.36593,39.98435]]]}},{"type":"Feature","properties":{"name":"Camarena","layer":"municipio"},"geometry":{"type":"MultiLineString","coordinates":[[[-4.17839,40.12652],[-4.13566,40.15237],[-4.11092,40.14914],[-4.10192,40.13622],[-4.08168,40.14429],[-4.07943,40.12975],[-4.05919,40.09259],[-4.06594,40.08936],[-4.05244,40.06513],[-4.05244,40.06351],[-4.09518,40.06513],[-4.10192,40.07482],[-4.12666,40.07321],[-4.13341,40.08613],[-4.14915,40.08128],[-4.1604,40.08613],[-4.17839,40.12652]]]}},{"type":"Feature","properties":{"name":"El Campillo de la Jara","layer":"municipio"},"geometry":{"type":"MultiLineString","coordinates":[[[-5.11628,39.55782],[-5.09379,39.60952],[-5.07579,39.6176],[-5.05105,39.64183],[-5.03756,39.65637],[-5.02856,39.62245],[-5.01057,39.61437],[-5.01731,39.58529],[-5.00832,39.57559],[-5.01057,39.52066],[-5.02406,39.49804],[-5.07129,39.54005],[-5.11628,39.55782]]]}},{"type":"Feature","properties":{"name":"Carriches","layer":"municipio"},"geometry":{"type":"MultiLineString","coordinates":[[[-4.48427,39.97304],[-4.46628,39.99081],[-4.44604,39.98758],[-4.42805,39.96981],[-4.43254,39.95688],[-4.46403,39.94234],[-4.46853,39.94234],[-4.47753,39.94719],[-4.48427,39.97304]]]}},{"type":"Feature","properties":{"name":"Camu\u00f1as","layer":"municipio"},"geometry":{"type":"MultiLineString","coordinates":[[[-3.56663,39.29932],[-3.54189,39.33325],[-3.5104,39.36071],[-3.5284,39.38333],[-3.52165,39.41726],[-3.49691,39.44634],[-3.43618,39.48835],[-3.42494,39.46896],[-3.42494,39.43019],[-3.40919,39.40434],[-3.46992,39.37202],[-3.47667,39.34294],[-3.53065,39.30901],[-3.53289,39.30417],[-3.56663,39.29932]]]}},{"type":"Feature","properties":{"name":"Cardiel de los Montes","layer":"municipio"},"geometry":{"type":"MultiLineString","coordinates":[[[-4.6597,40.0829],[-4.63496,40.08936],[-4.59898,40.08936],[-4.60348,40.06997],[-4.62597,40.05543],[-4.65746,40.03766],[-4.6777,40.05382],[-4.6777,40.07644],[-4.6597,40.0829]]]}},{"type":"Feature","properties":{"name":"Carmena","layer":"municipio"},"geometry":{"type":"MultiLineString","coordinates":[[[-4.43479,39.90195],[-4.42355,39.92134],[-4.42805,39.95526],[-4.39656,39.97788],[-4.37632,39.98435],[-4.36507,39.97627],[-4.35382,39.96496],[-4.36732,39.95688],[-4.37182,39.93911],[-4.38756,39.91972],[-4.38531,39.89872],[-4.36957,39.88095],[-4.4123,39.8761],[-4.43479,39.90195]]]}},{"type":"Feature","properties":{"name":"El Carpio de Tajo","layer":"municipio"},"geometry":{"type":"MultiLineString","coordinates":[[[-4.58099,39.83894],[-4.56974,39.85994],[-4.55175,39.85671],[-4.5405,39.86802],[-4.51576,39.86156],[-4.49777,39.88095],[-4.50227,39.89549],[-4.48202,39.91164],[-4.47078,39.90518],[-4.45728,39.91649],[-4.43479,39.90195],[-4.4123,39.8761],[-4.4258,39.84217],[-4.44379,39.84379],[-4.45728,39.80663],[-4.47753,39.7937],[-4.49327,39.7727],[-4.5405,39.8034],[-4.58099,39.83894]]]}},{"type":"Feature","properties":{"name":"Carranque","layer":"municipio"},"geometry":{"type":"MultiLineString","coordinates":[[[-3.95798,40.17661],[-3.95573,40.19922],[-3.95123,40.19599],[-3.93774,40.20246],[-3.92649,40.20084],[-3.91525,40.19115],[-3.88376,40.18953],[-3.90175,40.1556],[-3.9085,40.15076],[-3.94673,40.16207],[-3.96023,40.16045],[-3.95798,40.17661]]]}},{"type":"Feature","properties":{"name":"El Casar de Escalona","layer":"municipio"},"geometry":{"type":"MultiLineString","coordinates":[[[-4.58099,40.07159],[-4.554,40.07159],[-4.50227,40.07644],[-4.49327,40.08613],[-4.47753,40.07644],[-4.47753,40.0619],[-4.50227,40.03605],[-4.5315,40.01827],[-4.56074,40.01666],[-4.58099,40.07159]]]}},{"type":"Feature","properties":{"name":"Casarrubios del Monte","layer":"municipio"},"geometry":{"type":"MultiLineString","coordinates":[[[-4.1694,40.17176],[-4.15365,40.18307],[-4.12441,40.18792],[-4.10192,40.18307],[-4.07268,40.19276],[-4.06819,40.20569],[-4.07943,40.22992],[-4.10417,40.24123],[-4.07943,40.26708],[-4.05244,40.25092],[-4.0232,40.24931],[-4.02545,40.23638],[-3.99172,40.20892],[-3.95348,40.21215],[-3.95573,40.19922],[-3.95798,40.17661],[-4.00296,40.18145],[-4.05244,40.17176],[-4.05244,40.15399],[-4.08168,40.14429],[-4.10192,40.13622],[-4.09068,40.15399],[-4.10867,40.16853],[-4.1694,40.17176]]]}},{"type":"Feature","properties":{"name":"Casasbuenas","layer":"municipio"},"geometry":{"type":"MultiLineString","coordinates":[[[-4.15365,39.76301],[-4.13566,39.78239],[-4.12216,39.79209],[-4.08843,39.7937],[-4.08168,39.78239],[-4.09068,39.76947],[-4.05919,39.75816],[-4.0412,39.74039],[-4.08168,39.74846],[-4.10867,39.742],[-4.14466,39.75331],[-4.15365,39.76301]]]}},{"type":"Feature","properties":{"name":"Castillo de Bayuela","layer":"municipio"},"geometry":{"type":"MultiLineString","coordinates":[[[-4.72493,40.13783],[-4.70919,40.13622],[-4.69119,40.11683],[-4.6597,40.12975],[-4.6642,40.10229],[-4.6597,40.0829],[-4.6777,40.07644],[-4.6777,40.05382],[-4.65746,40.03766],[-4.67095,40.03282],[-4.68894,40.02151],[-4.70694,40.03605],[-4.70469,40.0619],[-4.71593,40.08128],[-4.70469,40.09098],[-4.70244,40.11844],[-4.72493,40.13783]]]}},{"type":"Feature","properties":{"name":"Cazalegas","layer":"municipio"},"geometry":{"type":"MultiLineString","coordinates":[[[-4.76316,39.97142],[-4.74517,40.0005],[-4.68894,40.02151],[-4.67095,40.03282],[-4.64621,39.99889],[-4.6822,39.99404],[-4.70019,39.98435],[-4.76316,39.97142]]]}},{"type":"Feature","properties":{"name":"Cebolla","layer":"municipio"},"geometry":{"type":"MultiLineString","coordinates":[[[-4.62147,39.92618],[-4.61697,39.93911],[-4.60348,39.95688],[-4.58773,39.96173],[-4.5315,39.9585],[-4.52701,39.95365],[-4.50901,39.93911],[-4.52701,39.92295],[-4.52926,39.90518],[-4.56074,39.91326],[-4.57874,39.92457],[-4.62147,39.92618]]]}},{"type":"Feature","properties":{"name":"Cedillo del Condado","layer":"municipio"},"geometry":{"type":"MultiLineString","coordinates":[[[-3.95798,40.04736],[-3.95798,40.06674],[-3.94223,40.09421],[-3.95123,40.10067],[-3.94223,40.12491],[-3.913,40.12814],[-3.8995,40.11037],[-3.91974,40.09098],[-3.91525,40.08128],[-3.91075,40.05382],[-3.93774,40.0619],[-3.95573,40.04736],[-3.95798,40.04736]]]}},{"type":"Feature","properties":{"name":"Los Cerralbos","layer":"municipio"},"geometry":{"type":"MultiLineString","coordinates":[[[-4.62597,40.05543],[-4.60348,40.06997],[-4.58099,40.07159],[-4.56074,40.01666],[-4.5315,40.01827],[-4.55175,40.00535],[-4.5495,39.98596],[-4.58548,39.96981],[-4.60123,39.99889],[-4.59223,40.00373],[-4.62597,40.05543]]]}},{"type":"Feature","properties":{"name":"Cobeja","layer":"municipio"},"geometry":{"type":"MultiLineString","coordinates":[[[-3.895,40.0005],[-3.87701,40.01181],[-3.86127,40.03605],[-3.85227,40.02797],[-3.81628,40.02151],[-3.81628,40.00858],[-3.84552,39.99889],[-3.84102,39.98273],[-3.85677,39.97788],[-3.85452,39.99404],[-3.895,40.0005]]]}},{"type":"Feature","properties":{"name":"Cervera de los Montes","layer":"municipio"},"geometry":{"type":"MultiLineString","coordinates":[[[-4.90261,40.06674],[-4.89811,40.07159],[-4.88237,40.07644],[-4.84188,40.07159],[-4.83289,40.06997],[-4.7879,40.07159],[-4.76766,40.06028],[-4.81489,40.02958],[-4.83514,40.02474],[-4.85763,40.0522],[-4.90261,40.06674]]]}},{"type":"Feature","properties":{"name":"Ciruelos","layer":"municipio"},"geometry":{"type":"MultiLineString","coordinates":[[[-3.66559,39.96334],[-3.62961,39.96819],[-3.61386,39.96819],[-3.60262,39.94072],[-3.58912,39.94234],[-3.59812,39.92618],[-3.6431,39.92618],[-3.66559,39.93749],[-3.66559,39.96334]]]}},{"type":"Feature","properties":{"name":"Cobisa","layer":"municipio"},"geometry":{"type":"MultiLineString","coordinates":[[[-4.04569,39.81632],[-4.01871,39.82278],[-4.00521,39.81471],[-4.00521,39.80016],[-4.0232,39.77916],[-4.02545,39.75493],[-4.0412,39.7937],[-4.04569,39.81632]]]}},{"type":"Feature","properties":{"name":"Consuegra","layer":"municipio"},"geometry":{"type":"MultiLineString","coordinates":[[[-3.7758,39.59498],[-3.75106,39.61275],[-3.72632,39.60791],[-3.70158,39.58852],[-3.67909,39.55621],[-3.65885,39.5449],[-3.60936,39.54005],[-3.57563,39.46573],[-3.57788,39.42211],[-3.60712,39.33325],[-3.60262,39.31871],[-3.61161,39.30417],[-3.6566,39.29932],[-3.66334,39.32032],[-3.65435,39.36395],[-3.66109,39.4108],[-3.68584,39.45442],[-3.70383,39.46411],[-3.72632,39.45604],[-3.76905,39.45119],[-3.7848,39.45765],[-3.80729,39.48835],[-3.83203,39.49481],[-3.84327,39.52551],[-3.81403,39.54166],[-3.80504,39.56913],[-3.7758,39.59498]]]}},{"type":"Feature","properties":{"name":"Corral de Almaguer","layer":"municipio"},"geometry":{"type":"MultiLineString","coordinates":[[[-3.35072,39.79209],[-3.31248,39.82763],[-3.26075,39.82117],[-3.23376,39.8454],[-3.21127,39.84863],[-3.20902,39.83409],[-3.19553,39.83571],[-3.14155,39.86317],[-3.15054,39.83894],[-3.1348,39.82601],[-3.06283,39.7727],[-3.04484,39.77916],[-3.0156,39.76462],[-3.03809,39.75654],[-3.07632,39.73392],[-3.08757,39.70969],[-3.10106,39.70161],[-3.10556,39.67738],[-3.1303,39.65314],[-3.17304,39.67415],[-3.24276,39.68707],[-3.2585,39.66284],[-3.26075,39.66445],[-3.26525,39.68061],[-3.2585,39.71615],[-3.272,39.73877],[-3.34847,39.78562],[-3.35072,39.79209]]]}},{"type":"Feature","properties":{"name":"Cuerva","layer":"municipio"},"geometry":{"type":"MultiLineString","coordinates":[[[-4.26386,39.6693],[-4.24812,39.68061],[-4.21438,39.68222],[-4.19414,39.6903],[-4.15815,39.68384],[-4.18964,39.64991],[-4.18514,39.63052],[-4.20088,39.63699],[-4.23687,39.63699],[-4.25711,39.63052],[-4.25261,39.64668],[-4.26386,39.6693]]]}},{"type":"Feature","properties":{"name":"Chozas de Canales","layer":"municipio"},"geometry":{"type":"MultiLineString","coordinates":[[[-4.08168,40.14429],[-4.05244,40.15399],[-4.0322,40.12491],[-4.01421,40.11521],[-4.01646,40.10552],[-4.0277,40.08452],[-4.03445,40.06674],[-4.05244,40.06513],[-4.06594,40.08936],[-4.05919,40.09259],[-4.07943,40.12975],[-4.08168,40.14429]]]}},{"type":"Feature","properties":{"name":"Chueca","layer":"municipio"},"geometry":{"type":"MultiLineString","coordinates":[[[-3.95348,39.74685],[-3.93549,39.74362],[-3.91525,39.72423],[-3.90625,39.71615],[-3.94898,39.71454],[-3.96023,39.71292],[-3.96248,39.73716],[-3.95348,39.74685]]]}},{"type":"Feature","properties":{"name":"Domingo P\u00e9rez","layer":"municipio"},"geometry":{"type":"MultiLineString","coordinates":[[[-4.536,39.98111],[-4.49777,39.99566],[-4.49552,40.00697],[-4.48202,39.99727],[-4.49327,39.97304],[-4.52701,39.95365],[-4.5315,39.9585],[-4.536,39.98111]]]}},{"type":"Feature","properties":{"name":"Erustes","layer":"municipio"},"geometry":{"type":"MultiLineString","coordinates":[[[-4.52701,39.95365],[-4.49327,39.97304],[-4.48427,39.97304],[-4.47753,39.94719],[-4.46853,39.94234],[-4.50901,39.93911],[-4.52701,39.95365]]]}},{"type":"Feature","properties":{"name":"Mejorada","layer":"municipio"},"geometry":{"type":"MultiLineString","coordinates":[[[-4.94984,39.98111],[-4.94534,40.00212],[-4.95659,40.02474],[-4.95434,40.04897],[-4.93185,40.05382],[-4.9161,40.06028],[-4.86213,39.99889],[-4.88687,39.98596],[-4.94984,39.98111]]]}},{"type":"Feature","properties":{"name":"Dosbarrios","layer":"municipio"},"geometry":{"type":"MultiLineString","coordinates":[[[-3.60712,39.79209],[-3.57788,39.83571],[-3.53739,39.85994],[-3.53739,39.86964],[-3.50141,39.90195],[-3.49016,39.90841],[-3.40919,39.89226],[-3.39795,39.88579],[-3.40919,39.86802],[-3.40245,39.8244],[-3.44518,39.84702],[-3.5104,39.84217],[-3.5284,39.78562],[-3.55988,39.77755],[-3.60712,39.79209]]]}},{"type":"Feature","properties":{"name":"Escalona","layer":"municipio"},"geometry":{"type":"MultiLineString","coordinates":[[[-4.46178,40.15883],[-4.43254,40.17499],[-4.4033,40.19438],[-4.4078,40.20407],[-4.38981,40.19438],[-4.36057,40.20084],[-4.35158,40.18792],[-4.37182,40.17822],[-4.34033,40.15399],[-4.31559,40.14914],[-4.31784,40.12652],[-4.35832,40.12167],[-4.39431,40.11521],[-4.4123,40.10229],[-4.43254,40.12167],[-4.45279,40.12975],[-4.44604,40.15076],[-4.46178,40.15883]]]}},{"type":"Feature","properties":{"name":"Escalonilla","layer":"municipio"},"geometry":{"type":"MultiLineString","coordinates":[[[-4.36957,39.88095],[-4.38531,39.89872],[-4.38756,39.91972],[-4.37182,39.93911],[-4.36732,39.95688],[-4.35382,39.96496],[-4.33808,39.96657],[-4.32908,39.95688],[-4.30434,39.95203],[-4.29535,39.93588],[-4.32459,39.92457],[-4.31559,39.91972],[-4.32683,39.91487],[-4.31334,39.89226],[-4.32683,39.86964],[-4.36957,39.88095]]]}},{"type":"Feature","properties":{"name":"Espinoso del Rey","layer":"municipio"},"geometry":{"type":"MultiLineString","coordinates":[[[-4.83289,39.61921],[-4.81939,39.65314],[-4.81939,39.67091],[-4.79465,39.68546],[-4.76316,39.6693],[-4.74517,39.64183],[-4.74292,39.62891],[-4.77216,39.5966],[-4.78566,39.60629],[-4.8104,39.60791],[-4.83289,39.61921]]]}},{"type":"Feature","properties":{"name":"Esquivias","layer":"municipio"},"geometry":{"type":"MultiLineString","coordinates":[[[-3.79829,40.10067],[-3.76905,40.11844],[-3.73981,40.12491],[-3.74206,40.1346],[-3.71732,40.14591],[-3.71282,40.14106],[-3.71507,40.12491],[-3.73307,40.10552],[-3.73756,40.08936],[-3.76455,40.07159],[-3.77805,40.07321],[-3.79829,40.10067]]]}},{"type":"Feature","properties":{"name":"La Estrella","layer":"municipio"},"geometry":{"type":"MultiLineString","coordinates":[[[-5.14776,39.66768],[-5.15226,39.69676],[-5.13877,39.71454],[-5.07804,39.75008],[-5.06005,39.74362],[-5.03306,39.68869],[-5.03531,39.67738],[-5.03756,39.65637],[-5.05105,39.64183],[-5.08254,39.65799],[-5.14776,39.66768]]]}},{"type":"Feature","properties":{"name":"Herreruela de Oropesa","layer":"municipio"},"geometry":{"type":"MultiLineString","coordinates":[[[-5.26022,39.91811],[-5.23998,39.9278],[-5.23773,39.90033],[-5.22423,39.88741],[-5.22199,39.85994],[-5.22873,39.86156],[-5.23323,39.8761],[-5.25797,39.88902],[-5.26022,39.91811]]]}},{"type":"Feature","properties":{"name":"Fuensalida","layer":"municipio"},"geometry":{"type":"MultiLineString","coordinates":[[[-4.23237,40.10552],[-4.22338,40.11683],[-4.19414,40.11521],[-4.18064,40.13622],[-4.17839,40.12652],[-4.1604,40.08613],[-4.14915,40.08128],[-4.12441,40.02958],[-4.11992,40.01666],[-4.14915,40.00697],[-4.16715,40.01181],[-4.18514,40.04251],[-4.20313,40.03605],[-4.22113,40.04412],[-4.22787,40.05059],[-4.21438,40.0829],[-4.23687,40.09098],[-4.23237,40.10552]]]}},{"type":"Feature","properties":{"name":"G\u00e1lvez","layer":"municipio"},"geometry":{"type":"MultiLineString","coordinates":[[[-4.33133,39.76947],[-4.30209,39.78401],[-4.30434,39.76947],[-4.26161,39.74039],[-4.25036,39.72746],[-4.25486,39.71938],[-4.23687,39.70161],[-4.24812,39.68061],[-4.26386,39.6693],[-4.29085,39.68707],[-4.32234,39.6903],[-4.33358,39.70484],[-4.32683,39.72585],[-4.31559,39.73877],[-4.31784,39.76301],[-4.33133,39.76947]]]}},{"type":"Feature","properties":{"name":"Garciotum","layer":"municipio"},"geometry":{"type":"MultiLineString","coordinates":[[[-4.6597,40.12975],[-4.62822,40.16691],[-4.61022,40.16045],[-4.63946,40.13137],[-4.61247,40.09906],[-4.59223,40.10229],[-4.59898,40.08936],[-4.63496,40.08936],[-4.6597,40.0829],[-4.6642,40.10229],[-4.6597,40.12975]]]}},{"type":"Feature","properties":{"name":"Hinojosa de San Vicente","layer":"municipio"},"geometry":{"type":"MultiLineString","coordinates":[[[-4.78566,40.1136],[-4.74292,40.13298],[-4.73393,40.14106],[-4.72493,40.13783],[-4.70244,40.11844],[-4.70469,40.09098],[-4.71593,40.08128],[-4.77216,40.08613],[-4.78566,40.1136]]]}},{"type":"Feature","properties":{"name":"Gerindote","layer":"municipio"},"geometry":{"type":"MultiLineString","coordinates":[[[-4.33808,39.96657],[-4.31109,39.97627],[-4.27286,39.96173],[-4.24812,39.96657],[-4.22562,39.95526],[-4.20988,39.9488],[-4.21663,39.91811],[-4.24587,39.91003],[-4.26386,39.91326],[-4.29085,39.9278],[-4.31559,39.91972],[-4.32459,39.92457],[-4.29535,39.93588],[-4.30434,39.95203],[-4.32908,39.95688],[-4.33808,39.96657]]]}},{"type":"Feature","properties":{"name":"Guadamur","layer":"municipio"},"geometry":{"type":"MultiLineString","coordinates":[[[-4.09293,39.81794],[-4.11092,39.81309],[-4.12216,39.79209],[-4.13566,39.78239],[-4.1694,39.80824],[-4.19639,39.80663],[-4.19639,39.82601],[-4.17839,39.84056],[-4.1559,39.84056],[-4.13116,39.82763],[-4.11542,39.84217],[-4.09293,39.81794]],[[-4.15365,39.87933],[-4.13791,39.88741],[-4.12216,39.86964],[-4.1559,39.87125],[-4.15365,39.87933]]]}},{"type":"Feature","properties":{"name":"La Guardia","layer":"municipio"},"geometry":{"type":"MultiLineString","coordinates":[[[-3.60712,39.79209],[-3.55988,39.77755],[-3.5284,39.78562],[-3.5104,39.84217],[-3.44518,39.84702],[-3.40245,39.8244],[-3.35971,39.81955],[-3.35072,39.79209],[-3.34847,39.78562],[-3.37995,39.77916],[-3.4002,39.78401],[-3.42269,39.7517],[-3.49241,39.74523],[-3.53514,39.74523],[-3.55314,39.74685],[-3.59812,39.72423],[-3.61611,39.73392],[-3.61386,39.75493],[-3.62511,39.76624],[-3.65885,39.77593],[-3.6476,39.80178],[-3.60712,39.79209]],[[-3.79379,39.86479],[-3.76006,39.86317],[-3.74431,39.84702],[-3.7803,39.82601],[-3.7668,39.80501],[-3.79154,39.8034],[-3.81403,39.81147],[-3.81853,39.81794],[-3.79379,39.86479]]]}},{"type":"Feature","properties":{"name":"Las Herencias","layer":"municipio"},"geometry":{"type":"MultiLineString","coordinates":[[[-4.93635,39.85025],[-4.94309,39.86317],[-4.92285,39.87125],[-4.91386,39.88741],[-4.89136,39.89872],[-4.86662,39.91811],[-4.86213,39.90356],[-4.82389,39.88418],[-4.80365,39.89872],[-4.79915,39.91972],[-4.76991,39.92134],[-4.76991,39.93911],[-4.75417,39.92134],[-4.78116,39.91164],[-4.76766,39.90033],[-4.78566,39.88418],[-4.78116,39.86479],[-4.7969,39.85994],[-4.8014,39.82763],[-4.83739,39.82925],[-4.84413,39.83571],[-4.88462,39.84217],[-4.89361,39.83409],[-4.9161,39.84056],[-4.93635,39.85025]]]}},{"type":"Feature","properties":{"name":"Hontanar","layer":"municipio"},"geometry":{"type":"MultiLineString","coordinates":[[[-4.61922,39.48512],[-4.60797,39.51581],[-4.61697,39.5449],[-4.59673,39.56105],[-4.57649,39.56267],[-4.58099,39.58044],[-4.60348,39.58367],[-4.57199,39.61114],[-4.56749,39.62568],[-4.58323,39.64022],[-4.554,39.64668],[-4.50676,39.62891],[-4.46628,39.59983],[-4.45728,39.57721],[-4.47753,39.57075],[-4.46403,39.55297],[-4.44154,39.5449],[-4.4258,39.52874],[-4.43254,39.51905],[-4.45279,39.51743],[-4.46178,39.47865],[-4.48427,39.48835],[-4.50002,39.51905],[-4.50227,39.5352],[-4.48202,39.53843],[-4.5315,39.55621],[-4.56074,39.53359],[-4.554,39.51097],[-4.56749,39.49804],[-4.58998,39.49966],[-4.61922,39.48512]]]}},{"type":"Feature","properties":{"name":"Hormigos","layer":"municipio"},"geometry":{"type":"MultiLineString","coordinates":[[[-4.49327,40.08613],[-4.49102,40.09906],[-4.45279,40.12975],[-4.43254,40.12167],[-4.4123,40.10229],[-4.45279,40.07644],[-4.46853,40.06351],[-4.47753,40.0619],[-4.47753,40.07644],[-4.49327,40.08613]]]}},{"type":"Feature","properties":{"name":"Huecas","layer":"municipio"},"geometry":{"type":"MultiLineString","coordinates":[[[-4.23012,40.00535],[-4.22113,40.04412],[-4.20313,40.03605],[-4.18514,40.04251],[-4.16715,40.01181],[-4.17614,39.97788],[-4.20988,39.98111],[-4.23012,40.00535]]]}},{"type":"Feature","properties":{"name":"Huerta de Valdecar\u00e1banos","layer":"municipio"},"geometry":{"type":"MultiLineString","coordinates":[[[-3.68808,39.78078],[-3.67459,39.80824],[-3.63411,39.8761],[-3.58013,39.90033],[-3.56888,39.90033],[-3.55764,39.87287],[-3.53739,39.86964],[-3.53739,39.85994],[-3.57788,39.83571],[-3.60712,39.79209],[-3.6476,39.80178],[-3.65885,39.77593],[-3.67459,39.76624],[-3.68808,39.78078]]]}},{"type":"Feature","properties":{"name":"La Iglesuela del Ti\u00e9tar","layer":"municipio"},"geometry":{"type":"MultiLineString","coordinates":[[[-4.81939,40.23154],[-4.8059,40.23477],[-4.81714,40.25577],[-4.80365,40.27516],[-4.76092,40.26062],[-4.74292,40.27516],[-4.72718,40.27354],[-4.69794,40.28162],[-4.70019,40.25739],[-4.68669,40.24931],[-4.68669,40.21053],[-4.67995,40.2073],[-4.70244,40.19922],[-4.72043,40.20569],[-4.75642,40.2073],[-4.76766,40.217],[-4.8014,40.23154],[-4.81939,40.23154]]]}},{"type":"Feature","properties":{"name":"Ill\u00e1n de Vacas","layer":"municipio"},"geometry":{"type":"MultiLineString","coordinates":[[[-4.58773,39.96173],[-4.58548,39.96981],[-4.5495,39.98596],[-4.536,39.98111],[-4.5315,39.9585],[-4.58773,39.96173]]]}},{"type":"Feature","properties":{"name":"Illescas","layer":"municipio"},"geometry":{"type":"MultiLineString","coordinates":[[[-3.913,40.12814],[-3.9085,40.15076],[-3.90175,40.1556],[-3.87926,40.14268],[-3.84102,40.16207],[-3.80729,40.17661],[-3.80054,40.17499],[-3.7713,40.13945],[-3.81403,40.1346],[-3.82303,40.12329],[-3.81853,40.09744],[-3.86352,40.09906],[-3.8995,40.11037],[-3.913,40.12814]]]}},{"type":"Feature","properties":{"name":"Lagartera","layer":"municipio"},"geometry":{"type":"MultiLineString","coordinates":[[[-5.29396,40.11037],[-5.24897,40.10875],[-5.24448,40.05543],[-5.24897,40.02958],[-5.23773,40.02312],[-5.21524,39.98758],[-5.21524,39.96819],[-5.19724,39.94396],[-5.17925,39.87448],[-5.195,39.8761],[-5.21749,39.85994],[-5.22199,39.85994],[-5.22423,39.88741],[-5.23773,39.90033],[-5.23998,39.9278],[-5.24897,39.95526],[-5.23548,39.96173],[-5.23998,39.98435],[-5.26472,40.03605],[-5.28721,40.04897],[-5.28271,40.07805],[-5.29396,40.11037]]]}},{"type":"Feature","properties":{"name":"Layos","layer":"municipio"},"geometry":{"type":"MultiLineString","coordinates":[[[-4.08843,39.7937],[-4.07718,39.78886],[-4.0412,39.7937],[-4.02545,39.75493],[-4.02545,39.75331],[-4.0367,39.73231],[-4.0412,39.74039],[-4.05919,39.75816],[-4.09068,39.76947],[-4.08168,39.78239],[-4.08843,39.7937]]]}},{"type":"Feature","properties":{"name":"Lillo","layer":"municipio"},"geometry":{"type":"MultiLineString","coordinates":[[[-3.40694,39.66768],[-3.37995,39.71615],[-3.41144,39.75008],[-3.3867,39.75493],[-3.37995,39.77916],[-3.34847,39.78562],[-3.272,39.73877],[-3.2585,39.71615],[-3.26525,39.68061],[-3.26075,39.66445],[-3.29674,39.64183],[-3.32598,39.64345],[-3.36871,39.63052],[-3.40469,39.66445],[-3.40694,39.66768]]]}},{"type":"Feature","properties":{"name":"Lominchar","layer":"municipio"},"geometry":{"type":"MultiLineString","coordinates":[[[-4.0277,40.08452],[-4.01646,40.10552],[-3.96698,40.09421],[-3.95123,40.10067],[-3.94223,40.09421],[-3.95798,40.06674],[-3.98947,40.06674],[-3.99396,40.07644],[-4.02545,40.07159],[-4.0277,40.08452]]]}},{"type":"Feature","properties":{"name":"Lucillos","layer":"municipio"},"geometry":{"type":"MultiLineString","coordinates":[[[-4.67095,40.03282],[-4.65746,40.03766],[-4.62597,40.05543],[-4.59223,40.00373],[-4.60123,39.99889],[-4.58548,39.96981],[-4.58773,39.96173],[-4.60348,39.95688],[-4.61697,39.96981],[-4.6597,39.96657],[-4.64396,39.9795],[-4.64621,39.99889],[-4.67095,40.03282]]]}},{"type":"Feature","properties":{"name":"Madridejos","layer":"municipio"},"geometry":{"type":"MultiLineString","coordinates":[[[-3.61161,39.30417],[-3.60262,39.31871],[-3.60712,39.33325],[-3.57788,39.42211],[-3.57563,39.46573],[-3.60936,39.54005],[-3.60487,39.56428],[-3.59137,39.57559],[-3.55314,39.59013],[-3.5239,39.59336],[-3.49016,39.58206],[-3.49241,39.54328],[-3.45642,39.52066],[-3.41819,39.51258],[-3.43618,39.48835],[-3.49691,39.44634],[-3.52165,39.41726],[-3.5284,39.38333],[-3.5104,39.36071],[-3.54189,39.33325],[-3.56663,39.29932],[-3.58687,39.3074],[-3.61161,39.30417]]]}},{"type":"Feature","properties":{"name":"Mag\u00e1n","layer":"municipio"},"geometry":{"type":"MultiLineString","coordinates":[[[-3.96698,39.98596],[-3.94223,39.96981],[-3.92874,39.99889],[-3.8995,39.99889],[-3.89725,39.95365],[-3.913,39.95365],[-3.94448,39.93103],[-3.96023,39.93749],[-3.97597,39.97304],[-3.96698,39.98596]]]}},{"type":"Feature","properties":{"name":"Malpica de Tajo","layer":"municipio"},"geometry":{"type":"MultiLineString","coordinates":[[[-4.66195,39.87125],[-4.63496,39.89549],[-4.62147,39.92618],[-4.57874,39.92457],[-4.56074,39.91326],[-4.52926,39.90518],[-4.50227,39.89549],[-4.49777,39.88095],[-4.51576,39.86156],[-4.5405,39.86802],[-4.55175,39.85671],[-4.56974,39.85994],[-4.58099,39.83894],[-4.63721,39.85671],[-4.66195,39.87125]]]}},{"type":"Feature","properties":{"name":"Manzaneque","layer":"municipio"},"geometry":{"type":"MultiLineString","coordinates":[[[-3.82303,39.66284],[-3.80279,39.66445],[-3.7668,39.62729],[-3.79379,39.61437],[-3.80054,39.63052],[-3.82303,39.66284]]]}},{"type":"Feature","properties":{"name":"Maqueda","layer":"municipio"},"geometry":{"type":"MultiLineString","coordinates":[[[-4.45279,40.07644],[-4.4123,40.10229],[-4.39431,40.11521],[-4.35832,40.12167],[-4.32908,40.09906],[-4.33358,40.08613],[-4.30659,40.07967],[-4.30209,40.08613],[-4.26836,40.09744],[-4.2751,40.06836],[-4.32234,40.05543],[-4.35382,40.04897],[-4.37632,40.05543],[-4.39656,40.03282],[-4.4168,40.05059],[-4.4168,40.06836],[-4.43479,40.06351],[-4.45279,40.07644]]]}},{"type":"Feature","properties":{"name":"Marjaliza","layer":"municipio"},"geometry":{"type":"MultiLineString","coordinates":[[[-4.0412,39.57559],[-4.01871,39.57075],[-3.96698,39.57721],[-3.92199,39.57882],[-3.9085,39.56751],[-3.88376,39.52551],[-3.92649,39.53197],[-3.96922,39.51743],[-4.00746,39.52389],[-4.02995,39.52228],[-4.0412,39.57559]]]}},{"type":"Feature","properties":{"name":"Montearag\u00f3n","layer":"municipio"},"geometry":{"type":"MultiLineString","coordinates":[[[-4.6597,39.96173],[-4.6597,39.96657],[-4.61697,39.96981],[-4.60348,39.95688],[-4.61697,39.93911],[-4.63496,39.94557],[-4.65071,39.94072],[-4.6597,39.96173]]]}},{"type":"Feature","properties":{"name":"Marrupe","layer":"municipio"},"geometry":{"type":"MultiLineString","coordinates":[[[-4.84188,40.07159],[-4.82164,40.09259],[-4.80815,40.09421],[-4.78566,40.1136],[-4.77216,40.08613],[-4.82614,40.07644],[-4.83289,40.06997],[-4.84188,40.07159]]]}},{"type":"Feature","properties":{"name":"La Mata","layer":"municipio"},"geometry":{"type":"MultiLineString","coordinates":[[[-4.48202,39.91164],[-4.47977,39.9278],[-4.46403,39.94234],[-4.43254,39.95688],[-4.42805,39.95526],[-4.42355,39.92134],[-4.43479,39.90195],[-4.45728,39.91649],[-4.47078,39.90518],[-4.48202,39.91164]]]}},{"type":"Feature","properties":{"name":"Mazarambroz","layer":"municipio"},"geometry":{"type":"MultiLineString","coordinates":[[[-4.17614,39.62729],[-4.14016,39.65153],[-4.12216,39.6693],[-4.11767,39.69838],[-4.13116,39.71615],[-4.11092,39.72908],[-4.10867,39.742],[-4.08168,39.74846],[-4.0412,39.74039],[-4.0367,39.73231],[-4.0232,39.72908],[-3.99846,39.7],[-3.99846,39.69192],[-4.00746,39.67253],[-4.02545,39.65799],[-4.04794,39.64991],[-4.01871,39.59175],[-3.99396,39.59336],[-3.97147,39.60791],[-3.96698,39.57721],[-4.01871,39.57075],[-4.0412,39.57559],[-4.12441,39.56428],[-4.15815,39.57721],[-4.17839,39.60629],[-4.17614,39.62729]]]}},{"type":"Feature","properties":{"name":"Mascaraque","layer":"municipio"},"geometry":{"type":"MultiLineString","coordinates":[[[-3.85902,39.68707],[-3.84777,39.70969],[-3.85677,39.72585],[-3.84327,39.73716],[-3.81403,39.74362],[-3.80729,39.75493],[-3.81403,39.81147],[-3.79154,39.8034],[-3.7668,39.80501],[-3.7713,39.78562],[-3.74656,39.77755],[-3.73756,39.76462],[-3.75556,39.74846],[-3.7758,39.74039],[-3.79154,39.721],[-3.78705,39.71131],[-3.81853,39.69515],[-3.83653,39.67415],[-3.85902,39.68707]]]}},{"type":"Feature","properties":{"name":"Menasalbas","layer":"municipio"},"geometry":{"type":"MultiLineString","coordinates":[[[-4.45728,39.57721],[-4.43029,39.59821],[-4.38756,39.61598],[-4.38306,39.62891],[-4.38756,39.66122],[-4.39206,39.66768],[-4.35158,39.69192],[-4.35382,39.71131],[-4.34483,39.73877],[-4.32683,39.72585],[-4.33358,39.70484],[-4.32234,39.6903],[-4.29085,39.68707],[-4.26386,39.6693],[-4.25261,39.64668],[-4.25711,39.63052],[-4.26836,39.61437],[-4.29985,39.60791],[-4.31334,39.5966],[-4.33808,39.57882],[-4.34258,39.56428],[-4.37407,39.5449],[-4.38306,39.52228],[-4.4258,39.52874],[-4.44154,39.5449],[-4.46403,39.55297],[-4.47753,39.57075],[-4.45728,39.57721]]]}},{"type":"Feature","properties":{"name":"M\u00e9ntrida","layer":"municipio"},"geometry":{"type":"MultiLineString","coordinates":[[[-4.23462,40.20407],[-4.23687,40.217],[-4.25486,40.22023],[-4.23687,40.24285],[-4.22562,40.27031],[-4.20313,40.2687],[-4.20313,40.28808],[-4.19189,40.29778],[-4.17165,40.28808],[-4.16715,40.27354],[-4.14466,40.26385],[-4.14466,40.24446],[-4.11992,40.21215],[-4.12441,40.18792],[-4.15365,40.18307],[-4.20988,40.20084],[-4.23462,40.20407]]]}},{"type":"Feature","properties":{"name":"Mesegar de Tajo","layer":"municipio"},"geometry":{"type":"MultiLineString","coordinates":[[[-4.52926,39.90518],[-4.52701,39.92295],[-4.50901,39.93911],[-4.46853,39.94234],[-4.46403,39.94234],[-4.47977,39.9278],[-4.48202,39.91164],[-4.50227,39.89549],[-4.52926,39.90518]]]}},{"type":"Feature","properties":{"name":"Miguel Esteban","layer":"municipio"},"geometry":{"type":"MultiLineString","coordinates":[[[-3.19778,39.51743],[-3.16404,39.52551],[-3.1438,39.5449],[-3.09207,39.56913],[-3.03134,39.53843],[-3.05608,39.47219],[-3.07632,39.45765],[-3.1438,39.49481],[-3.18428,39.48835],[-3.19778,39.51743]]]}},{"type":"Feature","properties":{"name":"Mocej\u00f3n","layer":"municipio"},"geometry":{"type":"MultiLineString","coordinates":[[[-3.94448,39.91649],[-3.94448,39.93103],[-3.913,39.95365],[-3.89725,39.95365],[-3.87251,39.9488],[-3.86576,39.93103],[-3.87476,39.91003],[-3.91075,39.91326],[-3.92874,39.89387],[-3.93324,39.90356],[-3.94448,39.88741],[-3.94448,39.91649]]]}},{"type":"Feature","properties":{"name":"Mohedas de la Jara","layer":"municipio"},"geometry":{"type":"MultiLineString","coordinates":[[[-5.20174,39.59175],[-5.20624,39.59983],[-5.18375,39.6176],[-5.1725,39.63537],[-5.16126,39.64668],[-5.14327,39.64183],[-5.11853,39.6176],[-5.09379,39.60952],[-5.11628,39.55782],[-5.14551,39.54974],[-5.20174,39.59175]]]}},{"type":"Feature","properties":{"name":"Montesclaros","layer":"municipio"},"geometry":{"type":"MultiLineString","coordinates":[[[-4.95434,40.12167],[-4.94984,40.13298],[-4.94534,40.13298],[-4.93185,40.12006],[-4.89811,40.07159],[-4.90261,40.06674],[-4.9161,40.06028],[-4.93185,40.05382],[-4.94984,40.09582],[-4.95434,40.12167]]]}},{"type":"Feature","properties":{"name":"La Nava de Ricomalillo","layer":"municipio"},"geometry":{"type":"MultiLineString","coordinates":[[[-5.03756,39.65637],[-5.03531,39.67738],[-5.00157,39.6693],[-4.94759,39.67253],[-4.94309,39.66768],[-4.9386,39.65961],[-4.96334,39.64668],[-4.96783,39.62729],[-4.98358,39.61437],[-5.01057,39.61437],[-5.02856,39.62245],[-5.03756,39.65637]]]}},{"type":"Feature","properties":{"name":"Mora","layer":"municipio"},"geometry":{"type":"MultiLineString","coordinates":[[[-3.83653,39.67415],[-3.81853,39.69515],[-3.78705,39.71131],[-3.79154,39.721],[-3.7758,39.74039],[-3.75556,39.74846],[-3.73756,39.76462],[-3.70158,39.78886],[-3.68808,39.78078],[-3.67459,39.76624],[-3.66559,39.75008],[-3.68808,39.73554],[-3.69708,39.71777],[-3.69483,39.69353],[-3.67459,39.6693],[-3.65885,39.64506],[-3.69033,39.62891],[-3.70158,39.61598],[-3.72632,39.60791],[-3.75106,39.61275],[-3.7758,39.59498],[-3.79379,39.61437],[-3.7668,39.62729],[-3.80279,39.66445],[-3.82303,39.66284],[-3.83653,39.67415]]]}},{"type":"Feature","properties":{"name":"Nambroca","layer":"municipio"},"geometry":{"type":"MultiLineString","coordinates":[[[-3.97597,39.81471],[-3.95573,39.82117],[-3.97372,39.83571],[-3.95123,39.83086],[-3.93999,39.85186],[-3.90625,39.83894],[-3.89275,39.85348],[-3.85902,39.84702],[-3.85227,39.83571],[-3.87926,39.82278],[-3.85902,39.80178],[-3.86127,39.79209],[-3.90625,39.79209],[-3.9085,39.77593],[-3.895,39.75654],[-3.90175,39.74685],[-3.91525,39.72423],[-3.93549,39.74362],[-3.95348,39.74685],[-3.96473,39.76624],[-3.96023,39.7937],[-3.97597,39.81471]]]}},{"type":"Feature","properties":{"name":"Navahermosa","layer":"municipio"},"geometry":{"type":"MultiLineString","coordinates":[[[-4.56074,39.72423],[-4.53375,39.72261],[-4.51576,39.71292],[-4.51351,39.70323],[-4.48427,39.69515],[-4.47303,39.70161],[-4.46178,39.68546],[-4.40555,39.65799],[-4.38756,39.66122],[-4.38306,39.62891],[-4.38756,39.61598],[-4.43029,39.59821],[-4.45728,39.57721],[-4.46628,39.59983],[-4.50676,39.62891],[-4.554,39.64668],[-4.5495,39.67415],[-4.56749,39.69676],[-4.56074,39.72423]]]}},{"type":"Feature","properties":{"name":"Navalc\u00e1n","layer":"municipio"},"geometry":{"type":"MultiLineString","coordinates":[[[-5.16576,40.08936],[-5.14327,40.09098],[-5.10053,40.12652],[-5.0668,40.15076],[-5.05555,40.14914],[-5.05105,40.13622],[-5.0668,40.07967],[-5.08479,40.05059],[-5.13202,40.03605],[-5.14776,40.05543],[-5.13202,40.07805],[-5.15676,40.07321],[-5.16576,40.08936]]]}},{"type":"Feature","properties":{"name":"Navalmoralejo","layer":"municipio"},"geometry":{"type":"MultiLineString","coordinates":[[[-5.15901,39.75977],[-5.14776,39.74846],[-5.12302,39.75331],[-5.11853,39.76462],[-5.08704,39.77108],[-5.09379,39.75977],[-5.07804,39.75008],[-5.13877,39.71454],[-5.17475,39.75008],[-5.15901,39.75977]]]}},{"type":"Feature","properties":{"name":"Los Navalmorales","layer":"municipio"},"geometry":{"type":"MultiLineString","coordinates":[[[-4.71593,39.72746],[-4.68445,39.742],[-4.67995,39.76624],[-4.62597,39.75654],[-4.59448,39.76462],[-4.56074,39.73716],[-4.56074,39.72423],[-4.56749,39.69676],[-4.5495,39.67415],[-4.554,39.64668],[-4.58323,39.64022],[-4.59673,39.65799],[-4.63946,39.6903],[-4.6687,39.69192],[-4.69569,39.71938],[-4.71593,39.72746]]]}},{"type":"Feature","properties":{"name":"Los Navalucillos","layer":"municipio"},"geometry":{"type":"MultiLineString","coordinates":[[[-4.77216,39.5966],[-4.74292,39.62891],[-4.73842,39.65637],[-4.72268,39.68061],[-4.72493,39.70807],[-4.74067,39.73231],[-4.72493,39.74685],[-4.71593,39.72746],[-4.69569,39.71938],[-4.6687,39.69192],[-4.63946,39.6903],[-4.59673,39.65799],[-4.58323,39.64022],[-4.56749,39.62568],[-4.57199,39.61114],[-4.60348,39.58367],[-4.58099,39.58044],[-4.57649,39.56267],[-4.59673,39.56105],[-4.61697,39.5449],[-4.60797,39.51581],[-4.61922,39.48512],[-4.61922,39.45442],[-4.68669,39.44957],[-4.75642,39.41565],[-4.76541,39.43503],[-4.74067,39.45604],[-4.74967,39.46896],[-4.74292,39.48996],[-4.72718,39.5045],[-4.75417,39.56105],[-4.76092,39.59013],[-4.77216,39.5966]]]}},{"type":"Feature","properties":{"name":"Navamorcuende","layer":"municipio"},"geometry":{"type":"MultiLineString","coordinates":[[[-4.94534,40.13298],[-4.92285,40.14106],[-4.90261,40.14591],[-4.85538,40.14752],[-4.84638,40.15883],[-4.82389,40.16853],[-4.83514,40.19115],[-4.82839,40.19922],[-4.84863,40.20892],[-4.83514,40.21215],[-4.81489,40.19115],[-4.78341,40.19276],[-4.75867,40.16853],[-4.72493,40.15076],[-4.73393,40.14106],[-4.74292,40.13298],[-4.78566,40.1136],[-4.80815,40.09421],[-4.81939,40.1136],[-4.85763,40.11198],[-4.88237,40.09582],[-4.88237,40.07644],[-4.89811,40.07159],[-4.93185,40.12006],[-4.94534,40.13298]]]}},{"type":"Feature","properties":{"name":"Noblejas","layer":"municipio"},"geometry":{"type":"MultiLineString","coordinates":[[[-3.49016,39.98435],[-3.47667,40.00373],[-3.47217,40.04251],[-3.44968,40.04897],[-3.44743,40.03928],[-3.42494,40.04736],[-3.3957,40.03605],[-3.4002,39.97788],[-3.39795,39.95688],[-3.37321,39.93588],[-3.37771,39.93103],[-3.43393,39.94557],[-3.43618,39.96011],[-3.45193,39.96173],[-3.47217,39.98111],[-3.49016,39.98435]]]}},{"type":"Feature","properties":{"name":"Noez","layer":"municipio"},"geometry":{"type":"MultiLineString","coordinates":[[[-4.20763,39.74685],[-4.20313,39.76462],[-4.17389,39.75654],[-4.15365,39.76301],[-4.14466,39.75331],[-4.10867,39.742],[-4.11092,39.72908],[-4.13116,39.71615],[-4.18514,39.70969],[-4.20763,39.74685]]]}},{"type":"Feature","properties":{"name":"Nombela","layer":"municipio"},"geometry":{"type":"MultiLineString","coordinates":[[[-4.60348,40.06997],[-4.59898,40.08936],[-4.58323,40.11037],[-4.58998,40.12975],[-4.57649,40.13137],[-4.55175,40.17176],[-4.5495,40.20084],[-4.52251,40.20246],[-4.47977,40.1863],[-4.46178,40.15883],[-4.44604,40.15076],[-4.45279,40.12975],[-4.49102,40.09906],[-4.49327,40.08613],[-4.50227,40.07644],[-4.554,40.07159],[-4.58099,40.07159],[-4.60348,40.06997]]]}},{"type":"Feature","properties":{"name":"Nu\u00f1o G\u00f3mez","layer":"municipio"},"geometry":{"type":"MultiLineString","coordinates":[[[-4.61022,40.16045],[-4.59448,40.14591],[-4.60573,40.12975],[-4.59223,40.10229],[-4.61247,40.09906],[-4.63946,40.13137],[-4.61022,40.16045]]]}},{"type":"Feature","properties":{"name":"Oca\u00f1a","layer":"municipio"},"geometry":{"type":"MultiLineString","coordinates":[[[-3.61611,39.99404],[-3.55539,39.97304],[-3.53065,39.99889],[-3.53514,40.0102],[-3.5149,40.00373],[-3.49016,39.98435],[-3.47217,39.98111],[-3.45193,39.96173],[-3.43618,39.96011],[-3.43393,39.94557],[-3.37771,39.93103],[-3.3957,39.92457],[-3.40919,39.89872],[-3.39795,39.88579],[-3.40919,39.89226],[-3.49016,39.90841],[-3.50141,39.90195],[-3.53065,39.91487],[-3.56888,39.90033],[-3.58013,39.90033],[-3.59812,39.92618],[-3.58912,39.94234],[-3.60262,39.94072],[-3.61386,39.96819],[-3.62961,39.96819],[-3.6386,39.98758],[-3.61611,39.99404]],[[-3.5194,40.02151],[-3.51715,40.03605],[-3.5149,40.04412],[-3.51265,40.04412],[-3.50366,40.02151],[-3.53514,40.0102],[-3.55089,40.01827],[-3.5194,40.02151]]]}},{"type":"Feature","properties":{"name":"Ol\u00edas del Rey","layer":"municipio"},"geometry":{"type":"MultiLineString","coordinates":[[[-4.01421,39.9795],[-3.97597,40.0005],[-3.96698,39.98596],[-3.97597,39.97304],[-3.96023,39.93749],[-3.94448,39.93103],[-3.94448,39.91649],[-4.01421,39.91003],[-4.00971,39.92134],[-4.01421,39.9795]]]}},{"type":"Feature","properties":{"name":"Nov\u00e9s","layer":"municipio"},"geometry":{"type":"MultiLineString","coordinates":[[[-4.32234,40.05543],[-4.2751,40.06836],[-4.22787,40.05059],[-4.22113,40.04412],[-4.23012,40.00535],[-4.26386,39.99727],[-4.2841,40.00697],[-4.2796,40.02151],[-4.32009,40.04089],[-4.32234,40.05543]]]}},{"type":"Feature","properties":{"name":"Numancia de la Sagra","layer":"municipio"},"geometry":{"type":"MultiLineString","coordinates":[[[-3.87926,40.0619],[-3.86352,40.09906],[-3.81853,40.09744],[-3.79829,40.10067],[-3.77805,40.07321],[-3.76455,40.07159],[-3.76905,40.06028],[-3.83653,40.06836],[-3.84327,40.05543],[-3.86576,40.05543],[-3.87926,40.0619]]]}},{"type":"Feature","properties":{"name":"Ont\u00edgola","layer":"municipio"},"geometry":{"type":"MultiLineString","coordinates":[[[-3.55089,40.01827],[-3.53514,40.0102],[-3.53065,39.99889],[-3.55539,39.97304],[-3.61611,39.99404],[-3.59362,40.00212],[-3.58912,40.01343],[-3.55089,40.01827]],[[-3.51265,40.04412],[-3.47217,40.04251],[-3.47667,40.00373],[-3.49016,39.98435],[-3.5149,40.00373],[-3.53514,40.0102],[-3.50366,40.02151],[-3.51265,40.04412]],[[-3.51715,40.03605],[-3.5194,40.02151],[-3.51715,40.03605]]]}},{"type":"Feature","properties":{"name":"Orgaz","layer":"municipio"},"geometry":{"type":"MultiLineString","coordinates":[[[-3.97147,39.60791],[-3.96023,39.61921],[-3.94673,39.6483],[-3.96248,39.66607],[-3.96473,39.69515],[-3.94898,39.71454],[-3.90625,39.71615],[-3.87251,39.68546],[-3.85902,39.68707],[-3.83653,39.67415],[-3.82303,39.66284],[-3.80054,39.63052],[-3.79379,39.61437],[-3.80954,39.60467],[-3.85002,39.60467],[-3.88601,39.58367],[-3.92199,39.57882],[-3.96698,39.57721],[-3.97147,39.60791]]]}},{"type":"Feature","properties":{"name":"Oropesa","layer":"municipio"},"geometry":{"type":"MultiLineString","coordinates":[[[-5.40191,39.88579],[-5.39517,39.91811],[-5.36593,39.98435],[-5.33444,39.98758],[-5.33219,39.94719],[-5.33894,39.92295],[-5.33894,39.89064],[-5.37043,39.88902],[-5.40641,39.87771],[-5.40191,39.88579]],[[-5.10053,39.95526],[-5.08254,39.93911],[-5.09828,39.92295],[-5.12302,39.92618],[-5.12977,39.94072],[-5.10053,39.95526]],[[-5.26022,39.9795],[-5.25122,39.98435],[-5.23998,39.98435],[-5.23548,39.96173],[-5.24897,39.95526],[-5.23998,39.9278],[-5.26022,39.91811],[-5.28271,39.96981],[-5.28496,39.98273],[-5.26022,39.9795]],[[-5.1815,40.08775],[-5.16576,40.08936],[-5.15676,40.07321],[-5.13202,40.07805],[-5.14776,40.05543],[-5.13202,40.03605],[-5.08479,40.05059],[-5.07129,40.04897],[-5.07579,40.02312],[-5.05105,40.03282],[-5.06455,40.01504],[-5.07129,39.97465],[-5.08929,39.96657],[-5.09603,39.98111],[-5.12302,39.98435],[-5.13652,39.96173],[-5.17026,39.94072],[-5.15226,39.91972],[-5.12302,39.92295],[-5.14327,39.90356],[-5.13877,39.89387],[-5.10953,39.88579],[-5.12077,39.84217],[-5.15901,39.83409],[-5.16576,39.85994],[-5.195,39.85186],[-5.21749,39.85994],[-5.195,39.8761],[-5.17925,39.87448],[-5.19724,39.94396],[-5.21524,39.96819],[-5.21524,39.98758],[-5.23773,40.02312],[-5.24897,40.02958],[-5.24448,40.05543],[-5.24897,40.10875],[-5.21074,40.10552],[-5.19949,40.08128],[-5.1815,40.08775]],[[-5.35918,40.10875],[-5.33669,40.11521],[-5.31645,40.10713],[-5.3142,40.09582],[-5.33219,40.0619],[-5.33219,40.03443],[-5.36368,40.02635],[-5.36593,40.03605],[-5.37493,40.05867],[-5.36818,40.10067],[-5.35918,40.10875]]]}},{"type":"Feature","properties":{"name":"Otero","layer":"municipio"},"geometry":{"type":"MultiLineString","coordinates":[[[-4.5495,39.98596],[-4.55175,40.00535],[-4.5315,40.01827],[-4.50227,40.03605],[-4.47753,40.0619],[-4.46853,40.06351],[-4.45728,40.04412],[-4.48427,40.02151],[-4.50901,40.01666],[-4.49552,40.00697],[-4.49777,39.99566],[-4.536,39.98111],[-4.5495,39.98596]]]}},{"type":"Feature","properties":{"name":"Palomeque","layer":"municipio"},"geometry":{"type":"MultiLineString","coordinates":[[[-4.01646,40.10552],[-4.01421,40.11521],[-3.99172,40.14106],[-3.94223,40.12491],[-3.95123,40.10067],[-3.96698,40.09421],[-4.01646,40.10552]]]}},{"type":"Feature","properties":{"name":"Pantoja","layer":"municipio"},"geometry":{"type":"MultiLineString","coordinates":[[[-3.87251,40.04574],[-3.86576,40.05543],[-3.84327,40.05543],[-3.83653,40.06836],[-3.76905,40.06028],[-3.7713,40.05705],[-3.80279,40.03443],[-3.7803,40.02797],[-3.81628,40.02151],[-3.85227,40.02797],[-3.86127,40.03605],[-3.87251,40.04574]]]}},{"type":"Feature","properties":{"name":"Paredes de Escalona","layer":"municipio"},"geometry":{"type":"MultiLineString","coordinates":[[[-4.49777,40.22184],[-4.47303,40.23154],[-4.43704,40.23638],[-4.41005,40.22669],[-4.4078,40.20407],[-4.4033,40.19438],[-4.43254,40.17499],[-4.44604,40.2073],[-4.49777,40.22184]]]}},{"type":"Feature","properties":{"name":"Parrillas","layer":"municipio"},"geometry":{"type":"MultiLineString","coordinates":[[[-5.08479,40.05059],[-5.0668,40.07967],[-5.05105,40.13622],[-5.05555,40.14914],[-5.01731,40.15883],[-5.00607,40.12652],[-5.01282,40.11198],[-5.01956,40.07967],[-5.05105,40.03282],[-5.07579,40.02312],[-5.07129,40.04897],[-5.08479,40.05059]]]}},{"type":"Feature","properties":{"name":"Pelahust\u00e1n","layer":"municipio"},"geometry":{"type":"MultiLineString","coordinates":[[[-4.62822,40.16691],[-4.63946,40.16853],[-4.61697,40.19115],[-4.61697,40.19922],[-4.57874,40.217],[-4.57424,40.2073],[-4.5495,40.20084],[-4.55175,40.17176],[-4.57649,40.13137],[-4.58998,40.12975],[-4.58323,40.11037],[-4.59898,40.08936],[-4.59223,40.10229],[-4.60573,40.12975],[-4.59448,40.14591],[-4.61022,40.16045],[-4.62822,40.16691]]]}},{"type":"Feature","properties":{"name":"Pepino","layer":"municipio"},"geometry":{"type":"MultiLineString","coordinates":[[[-4.85088,40.01827],[-4.83514,40.02474],[-4.81489,40.02958],[-4.76766,40.06028],[-4.74742,40.03766],[-4.74517,40.0005],[-4.76316,39.97142],[-4.77666,39.98435],[-4.82614,39.99727],[-4.85088,40.01827]]]}},{"type":"Feature","properties":{"name":"Pol\u00e1n","layer":"municipio"},"geometry":{"type":"MultiLineString","coordinates":[[[-4.33133,39.76947],[-4.34483,39.77108],[-4.36507,39.80501],[-4.34033,39.81955],[-4.31784,39.80178],[-4.30434,39.82601],[-4.2841,39.82925],[-4.30209,39.84217],[-4.2886,39.84702],[-4.2886,39.86156],[-4.2751,39.86317],[-4.25036,39.84379],[-4.25036,39.86479],[-4.23012,39.85348],[-4.22113,39.87125],[-4.19863,39.86317],[-4.18289,39.87287],[-4.17389,39.85994],[-4.17839,39.84056],[-4.19639,39.82601],[-4.19639,39.80663],[-4.1694,39.80824],[-4.13566,39.78239],[-4.15365,39.76301],[-4.17389,39.75654],[-4.20313,39.76462],[-4.20763,39.74685],[-4.24137,39.72261],[-4.25036,39.72746],[-4.26161,39.74039],[-4.30434,39.76947],[-4.30209,39.78401],[-4.33133,39.76947]]]}},{"type":"Feature","properties":{"name":"Portillo de Toledo","layer":"municipio"},"geometry":{"type":"MultiLineString","coordinates":[[[-4.2751,40.06836],[-4.26836,40.09744],[-4.23237,40.10552],[-4.23687,40.09098],[-4.21438,40.0829],[-4.22787,40.05059],[-4.2751,40.06836]]]}},{"type":"Feature","properties":{"name":"La Puebla de Almoradiel","layer":"municipio"},"geometry":{"type":"MultiLineString","coordinates":[[[-3.21127,39.54813],[-3.18428,39.57721],[-3.15279,39.59336],[-3.17304,39.59013],[-3.15729,39.62083],[-3.17304,39.67415],[-3.1303,39.65314],[-3.08757,39.6386],[-3.07407,39.64345],[-3.06733,39.62891],[-3.07182,39.58367],[-3.09207,39.56913],[-3.1438,39.5449],[-3.16404,39.52551],[-3.19778,39.51743],[-3.21127,39.54813]]]}},{"type":"Feature","properties":{"name":"La Puebla de Montalb\u00e1n","layer":"municipio"},"geometry":{"type":"MultiLineString","coordinates":[[[-4.49327,39.7727],[-4.47753,39.7937],[-4.45728,39.80663],[-4.44379,39.84379],[-4.4258,39.84217],[-4.4123,39.8761],[-4.36957,39.88095],[-4.32683,39.86964],[-4.2886,39.86156],[-4.2886,39.84702],[-4.30209,39.84217],[-4.2841,39.82925],[-4.30434,39.82601],[-4.31784,39.80178],[-4.34033,39.81955],[-4.36507,39.80501],[-4.34483,39.77108],[-4.33133,39.76947],[-4.31784,39.76301],[-4.31559,39.73877],[-4.32683,39.72585],[-4.34483,39.73877],[-4.34483,39.7517],[-4.38081,39.75977],[-4.40106,39.77108],[-4.45054,39.78078],[-4.49327,39.7727]]]}},{"type":"Feature","properties":{"name":"La Pueblanueva","layer":"municipio"},"geometry":{"type":"MultiLineString","coordinates":[[[-4.78116,39.86479],[-4.78566,39.88418],[-4.76766,39.90033],[-4.78116,39.91164],[-4.75417,39.92134],[-4.76991,39.93911],[-4.76092,39.95042],[-4.73842,39.9488],[-4.74292,39.96981],[-4.71818,39.97627],[-4.6732,39.95526],[-4.6597,39.96173],[-4.65071,39.94072],[-4.63496,39.94557],[-4.61697,39.93911],[-4.62147,39.92618],[-4.63496,39.89549],[-4.66195,39.87125],[-4.66645,39.86317],[-4.71818,39.87125],[-4.73393,39.85348],[-4.76766,39.86802],[-4.78116,39.86479]]]}},{"type":"Feature","properties":{"name":"El Puente del Arzobispo","layer":"municipio"},"geometry":{"type":"MultiLineString","coordinates":[[[-5.1815,39.79855],[-5.16801,39.80016],[-5.1815,39.79855]]]}},{"type":"Feature","properties":{"name":"Puerto de San Vicente","layer":"municipio"},"geometry":{"type":"MultiLineString","coordinates":[[[-5.14551,39.54974],[-5.11628,39.55782],[-5.07129,39.54005],[-5.02406,39.49804],[-5.01731,39.4835],[-5.03981,39.47058],[-5.0578,39.48996],[-5.08254,39.48996],[-5.12302,39.52228],[-5.14551,39.54974]]]}},{"type":"Feature","properties":{"name":"Pulgar","layer":"municipio"},"geometry":{"type":"MultiLineString","coordinates":[[[-4.19414,39.6903],[-4.18514,39.70969],[-4.13116,39.71615],[-4.11767,39.69838],[-4.12216,39.6693],[-4.14016,39.65153],[-4.17614,39.62729],[-4.18514,39.63052],[-4.18964,39.64991],[-4.15815,39.68384],[-4.19414,39.6903]]]}},{"type":"Feature","properties":{"name":"Quero","layer":"municipio"},"geometry":{"type":"MultiLineString","coordinates":[[[-3.33047,39.50774],[-3.32822,39.54328],[-3.22252,39.56913],[-3.21127,39.54813],[-3.19778,39.51743],[-3.18428,39.48835],[-3.18428,39.47542],[-3.29449,39.47058],[-3.32822,39.48996],[-3.33047,39.50774]]]}},{"type":"Feature","properties":{"name":"Quintanar de la Orden","layer":"municipio"},"geometry":{"type":"MultiLineString","coordinates":[[[-3.09207,39.56913],[-3.07182,39.58367],[-3.06733,39.62891],[-3.07407,39.64345],[-3.06958,39.6483],[-3.02684,39.63537],[-2.99311,39.63376],[-2.97736,39.62729],[-2.93463,39.63052],[-2.91664,39.62568],[-2.92563,39.60144],[-2.97286,39.61275],[-2.97511,39.59013],[-2.99985,39.56105],[-3.02234,39.55297],[-3.03134,39.53843],[-3.09207,39.56913]]]}},{"type":"Feature","properties":{"name":"Recas","layer":"municipio"},"geometry":{"type":"MultiLineString","coordinates":[[[-4.0367,40.02797],[-4.0367,40.00858],[-4.06144,40.01343],[-4.06144,40.01504],[-4.0367,40.02797]],[[-4.05244,40.06351],[-4.05244,40.06513],[-4.03445,40.06674],[-4.0277,40.08452],[-4.02545,40.07159],[-3.99396,40.07644],[-3.98947,40.06674],[-3.95798,40.06674],[-3.95798,40.04736],[-3.95798,40.04251],[-4.00746,40.03928],[-4.03895,40.03282],[-4.06369,40.02797],[-4.06819,40.02958],[-4.06369,40.04251],[-4.04345,40.05059],[-4.05244,40.06351]]]}},{"type":"Feature","properties":{"name":"Quismondo","layer":"municipio"},"geometry":{"type":"MultiLineString","coordinates":[[[-4.35832,40.12167],[-4.31784,40.12652],[-4.29085,40.12167],[-4.30209,40.08613],[-4.30659,40.07967],[-4.33358,40.08613],[-4.32908,40.09906],[-4.35832,40.12167]]]}},{"type":"Feature","properties":{"name":"El Real de San Vicente","layer":"municipio"},"geometry":{"type":"MultiLineString","coordinates":[[[-4.73393,40.14106],[-4.72493,40.15076],[-4.69569,40.18468],[-4.70244,40.19922],[-4.67995,40.2073],[-4.6732,40.20892],[-4.65746,40.19922],[-4.61697,40.19922],[-4.61697,40.19115],[-4.63946,40.16853],[-4.62822,40.16691],[-4.6597,40.12975],[-4.69119,40.11683],[-4.70919,40.13622],[-4.72493,40.13783],[-4.73393,40.14106]]]}},{"type":"Feature","properties":{"name":"Retamoso de la Jara","layer":"municipio"},"geometry":{"type":"MultiLineString","coordinates":[[[-4.83064,39.72261],[-4.83064,39.73554],[-4.80365,39.7517],[-4.7924,39.77431],[-4.75642,39.78401],[-4.74742,39.77916],[-4.72493,39.74685],[-4.74067,39.73231],[-4.72493,39.70807],[-4.74517,39.70484],[-4.77216,39.71615],[-4.83064,39.72261]]]}},{"type":"Feature","properties":{"name":"Rielves","layer":"municipio"},"geometry":{"type":"MultiLineString","coordinates":[[[-4.22562,39.95526],[-4.20988,39.95688],[-4.20988,39.98111],[-4.17614,39.97788],[-4.15365,39.95688],[-4.17165,39.93911],[-4.1604,39.91326],[-4.17839,39.90841],[-4.21663,39.91811],[-4.20988,39.9488],[-4.22562,39.95526]]]}},{"type":"Feature","properties":{"name":"Robledo del Mazo","layer":"municipio"},"geometry":{"type":"MultiLineString","coordinates":[[[-4.86887,39.6483],[-4.86662,39.63699],[-4.83289,39.61921],[-4.8104,39.60791],[-4.78566,39.60629],[-4.77216,39.5966],[-4.76092,39.59013],[-4.75417,39.56105],[-4.72718,39.5045],[-4.74292,39.48996],[-4.76316,39.5142],[-4.8104,39.53036],[-4.86213,39.55621],[-4.89136,39.57721],[-4.90936,39.58044],[-4.9386,39.60629],[-4.9386,39.62245],[-4.92285,39.62729],[-4.90261,39.65153],[-4.87337,39.65637],[-4.86887,39.6483]]]}},{"type":"Feature","properties":{"name":"El Romeral","layer":"municipio"},"geometry":{"type":"MultiLineString","coordinates":[[[-3.53514,39.74523],[-3.49241,39.74523],[-3.42269,39.7517],[-3.4002,39.78401],[-3.37995,39.77916],[-3.3867,39.75493],[-3.41144,39.75008],[-3.37995,39.71615],[-3.40694,39.66768],[-3.46317,39.68546],[-3.46992,39.69192],[-3.47442,39.72585],[-3.50141,39.71938],[-3.53065,39.73069],[-3.53514,39.74523]]]}},{"type":"Feature","properties":{"name":"San Bartolom\u00e9 de las Abiertas","layer":"municipio"},"geometry":{"type":"MultiLineString","coordinates":[[[-4.8014,39.82763],[-4.7969,39.85994],[-4.78116,39.86479],[-4.76766,39.86802],[-4.73393,39.85348],[-4.71818,39.87125],[-4.66645,39.86317],[-4.70694,39.81632],[-4.72943,39.80178],[-4.74742,39.77916],[-4.75642,39.80501],[-4.77441,39.8244],[-4.8014,39.82763]]]}},{"type":"Feature","properties":{"name":"Santa Ana de Pusa","layer":"municipio"},"geometry":{"type":"MultiLineString","coordinates":[[[-4.74742,39.77916],[-4.72943,39.80178],[-4.71368,39.79532],[-4.72493,39.78401],[-4.72718,39.76301],[-4.69344,39.77431],[-4.67995,39.76624],[-4.68445,39.742],[-4.71593,39.72746],[-4.72493,39.74685],[-4.74742,39.77916]]]}},{"type":"Feature","properties":{"name":"Santa Cruz de la Zarza","layer":"municipio"},"geometry":{"type":"MultiLineString","coordinates":[[[-3.29224,40.0522],[-3.28549,40.0522],[-3.24276,40.05382],[-3.20227,40.06674],[-3.18878,40.0829],[-3.16629,40.09098],[-3.16179,40.06513],[-3.17079,40.04736],[-3.16629,40.02797],[-3.15054,40.0102],[-3.14155,39.98435],[-3.09657,39.98758],[-3.09432,39.95526],[-3.10781,39.91326],[-3.10781,39.90356],[-3.12805,39.87448],[-3.14155,39.86317],[-3.19553,39.83571],[-3.20902,39.83409],[-3.21127,39.84863],[-3.24276,39.88256],[-3.254,39.91972],[-3.27874,39.93588],[-3.25625,39.96011],[-3.25625,39.99727],[-3.272,40.03282],[-3.29224,40.0522]]]}},{"type":"Feature","properties":{"name":"Santa Cruz del Retamar","layer":"municipio"},"geometry":{"type":"MultiLineString","coordinates":[[[-4.35158,40.18792],[-4.34933,40.23638],[-4.32234,40.22669],[-4.31109,40.23477],[-4.29535,40.21861],[-4.27061,40.23638],[-4.24587,40.27354],[-4.23237,40.27677],[-4.22562,40.27031],[-4.23687,40.24285],[-4.25486,40.22023],[-4.23687,40.217],[-4.23462,40.20407],[-4.24812,40.20246],[-4.25936,40.18307],[-4.26611,40.15076],[-4.24587,40.13137],[-4.22338,40.14106],[-4.18064,40.14268],[-4.18064,40.13622],[-4.19414,40.11521],[-4.22338,40.11683],[-4.23237,40.10552],[-4.26836,40.09744],[-4.30209,40.08613],[-4.29085,40.12167],[-4.31784,40.12652],[-4.31559,40.14914],[-4.34033,40.15399],[-4.37182,40.17822],[-4.35158,40.18792]]]}},{"type":"Feature","properties":{"name":"San Mart\u00edn de Montalb\u00e1n","layer":"municipio"},"geometry":{"type":"MultiLineString","coordinates":[[[-4.51576,39.71292],[-4.50227,39.73392],[-4.50676,39.75008],[-4.49327,39.7727],[-4.45054,39.78078],[-4.40106,39.77108],[-4.38081,39.75977],[-4.34483,39.7517],[-4.34483,39.73877],[-4.35382,39.71131],[-4.35158,39.69192],[-4.39206,39.66768],[-4.38756,39.66122],[-4.40555,39.65799],[-4.46178,39.68546],[-4.47303,39.70161],[-4.48427,39.69515],[-4.51351,39.70323],[-4.51576,39.71292]]]}},{"type":"Feature","properties":{"name":"San Mart\u00edn de Pusa","layer":"municipio"},"geometry":{"type":"MultiLineString","coordinates":[[[-4.72943,39.80178],[-4.70694,39.81632],[-4.66645,39.86317],[-4.66195,39.87125],[-4.63721,39.85671],[-4.58099,39.83894],[-4.58998,39.80178],[-4.59448,39.80178],[-4.59448,39.76462],[-4.62597,39.75654],[-4.67995,39.76624],[-4.69344,39.77431],[-4.72718,39.76301],[-4.72493,39.78401],[-4.71368,39.79532],[-4.72943,39.80178]]]}},{"type":"Feature","properties":{"name":"Sartajada","layer":"municipio"},"geometry":{"type":"MultiLineString","coordinates":[[[-4.83514,40.21215],[-4.81939,40.23154],[-4.8014,40.23154],[-4.76766,40.217],[-4.78341,40.19276],[-4.81489,40.19115],[-4.83514,40.21215]]]}},{"type":"Feature","properties":{"name":"San Pablo de los Montes","layer":"municipio"},"geometry":{"type":"MultiLineString","coordinates":[[[-4.43254,39.51905],[-4.4258,39.52874],[-4.38306,39.52228],[-4.37407,39.5449],[-4.34258,39.56428],[-4.33808,39.57882],[-4.31334,39.5966],[-4.31334,39.58367],[-4.2841,39.56751],[-4.29085,39.53682],[-4.24812,39.52066],[-4.23687,39.47865],[-4.32009,39.4835],[-4.36507,39.49643],[-4.4213,39.50774],[-4.43254,39.51905]]]}},{"type":"Feature","properties":{"name":"Segurilla","layer":"municipio"},"geometry":{"type":"MultiLineString","coordinates":[[[-4.9161,40.06028],[-4.90261,40.06674],[-4.85763,40.0522],[-4.83514,40.02474],[-4.85088,40.01827],[-4.86213,39.99889],[-4.9161,40.06028]]]}},{"type":"Feature","properties":{"name":"San Rom\u00e1n de los Montes","layer":"municipio"},"geometry":{"type":"MultiLineString","coordinates":[[[-4.83289,40.06997],[-4.82614,40.07644],[-4.77216,40.08613],[-4.71593,40.08128],[-4.70469,40.0619],[-4.70694,40.03605],[-4.68894,40.02151],[-4.74517,40.0005],[-4.74742,40.03766],[-4.76766,40.06028],[-4.7879,40.07159],[-4.83289,40.06997]]]}},{"type":"Feature","properties":{"name":"Sese\u00f1a","layer":"municipio"},"geometry":{"type":"MultiLineString","coordinates":[[[-3.73307,40.10552],[-3.71507,40.12491],[-3.71282,40.14106],[-3.68359,40.13298],[-3.66784,40.14268],[-3.6566,40.12491],[-3.60712,40.10875],[-3.60936,40.08128],[-3.62286,40.05382],[-3.6386,40.05059],[-3.6521,40.0312],[-3.66784,40.02797],[-3.68359,40.04574],[-3.67459,40.06674],[-3.70833,40.08613],[-3.73307,40.10552]]]}},{"type":"Feature","properties":{"name":"Santa Olalla","layer":"municipio"},"geometry":{"type":"MultiLineString","coordinates":[[[-4.49552,40.00697],[-4.50901,40.01666],[-4.48427,40.02151],[-4.45728,40.04412],[-4.46853,40.06351],[-4.45279,40.07644],[-4.43479,40.06351],[-4.4168,40.06836],[-4.4168,40.05059],[-4.39656,40.03282],[-4.38531,40.01989],[-4.37632,39.98435],[-4.39656,39.97788],[-4.42805,39.95526],[-4.43254,39.95688],[-4.42805,39.96981],[-4.44604,39.98758],[-4.46628,39.99081],[-4.48427,39.97304],[-4.49327,39.97304],[-4.48202,39.99727],[-4.49552,40.00697]]]}},{"type":"Feature","properties":{"name":"Sevilleja de la Jara","layer":"municipio"},"geometry":{"type":"MultiLineString","coordinates":[[[-5.03981,39.47058],[-5.01731,39.4835],[-5.02406,39.49804],[-5.01057,39.52066],[-5.00832,39.57559],[-5.01731,39.58529],[-5.01057,39.61437],[-4.98358,39.61437],[-4.96783,39.62729],[-4.96334,39.64668],[-4.9386,39.65961],[-4.94309,39.66768],[-4.9161,39.66284],[-4.88462,39.67415],[-4.87337,39.66122],[-4.86887,39.6483],[-4.87337,39.65637],[-4.90261,39.65153],[-4.92285,39.62729],[-4.9386,39.62245],[-4.9386,39.60629],[-4.90936,39.58044],[-4.89136,39.57721],[-4.86213,39.55621],[-4.88012,39.53843],[-4.90711,39.4932],[-4.94084,39.39464],[-4.95209,39.39464],[-5.00832,39.43503],[-5.03981,39.47058]]]}},{"type":"Feature","properties":{"name":"Sonseca","layer":"municipio"},"geometry":{"type":"MultiLineString","coordinates":[[[-3.99846,39.69192],[-3.96473,39.69515],[-3.96248,39.66607],[-3.94673,39.6483],[-3.96023,39.61921],[-3.97147,39.60791],[-3.99396,39.59336],[-4.01871,39.59175],[-4.04794,39.64991],[-4.02545,39.65799],[-4.00746,39.67253],[-3.99846,39.69192]]]}},{"type":"Feature","properties":{"name":"Sotillo de las Palomas","layer":"municipio"},"geometry":{"type":"MultiLineString","coordinates":[[[-4.88237,40.07644],[-4.88237,40.09582],[-4.85763,40.11198],[-4.81939,40.1136],[-4.80815,40.09421],[-4.82164,40.09259],[-4.84188,40.07159],[-4.88237,40.07644]]]}},{"type":"Feature","properties":{"name":"Talavera de la Reina","layer":"municipio"},"geometry":{"type":"MultiLineString","coordinates":[[[-5.06005,39.96173],[-5.02856,39.96334],[-5.00382,39.95688],[-4.98808,39.96981],[-4.96334,39.96657],[-4.94984,39.98111],[-4.88687,39.98596],[-4.86213,39.99889],[-4.85088,40.01827],[-4.82614,39.99727],[-4.77666,39.98435],[-4.76316,39.97142],[-4.70019,39.98435],[-4.6822,39.99404],[-4.64621,39.99889],[-4.64396,39.9795],[-4.6597,39.96657],[-4.6597,39.96173],[-4.6732,39.95526],[-4.71818,39.97627],[-4.74292,39.96981],[-4.73842,39.9488],[-4.76092,39.95042],[-4.76991,39.93911],[-4.76991,39.92134],[-4.79915,39.91972],[-4.80365,39.89872],[-4.82389,39.88418],[-4.86213,39.90356],[-4.86662,39.91811],[-4.89136,39.89872],[-4.90711,39.91972],[-4.92735,39.93588],[-4.94984,39.91811],[-4.95209,39.94234],[-5.01507,39.93103],[-5.02856,39.95365],[-5.06005,39.96173]]]}},{"type":"Feature","properties":{"name":"El Toboso","layer":"municipio"},"geometry":{"type":"MultiLineString","coordinates":[[[-3.07632,39.45765],[-3.05608,39.47219],[-3.03134,39.53843],[-3.02234,39.55297],[-2.99985,39.56105],[-2.97511,39.59013],[-2.97286,39.61275],[-2.92563,39.60144],[-2.92113,39.58206],[-2.92563,39.55621],[-2.93463,39.48189],[-2.93238,39.47219],[-2.97736,39.44473],[-2.99985,39.4415],[-3.02234,39.45765],[-3.06958,39.44957],[-3.07632,39.45765]]]}},{"type":"Feature","properties":{"name":"Toledo","layer":"municipio"},"geometry":{"type":"MultiLineString","coordinates":[[[-4.17839,39.90841],[-4.1604,39.91326],[-4.15815,39.9068],[-4.12216,39.91003],[-4.08843,39.90356],[-4.07943,39.92457],[-4.05469,39.92295],[-4.0322,39.9068],[-4.01421,39.91003],[-3.94448,39.91649],[-3.94448,39.88741],[-3.93324,39.90356],[-3.92874,39.89387],[-3.91075,39.91326],[-3.87476,39.91003],[-3.83428,39.90033],[-3.81403,39.88579],[-3.86576,39.87448],[-3.85902,39.84702],[-3.89275,39.85348],[-3.90625,39.83894],[-3.93999,39.85186],[-3.95123,39.83086],[-3.97372,39.83571],[-3.95573,39.82117],[-3.97597,39.81471],[-4.00521,39.81471],[-4.01871,39.82278],[-4.04569,39.81632],[-4.07043,39.82601],[-4.09293,39.81794],[-4.11542,39.84217],[-4.13116,39.82763],[-4.1559,39.84056],[-4.17839,39.84056],[-4.17389,39.85994],[-4.1559,39.87125],[-4.12216,39.86964],[-4.13791,39.88741],[-4.15365,39.87933],[-4.1694,39.88256],[-4.16265,39.90356],[-4.17839,39.90841]]]}},{"type":"Feature","properties":{"name":"Tembleque","layer":"municipio"},"geometry":{"type":"MultiLineString","coordinates":[[[-3.67459,39.6693],[-3.59812,39.72423],[-3.55314,39.74685],[-3.53514,39.74523],[-3.53065,39.73069],[-3.50141,39.71938],[-3.47442,39.72585],[-3.46992,39.69192],[-3.46317,39.68546],[-3.40694,39.66768],[-3.40469,39.66445],[-3.42719,39.65961],[-3.44518,39.61921],[-3.48117,39.59983],[-3.49016,39.58206],[-3.5239,39.59336],[-3.55314,39.59013],[-3.57563,39.62083],[-3.59812,39.6386],[-3.65435,39.6386],[-3.65885,39.64506],[-3.67459,39.6693]]]}},{"type":"Feature","properties":{"name":"Turleque","layer":"municipio"},"geometry":{"type":"MultiLineString","coordinates":[[[-3.72632,39.60791],[-3.70158,39.61598],[-3.69033,39.62891],[-3.65885,39.64506],[-3.65435,39.6386],[-3.59812,39.6386],[-3.57563,39.62083],[-3.55314,39.59013],[-3.59137,39.57559],[-3.60487,39.56428],[-3.60936,39.54005],[-3.65885,39.5449],[-3.67909,39.55621],[-3.70158,39.58852],[-3.72632,39.60791]]]}},{"type":"Feature","properties":{"name":"Torralba de Oropesa","layer":"municipio"},"geometry":{"type":"MultiLineString","coordinates":[[[-5.12302,39.92618],[-5.12302,39.92295],[-5.15226,39.91972],[-5.17026,39.94072],[-5.13652,39.96173],[-5.12302,39.98435],[-5.09603,39.98111],[-5.08929,39.96657],[-5.10053,39.95526],[-5.12977,39.94072],[-5.12302,39.92618]]]}},{"type":"Feature","properties":{"name":"Torrecilla de la Jara","layer":"municipio"},"geometry":{"type":"MultiLineString","coordinates":[[[-4.87337,39.66122],[-4.86213,39.66122],[-4.85313,39.68869],[-4.83064,39.72261],[-4.77216,39.71615],[-4.74517,39.70484],[-4.72493,39.70807],[-4.72268,39.68061],[-4.73842,39.65637],[-4.74292,39.62891],[-4.74517,39.64183],[-4.76316,39.6693],[-4.79465,39.68546],[-4.81939,39.67091],[-4.81939,39.65314],[-4.83289,39.61921],[-4.86662,39.63699],[-4.86887,39.6483],[-4.87337,39.66122]]]}},{"type":"Feature","properties":{"name":"La Torre de Esteban Hambr\u00e1n","layer":"municipio"},"geometry":{"type":"MultiLineString","coordinates":[[[-4.23462,40.20407],[-4.20988,40.20084],[-4.15365,40.18307],[-4.1694,40.17176],[-4.18064,40.14268],[-4.22338,40.14106],[-4.24587,40.13137],[-4.26611,40.15076],[-4.25936,40.18307],[-4.24812,40.20246],[-4.23462,40.20407]]]}},{"type":"Feature","properties":{"name":"Ugena","layer":"municipio"},"geometry":{"type":"MultiLineString","coordinates":[[[-3.90175,40.1556],[-3.88376,40.18953],[-3.87701,40.19115],[-3.85452,40.17984],[-3.84102,40.16207],[-3.87926,40.14268],[-3.90175,40.1556]]]}},{"type":"Feature","properties":{"name":"Torrico","layer":"municipio"},"geometry":{"type":"MultiLineString","coordinates":[[[-5.24223,39.85186],[-5.22873,39.86156],[-5.22199,39.85994],[-5.21749,39.85994],[-5.195,39.85186],[-5.16576,39.85994],[-5.15901,39.83409],[-5.1815,39.82278],[-5.19949,39.83086],[-5.21299,39.82278],[-5.20624,39.79693],[-5.21524,39.79047],[-5.25347,39.81794],[-5.24897,39.83248],[-5.26022,39.84217],[-5.24223,39.85186]]]}},{"type":"Feature","properties":{"name":"Torrijos","layer":"municipio"},"geometry":{"type":"MultiLineString","coordinates":[[[-4.31109,39.97627],[-4.32009,39.99242],[-4.2841,40.00697],[-4.26386,39.99727],[-4.24812,39.96657],[-4.27286,39.96173],[-4.31109,39.97627]]]}},{"type":"Feature","properties":{"name":"Totan\u00e9s","layer":"municipio"},"geometry":{"type":"MultiLineString","coordinates":[[[-4.25036,39.72746],[-4.24137,39.72261],[-4.20763,39.74685],[-4.18514,39.70969],[-4.19414,39.6903],[-4.21438,39.68222],[-4.24812,39.68061],[-4.23687,39.70161],[-4.25486,39.71938],[-4.25036,39.72746]]]}},{"type":"Feature","properties":{"name":"Urda","layer":"municipio"},"geometry":{"type":"MultiLineString","coordinates":[[[-3.79379,39.29286],[-3.81403,39.33163],[-3.79829,39.39626],[-3.78705,39.40918],[-3.76905,39.45119],[-3.72632,39.45604],[-3.70383,39.46411],[-3.68584,39.45442],[-3.66109,39.4108],[-3.65435,39.36395],[-3.66334,39.32032],[-3.6566,39.29932],[-3.67459,39.29609],[-3.69708,39.27993],[-3.72182,39.27024],[-3.74431,39.28316],[-3.7668,39.29286],[-3.79379,39.29286]]]}},{"type":"Feature","properties":{"name":"Las Ventas de San Juli\u00e1n","layer":"municipio"},"geometry":{"type":"MultiLineString","coordinates":[[[-5.25122,39.98435],[-5.26022,39.9795],[-5.25122,39.98435]],[[-5.28271,39.96981],[-5.29846,39.99081],[-5.29846,40.01989],[-5.28271,40.0102],[-5.28496,39.98273],[-5.28271,39.96981]]]}},{"type":"Feature","properties":{"name":"Valdeverdeja","layer":"municipio"},"geometry":{"type":"MultiLineString","coordinates":[[[-5.3142,39.78886],[-5.31195,39.82278],[-5.28496,39.86317],[-5.26247,39.86479],[-5.24223,39.85186],[-5.26022,39.84217],[-5.24897,39.83248],[-5.25347,39.81794],[-5.21524,39.79047],[-5.25347,39.75331],[-5.3097,39.75977],[-5.3142,39.78886]]]}},{"type":"Feature","properties":{"name":"Valmojado","layer":"municipio"},"geometry":{"type":"MultiLineString","coordinates":[[[-4.14466,40.24446],[-4.13116,40.24931],[-4.10417,40.24123],[-4.07943,40.22992],[-4.06819,40.20569],[-4.07268,40.19276],[-4.10192,40.18307],[-4.12441,40.18792],[-4.11992,40.21215],[-4.14466,40.24446]]]}},{"type":"Feature","properties":{"name":"Velada","layer":"municipio"},"geometry":{"type":"MultiLineString","coordinates":[[[-5.10053,39.95526],[-5.08929,39.96657],[-5.07129,39.97465],[-5.06455,40.01504],[-5.05105,40.03282],[-5.01956,40.07967],[-5.01282,40.11198],[-4.95434,40.12167],[-4.94984,40.09582],[-4.93185,40.05382],[-4.95434,40.04897],[-4.95659,40.02474],[-4.94534,40.00212],[-4.94984,39.98111],[-4.96334,39.96657],[-4.98808,39.96981],[-5.00382,39.95688],[-5.02856,39.96334],[-5.06005,39.96173],[-5.08254,39.93911],[-5.10053,39.95526]]]}},{"type":"Feature","properties":{"name":"Las Ventas con Pe\u00f1a Aguilera","layer":"municipio"},"geometry":{"type":"MultiLineString","coordinates":[[[-4.31334,39.5966],[-4.29985,39.60791],[-4.26836,39.61437],[-4.25711,39.63052],[-4.23687,39.63699],[-4.20088,39.63699],[-4.18514,39.63052],[-4.17614,39.62729],[-4.17839,39.60629],[-4.15815,39.57721],[-4.16715,39.56751],[-4.19189,39.49804],[-4.20538,39.48835],[-4.23687,39.47865],[-4.24812,39.52066],[-4.29085,39.53682],[-4.2841,39.56751],[-4.31334,39.58367],[-4.31334,39.5966]]]}},{"type":"Feature","properties":{"name":"Las Ventas de Retamosa","layer":"municipio"},"geometry":{"type":"MultiLineString","coordinates":[[[-4.18064,40.14268],[-4.1694,40.17176],[-4.10867,40.16853],[-4.09068,40.15399],[-4.10192,40.13622],[-4.11092,40.14914],[-4.13566,40.15237],[-4.17839,40.12652],[-4.18064,40.13622],[-4.18064,40.14268]]]}},{"type":"Feature","properties":{"name":"Villaca\u00f1as","layer":"municipio"},"geometry":{"type":"MultiLineString","coordinates":[[[-3.49016,39.58206],[-3.48117,39.59983],[-3.44518,39.61921],[-3.42719,39.65961],[-3.40469,39.66445],[-3.36871,39.63052],[-3.32598,39.64345],[-3.29674,39.64183],[-3.26075,39.66445],[-3.2585,39.66284],[-3.22252,39.56913],[-3.32822,39.54328],[-3.33047,39.50774],[-3.36421,39.49966],[-3.41819,39.51258],[-3.45642,39.52066],[-3.49241,39.54328],[-3.49016,39.58206]]]}},{"type":"Feature","properties":{"name":"La Villa de Don Fadrique","layer":"municipio"},"geometry":{"type":"MultiLineString","coordinates":[[[-3.2585,39.66284],[-3.24276,39.68707],[-3.17304,39.67415],[-3.15729,39.62083],[-3.17304,39.59013],[-3.15279,39.59336],[-3.18428,39.57721],[-3.21127,39.54813],[-3.22252,39.56913],[-3.2585,39.66284]]]}},{"type":"Feature","properties":{"name":"Villafranca de los Caballeros","layer":"municipio"},"geometry":{"type":"MultiLineString","coordinates":[[[-3.43618,39.48835],[-3.41819,39.51258],[-3.36421,39.49966],[-3.33047,39.50774],[-3.32822,39.48996],[-3.29449,39.47058],[-3.31698,39.42857],[-3.30798,39.39787],[-3.33047,39.40595],[-3.34397,39.40757],[-3.40919,39.40434],[-3.42494,39.43019],[-3.42494,39.46896],[-3.43618,39.48835]]]}},{"type":"Feature","properties":{"name":"Villaluenga de la Sagra","layer":"municipio"},"geometry":{"type":"MultiLineString","coordinates":[[[-3.95798,40.04736],[-3.95573,40.04736],[-3.92199,40.04412],[-3.88826,40.0312],[-3.87251,40.04574],[-3.86127,40.03605],[-3.87701,40.01181],[-3.895,40.0005],[-3.8995,39.99889],[-3.92874,39.99889],[-3.92649,40.00697],[-3.95573,40.03443],[-3.95798,40.04251],[-3.95798,40.04736]]]}},{"type":"Feature","properties":{"name":"Villamiel de Toledo","layer":"municipio"},"geometry":{"type":"MultiLineString","coordinates":[[[-4.17614,39.97788],[-4.16715,40.01181],[-4.14915,40.00697],[-4.11992,40.01666],[-4.09293,39.99081],[-4.08843,39.9795],[-4.08843,39.95042],[-4.11767,39.94557],[-4.15365,39.95688],[-4.17614,39.97788]]]}},{"type":"Feature","properties":{"name":"Villaminaya","layer":"municipio"},"geometry":{"type":"MultiLineString","coordinates":[[[-3.91525,39.72423],[-3.90175,39.74685],[-3.85677,39.72585],[-3.84777,39.70969],[-3.85902,39.68707],[-3.87251,39.68546],[-3.90625,39.71615],[-3.91525,39.72423]]]}},{"type":"Feature","properties":{"name":"Villamuelas","layer":"municipio"},"geometry":{"type":"MultiLineString","coordinates":[[[-3.7668,39.80501],[-3.7803,39.82601],[-3.74431,39.84702],[-3.69258,39.81471],[-3.67459,39.80824],[-3.68808,39.78078],[-3.70158,39.78886],[-3.73756,39.76462],[-3.74656,39.77755],[-3.7713,39.78562],[-3.7668,39.80501]]]}},{"type":"Feature","properties":{"name":"Villanueva de Alcardete","layer":"municipio"},"geometry":{"type":"MultiLineString","coordinates":[[[-3.1303,39.65314],[-3.10556,39.67738],[-3.10106,39.70161],[-3.08757,39.70969],[-3.07632,39.73392],[-3.03809,39.75654],[-3.0156,39.76462],[-2.99985,39.72261],[-2.97061,39.6903],[-2.95037,39.67738],[-2.91888,39.64668],[-2.90764,39.64183],[-2.91664,39.62568],[-2.93463,39.63052],[-2.97736,39.62729],[-2.99311,39.63376],[-3.02684,39.63537],[-3.06958,39.6483],[-3.07407,39.64345],[-3.08757,39.6386],[-3.1303,39.65314]]]}},{"type":"Feature","properties":{"name":"Villanueva de Bogas","layer":"municipio"},"geometry":{"type":"MultiLineString","coordinates":[[[-3.67459,39.76624],[-3.65885,39.77593],[-3.62511,39.76624],[-3.61386,39.75493],[-3.61611,39.73392],[-3.59812,39.72423],[-3.67459,39.6693],[-3.69483,39.69353],[-3.69708,39.71777],[-3.68808,39.73554],[-3.66559,39.75008],[-3.67459,39.76624]]]}},{"type":"Feature","properties":{"name":"Villarejo de Montalb\u00e1n","layer":"municipio"},"geometry":{"type":"MultiLineString","coordinates":[[[-4.59448,39.76462],[-4.59448,39.80178],[-4.58998,39.80178],[-4.58099,39.83894],[-4.5405,39.8034],[-4.49327,39.7727],[-4.50676,39.75008],[-4.50227,39.73392],[-4.51576,39.71292],[-4.53375,39.72261],[-4.56074,39.72423],[-4.56074,39.73716],[-4.59448,39.76462]]]}},{"type":"Feature","properties":{"name":"Villarrubia de Santiago","layer":"municipio"},"geometry":{"type":"MultiLineString","coordinates":[[[-3.3957,40.03605],[-3.37771,40.05059],[-3.37771,40.07482],[-3.34397,40.07967],[-3.32822,40.07967],[-3.30348,40.05382],[-3.29224,40.0522],[-3.272,40.03282],[-3.25625,39.99727],[-3.25625,39.96011],[-3.27874,39.93588],[-3.32148,39.94719],[-3.37321,39.93588],[-3.39795,39.95688],[-3.4002,39.97788],[-3.3957,40.03605]]]}},{"type":"Feature","properties":{"name":"Villaseca de la Sagra","layer":"municipio"},"geometry":{"type":"MultiLineString","coordinates":[[[-3.8995,39.99889],[-3.895,40.0005],[-3.85452,39.99404],[-3.85677,39.97788],[-3.84102,39.98273],[-3.82528,39.95365],[-3.82303,39.94719],[-3.86576,39.93103],[-3.87251,39.9488],[-3.89725,39.95365],[-3.8995,39.99889]]]}},{"type":"Feature","properties":{"name":"Villasequilla","layer":"municipio"},"geometry":{"type":"MultiLineString","coordinates":[[[-3.79379,39.86479],[-3.79379,39.87125],[-3.76006,39.89387],[-3.73307,39.90841],[-3.70383,39.89387],[-3.67684,39.89387],[-3.63411,39.8761],[-3.67459,39.80824],[-3.69258,39.81471],[-3.74431,39.84702],[-3.76006,39.86317],[-3.79379,39.86479]]]}},{"type":"Feature","properties":{"name":"Villatobas","layer":"municipio"},"geometry":{"type":"MultiLineString","coordinates":[[[-3.40245,39.8244],[-3.40919,39.86802],[-3.39795,39.88579],[-3.40919,39.89872],[-3.3957,39.92457],[-3.37771,39.93103],[-3.37321,39.93588],[-3.32148,39.94719],[-3.27874,39.93588],[-3.254,39.91972],[-3.24276,39.88256],[-3.21127,39.84863],[-3.23376,39.8454],[-3.26075,39.82117],[-3.31248,39.82763],[-3.35072,39.79209],[-3.35971,39.81955],[-3.40245,39.8244]]]}},{"type":"Feature","properties":{"name":"El Viso de San Juan","layer":"municipio"},"geometry":{"type":"MultiLineString","coordinates":[[[-4.05244,40.15399],[-4.05244,40.17176],[-4.00296,40.18145],[-3.95798,40.17661],[-3.96023,40.16045],[-3.94673,40.16207],[-3.9085,40.15076],[-3.913,40.12814],[-3.94223,40.12491],[-3.99172,40.14106],[-4.01421,40.11521],[-4.0322,40.12491],[-4.05244,40.15399]]]}},{"type":"Feature","properties":{"name":"Los Y\u00e9benes","layer":"municipio"},"geometry":{"type":"MultiLineString","coordinates":[[[-4.09967,39.34294],[-4.12891,39.36556],[-4.14915,39.36233],[-4.12666,39.40757],[-4.11767,39.45604],[-4.07943,39.45119],[-4.05919,39.47219],[-4.06819,39.50289],[-4.05919,39.52228],[-4.02995,39.52228],[-4.00746,39.52389],[-3.96922,39.51743],[-3.92649,39.53197],[-3.88376,39.52551],[-3.9085,39.56751],[-3.92199,39.57882],[-3.88601,39.58367],[-3.85002,39.60467],[-3.80954,39.60467],[-3.79379,39.61437],[-3.7758,39.59498],[-3.80504,39.56913],[-3.81403,39.54166],[-3.84327,39.52551],[-3.83203,39.49481],[-3.80729,39.48835],[-3.7848,39.45765],[-3.76905,39.45119],[-3.78705,39.40918],[-3.79829,39.39626],[-3.81403,39.33163],[-3.79379,39.29286],[-3.80954,39.28801],[-3.84102,39.25893],[-3.87701,39.26216],[-3.90175,39.27993],[-3.92874,39.28478],[-3.96473,39.2977],[-3.95798,39.31063],[-3.96922,39.32355],[-3.97147,39.35264],[-4.00521,39.35264],[-4.07268,39.36556],[-4.09967,39.34294]]]}},{"type":"Feature","properties":{"name":"Yepes","layer":"municipio"},"geometry":{"type":"MultiLineString","coordinates":[[[-3.80504,39.88418],[-3.77805,39.91164],[-3.76006,39.91972],[-3.74431,39.94072],[-3.71058,39.95526],[-3.69708,39.94719],[-3.66559,39.96334],[-3.66559,39.93749],[-3.6431,39.92618],[-3.59812,39.92618],[-3.58013,39.90033],[-3.63411,39.8761],[-3.67684,39.89387],[-3.70383,39.89387],[-3.73307,39.90841],[-3.76006,39.89387],[-3.79379,39.87125],[-3.80504,39.88418]]]}},{"type":"Feature","properties":{"name":"Yeles","layer":"municipio"},"geometry":{"type":"MultiLineString","coordinates":[[[-3.81853,40.09744],[-3.82303,40.12329],[-3.81403,40.1346],[-3.7713,40.13945],[-3.74206,40.1346],[-3.73981,40.12491],[-3.76905,40.11844],[-3.79829,40.10067],[-3.81853,40.09744]]]}},{"type":"Feature","properties":{"name":"Yuncler","layer":"municipio"},"geometry":{"type":"MultiLineString","coordinates":[[[-3.95573,40.04736],[-3.93774,40.0619],[-3.91075,40.05382],[-3.91525,40.08128],[-3.87926,40.0619],[-3.86576,40.05543],[-3.87251,40.04574],[-3.88826,40.0312],[-3.92199,40.04412],[-3.95573,40.04736]]]}},{"type":"Feature","properties":{"name":"Yunclillos","layer":"municipio"},"geometry":{"type":"MultiLineString","coordinates":[[[-4.03895,40.03282],[-4.00746,40.03928],[-3.95798,40.04251],[-3.95573,40.03443],[-3.95348,40.01989],[-3.97822,40.01343],[-3.97597,40.0005],[-4.01421,39.9795],[-4.0367,40.00858],[-4.0367,40.02797],[-4.03895,40.03282]]]}},{"type":"Feature","properties":{"name":"Yuncos","layer":"municipio"},"geometry":{"type":"MultiLineString","coordinates":[[[-3.91525,40.08128],[-3.91974,40.09098],[-3.8995,40.11037],[-3.86352,40.09906],[-3.87926,40.0619],[-3.91525,40.08128]]]}},{"type":"Feature","properties":{"name":"Santo Domingo-Caudilla","layer":"municipio"},"geometry":{"type":"MultiLineString","coordinates":[[[-4.39656,40.03282],[-4.37632,40.05543],[-4.35382,40.04897],[-4.32234,40.05543],[-4.32009,40.04089],[-4.2796,40.02151],[-4.2841,40.00697],[-4.32009,39.99242],[-4.31109,39.97627],[-4.33808,39.96657],[-4.35382,39.96496],[-4.36507,39.97627],[-4.35382,40.0102],[-4.38531,40.01989],[-4.39656,40.03282]]]}},{"type":"Feature","properties":{"name":"Casas de Don Pedro","layer":"municipio"},"geometry":{"type":"MultiLineString","coordinates":[[[-5.33894,39.33325],[-5.32095,39.24277],[-5.3187,39.22015]],[[-5.35018,39.23146],[-5.35468,39.27185],[-5.33894,39.33325]],[[-5.28046,39.29609],[-5.24448,39.26862],[-5.21524,39.23954],[-5.23773,39.21369]],[[-5.26922,39.23146],[-5.28946,39.23146],[-5.3007,39.26055],[-5.28046,39.28478],[-5.28046,39.29609]]]}},{"type":"Feature","properties":{"name":"Castilblanco","layer":"municipio"},"geometry":{"type":"MultiLineString","coordinates":[[[-5.16576,39.31709],[-5.15001,39.32032],[-5.11853,39.34294],[-5.11178,39.36879],[-5.11403,39.38818],[-5.08929,39.3898],[-5.05555,39.36395],[-5.01956,39.36879],[-5.01057,39.33648],[-5.01956,39.31548],[-5.05105,39.27185],[-5.07354,39.25085],[-5.11178,39.23954],[-5.14102,39.22015]],[[-5.13652,39.27509],[-5.16351,39.30255],[-5.16576,39.31709]]]}},{"type":"Feature","properties":{"name":"Fuenlabrada de los Montes","layer":"municipio"},"geometry":{"type":"MultiLineString","coordinates":[[[-4.89586,39.23631],[-4.85763,39.23954],[-4.84413,39.22662],[-4.84863,39.21208]]]}},{"type":"Feature","properties":{"name":"Helechosa de los Montes","layer":"municipio"},"geometry":{"type":"MultiLineString","coordinates":[[[-5.01507,39.37525],[-4.99257,39.37041],[-4.97008,39.38333],[-4.97233,39.39464],[-4.95209,39.39464],[-4.94084,39.39464],[-4.90936,39.37849],[-4.87112,39.36879],[-4.8059,39.39787],[-4.76766,39.4011],[-4.75642,39.41565],[-4.68669,39.44957],[-4.6687,39.42372],[-4.71143,39.34617],[-4.70694,39.3284],[-4.76092,39.32032],[-4.73168,39.2557],[-4.74742,39.26862],[-4.74517,39.27993],[-4.78116,39.28801],[-4.7969,39.27832],[-4.82614,39.2767],[-4.86662,39.24762],[-4.90261,39.27832],[-4.96783,39.30255],[-4.98358,39.32517],[-4.97908,39.34133],[-5.01507,39.37525]]]}},{"type":"Feature","properties":{"name":"Herrera del Duque","layer":"municipio"},"geometry":{"type":"MultiLineString","coordinates":[[[-5.11178,39.23954],[-5.07354,39.25085],[-5.05105,39.27185],[-5.01956,39.31548],[-5.01057,39.33648],[-5.01956,39.36879],[-5.01507,39.37525],[-4.97908,39.34133],[-4.98358,39.32517],[-4.96783,39.30255],[-4.90261,39.27832],[-4.86662,39.24762],[-4.85763,39.23954],[-4.89586,39.23631],[-4.89811,39.20885]]]}},{"type":"Feature","properties":{"name":"Puebla de Alcocer","layer":"municipio"},"geometry":{"type":"MultiLineString","coordinates":[[[-5.28946,39.23146],[-5.26922,39.23146],[-5.25572,39.21208]]]}},{"type":"Feature","properties":{"name":"Talarrubias","layer":"municipio"},"geometry":{"type":"MultiLineString","coordinates":[[[-5.30295,39.32032],[-5.28046,39.29609],[-5.28046,39.28478],[-5.3007,39.26055],[-5.28946,39.23146],[-5.3187,39.22015]],[[-5.32095,39.24277],[-5.33894,39.33325],[-5.30295,39.32032]]]}},{"type":"Feature","properties":{"name":"Valdecaballeros","layer":"municipio"},"geometry":{"type":"MultiLineString","coordinates":[[[-5.30295,39.32032],[-5.28271,39.32032],[-5.24673,39.30255],[-5.16576,39.31709],[-5.16351,39.30255],[-5.13652,39.27509],[-5.14102,39.22015]],[[-5.21524,39.23954],[-5.24448,39.26862],[-5.28046,39.29609],[-5.30295,39.32032]]]}},{"type":"Feature","properties":{"name":"Al\u00eda","layer":"municipio"},"geometry":{"type":"MultiLineString","coordinates":[[[-5.37942,39.47542],[-5.35468,39.51743],[-5.31645,39.54974],[-5.21524,39.58206],[-5.20174,39.59175],[-5.14551,39.54974],[-5.12302,39.52228],[-5.08254,39.48996],[-5.0578,39.48996],[-5.03981,39.47058],[-5.00832,39.43503],[-4.95209,39.39464],[-4.97233,39.39464],[-4.97008,39.38333],[-4.99257,39.37041],[-5.01507,39.37525],[-5.01956,39.36879],[-5.05555,39.36395],[-5.08929,39.3898],[-5.11403,39.38818],[-5.11178,39.36879],[-5.11853,39.34294],[-5.15001,39.32032],[-5.16576,39.31709],[-5.24673,39.30255],[-5.28271,39.32032],[-5.30295,39.32032],[-5.32994,39.34617],[-5.32769,39.41241],[-5.31195,39.39141],[-5.29621,39.40757],[-5.27596,39.41403],[-5.28721,39.43503],[-5.26247,39.47381],[-5.28496,39.48027],[-5.29621,39.50289],[-5.33894,39.47219],[-5.37942,39.47542]]]}},{"type":"Feature","properties":{"name":"Millanes","layer":"municipio"},"geometry":{"type":"MultiLineString","coordinates":[[[-5.59084,39.86802],[-5.5751,39.87933],[-5.5661,39.86964],[-5.52112,39.86156],[-5.52562,39.85186],[-5.5706,39.83571],[-5.59534,39.84379]]]}},{"type":"Feature","properties":{"name":"Villarta de los Montes","layer":"municipio"},"geometry":{"type":"MultiLineString","coordinates":[[[-4.86662,39.24762],[-4.82614,39.2767],[-4.7969,39.27832],[-4.78116,39.28801],[-4.74517,39.27993],[-4.74742,39.26862],[-4.73168,39.2557],[-4.71368,39.24439],[-4.70919,39.21046]],[[-4.84413,39.22662],[-4.85763,39.23954],[-4.86662,39.24762]]]}},{"type":"Feature","properties":{"name":"Berrocalejo","layer":"municipio"},"geometry":{"type":"MultiLineString","coordinates":[[[-5.37268,39.80824],[-5.35918,39.82601],[-5.37717,39.85025],[-5.36818,39.85671],[-5.33894,39.84379],[-5.33444,39.81471],[-5.34344,39.78724],[-5.35243,39.79532],[-5.37268,39.80824]]]}},{"type":"Feature","properties":{"name":"Berzocana","layer":"municipio"},"geometry":{"type":"MultiLineString","coordinates":[[[-5.57735,39.55459],[-5.53911,39.55297],[-5.49863,39.50612],[-5.50537,39.49966],[-5.48063,39.4528],[-5.44915,39.45927],[-5.4334,39.44311],[-5.41541,39.41888],[-5.4469,39.38656],[-5.47164,39.3801],[-5.49863,39.37687],[-5.51212,39.39303],[-5.53236,39.39141],[-5.55261,39.3801],[-5.57285,39.38333],[-5.55261,39.42695],[-5.53236,39.44634],[-5.55261,39.44473],[-5.56835,39.47058],[-5.53686,39.49481],[-5.5571,39.51581],[-5.5751,39.51905],[-5.5661,39.53682],[-5.57735,39.55459]]]}},{"type":"Feature","properties":{"name":"Bohonal de Ibor","layer":"municipio"},"geometry":{"type":"MultiLineString","coordinates":[[[-5.55261,39.81147],[-5.51662,39.8034],[-5.49413,39.80663],[-5.44915,39.80986],[-5.4424,39.80016],[-5.40866,39.80663],[-5.40191,39.83248],[-5.37268,39.80824],[-5.41991,39.76139],[-5.4334,39.76462],[-5.4424,39.74685],[-5.46714,39.75331],[-5.50537,39.77108],[-5.51887,39.76947],[-5.53011,39.79209],[-5.55261,39.81147]]]}},{"type":"Feature","properties":{"name":"Aldeacentenera","layer":"municipio"},"geometry":{"type":"MultiLineString","coordinates":[[[-5.57735,39.55459],[-5.5661,39.53682],[-5.5751,39.51905],[-5.59309,39.50127]]]}},{"type":"Feature","properties":{"name":"Carrascalejo","layer":"municipio"},"geometry":{"type":"MultiLineString","coordinates":[[[-5.20174,39.59175],[-5.25122,39.62729],[-5.27821,39.65637],[-5.25122,39.66445],[-5.24448,39.67899],[-5.18375,39.66284],[-5.1725,39.63537],[-5.18375,39.6176],[-5.20624,39.59983],[-5.20174,39.59175]]]}},{"type":"Feature","properties":{"name":"Belv\u00eds de Monroy","layer":"municipio"},"geometry":{"type":"MultiLineString","coordinates":[[[-5.5706,39.83571],[-5.5616,39.80824],[-5.57285,39.79532],[-5.59984,39.79532]]]}},{"type":"Feature","properties":{"name":"Caba\u00f1as del Castillo","layer":"municipio"},"geometry":{"type":"MultiLineString","coordinates":[[[-5.59084,39.59983],[-5.57285,39.61114],[-5.53236,39.58206],[-5.49188,39.59336],[-5.47389,39.5869],[-5.44465,39.59498],[-5.42216,39.56267],[-5.48738,39.51905],[-5.42666,39.44957],[-5.4334,39.44311],[-5.44915,39.45927],[-5.48063,39.4528],[-5.50537,39.49966],[-5.49863,39.50612],[-5.53911,39.55297],[-5.57735,39.55459],[-5.59309,39.57398]]]}},{"type":"Feature","properties":{"name":"Campillo de Deleitosa","layer":"municipio"},"geometry":{"type":"MultiLineString","coordinates":[[[-5.57735,39.75008],[-5.5616,39.74039],[-5.57285,39.72746],[-5.54811,39.69353],[-5.55261,39.66607],[-5.5661,39.67576],[-5.61558,39.71777]]]}},{"type":"Feature","properties":{"name":"Ca\u00f1amero","layer":"municipio"},"geometry":{"type":"MultiLineString","coordinates":[[[-5.47164,39.3801],[-5.4469,39.38656],[-5.41541,39.41888],[-5.4334,39.44311],[-5.42666,39.44957],[-5.39517,39.47058],[-5.38167,39.46735],[-5.37493,39.4318],[-5.35018,39.42695],[-5.32769,39.41241],[-5.32994,39.34617],[-5.30295,39.32032],[-5.33894,39.33325],[-5.35468,39.27185],[-5.36818,39.2864],[-5.39967,39.29932],[-5.43115,39.30094],[-5.4424,39.33971],[-5.47164,39.3801]]]}},{"type":"Feature","properties":{"name":"Casta\u00f1ar de Ibor","layer":"municipio"},"geometry":{"type":"MultiLineString","coordinates":[[[-5.51887,39.76947],[-5.50537,39.77108],[-5.46714,39.75331],[-5.4424,39.74685],[-5.4424,39.72585],[-5.40866,39.69838],[-5.36143,39.67091],[-5.32994,39.65476],[-5.33894,39.63214],[-5.36593,39.62245],[-5.38842,39.60791],[-5.4469,39.5966],[-5.48063,39.62891],[-5.46939,39.6386],[-5.48738,39.6693],[-5.48513,39.69515],[-5.50762,39.70484],[-5.50762,39.71615],[-5.50537,39.73069],[-5.51887,39.76947]]]}},{"type":"Feature","properties":{"name":"Cuacos de Yuste","layer":"municipio"},"geometry":{"type":"MultiLineString","coordinates":[[[-5.58859,40.05705],[-5.58184,40.04089],[-5.60209,40.02312]]]}},{"type":"Feature","properties":{"name":"Deleitosa","layer":"municipio"},"geometry":{"type":"MultiLineString","coordinates":[[[-5.5661,39.67576],[-5.58184,39.65799],[-5.59309,39.63214]],[[-5.57285,39.61114],[-5.59084,39.59983],[-5.59309,39.57398]]]}},{"type":"Feature","properties":{"name":"Fresnedoso de Ibor","layer":"municipio"},"geometry":{"type":"MultiLineString","coordinates":[[[-5.5616,39.74039],[-5.51437,39.71615],[-5.50762,39.71615],[-5.50762,39.70484],[-5.48513,39.69515],[-5.48738,39.6693],[-5.46939,39.6386],[-5.48063,39.62891],[-5.50088,39.62891],[-5.51212,39.64506],[-5.52787,39.64022],[-5.55261,39.66607],[-5.54811,39.69353],[-5.57285,39.72746],[-5.5616,39.74039]]]}},{"type":"Feature","properties":{"name":"Garciaz","layer":"municipio"},"geometry":{"type":"MultiLineString","coordinates":[[[-5.5751,39.51905],[-5.5571,39.51581],[-5.53686,39.49481],[-5.56835,39.47058],[-5.55261,39.44473],[-5.53236,39.44634],[-5.55261,39.42695],[-5.57285,39.38333],[-5.59759,39.36879]]]}},{"type":"Feature","properties":{"name":"Garv\u00edn","layer":"municipio"},"geometry":{"type":"MultiLineString","coordinates":[[[-5.40866,39.69838],[-5.37717,39.70969],[-5.35693,39.74362],[-5.32769,39.77108],[-5.31645,39.742],[-5.3187,39.70646],[-5.33219,39.6903],[-5.36143,39.68222],[-5.36143,39.67091],[-5.40866,39.69838]]]}},{"type":"Feature","properties":{"name":"El Gordo","layer":"municipio"},"geometry":{"type":"MultiLineString","coordinates":[[[-5.40866,39.80663],[-5.41091,39.82601],[-5.43565,39.81632],[-5.4424,39.84217],[-5.40866,39.86156],[-5.40641,39.87771],[-5.37043,39.88902],[-5.33894,39.89064],[-5.31645,39.89064],[-5.28946,39.86479],[-5.28496,39.86317],[-5.31195,39.82278],[-5.3142,39.78886],[-5.34344,39.78724],[-5.33444,39.81471],[-5.33894,39.84379],[-5.36818,39.85671],[-5.37717,39.85025],[-5.35918,39.82601],[-5.37268,39.80824],[-5.40191,39.83248],[-5.40866,39.80663]]]}},{"type":"Feature","properties":{"name":"Guadalupe","layer":"municipio"},"geometry":{"type":"MultiLineString","coordinates":[[[-5.38167,39.46735],[-5.37942,39.47542],[-5.33894,39.47219],[-5.29621,39.50289],[-5.28496,39.48027],[-5.26247,39.47381],[-5.28721,39.43503],[-5.27596,39.41403],[-5.29621,39.40757],[-5.31195,39.39141],[-5.32769,39.41241],[-5.35018,39.42695],[-5.37493,39.4318],[-5.38167,39.46735]]]}},{"type":"Feature","properties":{"name":"Jarandilla de la Vera","layer":"municipio"},"geometry":{"type":"MultiLineString","coordinates":[[[-5.56835,40.0619],[-5.54586,40.06351],[-5.55036,40.05059],[-5.58184,40.04089],[-5.58859,40.05705],[-5.60658,40.04897]]]}},{"type":"Feature","properties":{"name":"Logros\u00e1n","layer":"municipio"},"geometry":{"type":"MultiLineString","coordinates":[[[-5.57285,39.38333],[-5.55261,39.3801],[-5.53236,39.39141],[-5.51212,39.39303],[-5.49863,39.37687],[-5.47164,39.3801],[-5.4424,39.33971],[-5.43115,39.30094],[-5.39967,39.29932],[-5.36818,39.2864],[-5.35468,39.27185],[-5.35018,39.23146],[-5.36818,39.21369]],[[-5.58409,39.225],[-5.55935,39.246],[-5.55935,39.26539],[-5.58184,39.27024],[-5.58184,39.28478],[-5.59984,39.28963]]]}},{"type":"Feature","properties":{"name":"Losar de la Vera","layer":"municipio"},"geometry":{"type":"MultiLineString","coordinates":[[[-5.53011,40.19438],[-5.54586,40.1653],[-5.56835,40.14268],[-5.5571,40.10067],[-5.53911,40.09421],[-5.52337,40.07321],[-5.51212,40.05705],[-5.53011,40.04897],[-5.55036,40.05059],[-5.54586,40.06351],[-5.56835,40.0619],[-5.55486,40.08936],[-5.56835,40.10067],[-5.60434,40.10229]]]}},{"type":"Feature","properties":{"name":"Madrigal de la Vera","layer":"municipio"},"geometry":{"type":"MultiLineString","coordinates":[[[-5.39517,40.25092],[-5.34344,40.26385],[-5.35918,40.22507],[-5.37043,40.21538],[-5.36368,40.17822],[-5.36818,40.16368],[-5.33669,40.11521],[-5.35918,40.10875],[-5.39292,40.15883],[-5.39517,40.17822],[-5.38617,40.19276],[-5.39517,40.25092]]]}},{"type":"Feature","properties":{"name":"Mesas de Ibor","layer":"municipio"},"geometry":{"type":"MultiLineString","coordinates":[[[-5.57285,39.79532],[-5.5616,39.80824],[-5.55261,39.81147],[-5.53011,39.79209],[-5.51887,39.76947],[-5.50537,39.73069],[-5.50762,39.71615],[-5.51437,39.71615],[-5.5616,39.74039],[-5.57735,39.75008],[-5.60209,39.76785]]]}},{"type":"Feature","properties":{"name":"Navalmoral de la Mata","layer":"municipio"},"geometry":{"type":"MultiLineString","coordinates":[[[-5.57735,39.98273],[-5.56385,40.0005],[-5.51662,39.99727],[-5.50987,39.99566],[-5.49863,39.97142],[-5.47838,39.9585],[-5.47164,39.94396],[-5.49188,39.92295],[-5.48738,39.88256],[-5.51437,39.87448],[-5.52112,39.86156],[-5.5661,39.86964],[-5.5751,39.87933],[-5.59084,39.86802],[-5.63357,39.88741]]]}},{"type":"Feature","properties":{"name":"Navalvillar de Ibor","layer":"municipio"},"geometry":{"type":"MultiLineString","coordinates":[[[-5.4469,39.5966],[-5.38842,39.60791],[-5.36593,39.62245],[-5.33894,39.63214],[-5.32994,39.65476],[-5.3232,39.63537],[-5.33669,39.60306],[-5.35468,39.59175],[-5.35018,39.57398],[-5.37043,39.55136],[-5.40191,39.53036],[-5.42216,39.56267],[-5.44465,39.59498],[-5.4469,39.5966]]]}},{"type":"Feature","properties":{"name":"Navezuelas","layer":"municipio"},"geometry":{"type":"MultiLineString","coordinates":[[[-5.42666,39.44957],[-5.48738,39.51905],[-5.42216,39.56267],[-5.40191,39.53036],[-5.37942,39.47542],[-5.38167,39.46735],[-5.39517,39.47058],[-5.42666,39.44957]]]}},{"type":"Feature","properties":{"name":"Peraleda de la Mata","layer":"municipio"},"geometry":{"type":"MultiLineString","coordinates":[[[-5.52562,39.85186],[-5.52112,39.86156],[-5.51437,39.87448],[-5.48738,39.88256],[-5.49188,39.92295],[-5.47164,39.94396],[-5.46714,39.94072],[-5.44015,39.93103],[-5.44015,39.91811],[-5.40191,39.88579],[-5.40641,39.87771],[-5.40866,39.86156],[-5.4424,39.84217],[-5.43565,39.81632],[-5.41091,39.82601],[-5.40866,39.80663],[-5.4424,39.80016],[-5.44915,39.80986],[-5.49413,39.80663],[-5.48738,39.8244],[-5.51212,39.85025],[-5.52562,39.85186]]]}},{"type":"Feature","properties":{"name":"Peraleda de San Rom\u00e1n","layer":"municipio"},"geometry":{"type":"MultiLineString","coordinates":[[[-5.4424,39.74685],[-5.4334,39.76462],[-5.41991,39.76139],[-5.37268,39.80824],[-5.35243,39.79532],[-5.35468,39.78886],[-5.32769,39.77108],[-5.35693,39.74362],[-5.37717,39.70969],[-5.40866,39.69838],[-5.4424,39.72585],[-5.4424,39.74685]]]}},{"type":"Feature","properties":{"name":"Robledillo de la Vera","layer":"municipio"},"geometry":{"type":"MultiLineString","coordinates":[[[-5.56835,40.10067],[-5.55486,40.08936],[-5.56835,40.0619],[-5.61558,40.10067]]]}},{"type":"Feature","properties":{"name":"Robledollano","layer":"municipio"},"geometry":{"type":"MultiLineString","coordinates":[[[-5.58184,39.65799],[-5.5661,39.67576],[-5.55261,39.66607],[-5.52787,39.64022],[-5.51212,39.64506],[-5.50088,39.62891],[-5.48063,39.62891],[-5.4469,39.5966],[-5.44465,39.59498],[-5.47389,39.5869],[-5.49188,39.59336],[-5.53236,39.58206],[-5.57285,39.61114]]]}},{"type":"Feature","properties":{"name":"Talaveruela de la Vera","layer":"municipio"},"geometry":{"type":"MultiLineString","coordinates":[[[-5.53911,40.09421],[-5.52562,40.11521],[-5.53011,40.13783],[-5.51887,40.16691],[-5.51887,40.19761],[-5.49638,40.19922],[-5.49638,40.18953],[-5.50987,40.15237],[-5.50537,40.12975],[-5.51212,40.09259],[-5.52337,40.07321],[-5.53911,40.09421]]]}},{"type":"Feature","properties":{"name":"Talayuela","layer":"municipio"},"geometry":{"type":"MultiLineString","coordinates":[[[-5.58184,40.04089],[-5.55036,40.05059],[-5.53011,40.04897],[-5.51212,40.05705],[-5.50987,40.06674],[-5.46714,40.06997],[-5.44915,40.08452],[-5.40641,40.09259],[-5.4289,40.06674],[-5.39517,40.04251],[-5.36593,40.03605],[-5.36368,40.02635],[-5.36593,39.98435],[-5.39517,39.91811],[-5.40191,39.88579],[-5.44015,39.91811],[-5.44015,39.93103],[-5.46714,39.94072],[-5.4334,39.9585],[-5.45814,39.96981],[-5.42666,39.97465],[-5.4289,39.98758],[-5.41541,39.99727],[-5.44015,40.01181],[-5.44465,40.02958],[-5.46039,40.04736],[-5.48063,40.05059],[-5.51212,40.03928],[-5.51662,39.99727],[-5.56385,40.0005],[-5.57735,39.98273],[-5.60434,39.96819]]]}},{"type":"Feature","properties":{"name":"Zorita","layer":"municipio"},"geometry":{"type":"MultiLineString","coordinates":[[[-5.58184,39.28478],[-5.58184,39.27024],[-5.55935,39.26539],[-5.55935,39.246],[-5.58409,39.225],[-5.60209,39.225]]]}},{"type":"Feature","properties":{"name":"Rosalejo","layer":"municipio"},"geometry":{"type":"MultiLineString","coordinates":[[[-5.50987,39.99566],[-5.47389,40.01504],[-5.44015,40.01181],[-5.41541,39.99727],[-5.4289,39.98758],[-5.42666,39.97465],[-5.45814,39.96981],[-5.4334,39.9585],[-5.46714,39.94072],[-5.47164,39.94396],[-5.47838,39.9585],[-5.49863,39.97142],[-5.50987,39.99566]]]}},{"type":"Feature","properties":{"name":"Ti\u00e9tar","layer":"municipio"},"geometry":{"type":"MultiLineString","coordinates":[[[-5.51662,39.99727],[-5.51212,40.03928],[-5.48063,40.05059],[-5.46039,40.04736],[-5.44465,40.02958],[-5.44015,40.01181],[-5.47389,40.01504],[-5.50987,39.99566],[-5.51662,39.99727]]]}},{"type":"Feature","properties":{"name":"Pueblonuevo de Miramontes","layer":"municipio"},"geometry":{"type":"MultiLineString","coordinates":[[[-5.40641,40.09259],[-5.36818,40.10067],[-5.37493,40.05867],[-5.36593,40.03605],[-5.39517,40.04251],[-5.4289,40.06674],[-5.40641,40.09259]]]}},{"type":"Feature","properties":{"name":"Valdeh\u00fancar","layer":"municipio"},"geometry":{"type":"MultiLineString","coordinates":[[[-5.5706,39.83571],[-5.52562,39.85186],[-5.51212,39.85025],[-5.48738,39.8244],[-5.49413,39.80663],[-5.51662,39.8034],[-5.55261,39.81147],[-5.5616,39.80824],[-5.5706,39.83571]]]}},{"type":"Feature","properties":{"name":"Valdelacasa de Tajo","layer":"municipio"},"geometry":{"type":"MultiLineString","coordinates":[[[-5.36143,39.67091],[-5.36143,39.68222],[-5.33219,39.6903],[-5.3187,39.70646],[-5.31645,39.742],[-5.32769,39.77108],[-5.35468,39.78886],[-5.35243,39.79532],[-5.34344,39.78724],[-5.3142,39.78886],[-5.3097,39.75977],[-5.25347,39.75331],[-5.23998,39.721],[-5.25122,39.71131],[-5.25572,39.68222],[-5.29396,39.6693],[-5.30295,39.67253],[-5.32994,39.65476],[-5.36143,39.67091]]]}},{"type":"Feature","properties":{"name":"Valverde de la Vera","layer":"municipio"},"geometry":{"type":"MultiLineString","coordinates":[[[-5.52337,40.07321],[-5.51212,40.09259],[-5.50537,40.12975],[-5.50987,40.15237],[-5.49638,40.18953],[-5.49638,40.19922],[-5.48738,40.20407],[-5.47614,40.20407],[-5.46939,40.16207],[-5.47838,40.14591],[-5.47614,40.10713],[-5.46039,40.08128],[-5.46714,40.06997],[-5.50987,40.06674],[-5.51212,40.05705],[-5.52337,40.07321]]]}},{"type":"Feature","properties":{"name":"Viandar de la Vera","layer":"municipio"},"geometry":{"type":"MultiLineString","coordinates":[[[-5.53911,40.09421],[-5.5571,40.10067],[-5.56835,40.14268],[-5.54586,40.1653],[-5.53011,40.19438],[-5.51887,40.19761],[-5.51887,40.16691],[-5.53011,40.13783],[-5.52562,40.11521],[-5.53911,40.09421]]]}},{"type":"Feature","properties":{"name":"Villanueva de la Vera","layer":"municipio"},"geometry":{"type":"MultiLineString","coordinates":[[[-5.48738,40.20407],[-5.47164,40.2073],[-5.46714,40.22346],[-5.44015,40.23315],[-5.4289,40.25254],[-5.39517,40.25092],[-5.38617,40.19276],[-5.39517,40.17822],[-5.39292,40.15883],[-5.35918,40.10875],[-5.36818,40.10067],[-5.40641,40.09259],[-5.44915,40.08452],[-5.46714,40.06997],[-5.46039,40.08128],[-5.47614,40.10713],[-5.47838,40.14591],[-5.46939,40.16207],[-5.47614,40.20407],[-5.48738,40.20407]]]}},{"type":"Feature","properties":{"name":"Villar del Pedroso","layer":"municipio"},"geometry":{"type":"MultiLineString","coordinates":[[[-5.40191,39.53036],[-5.37043,39.55136],[-5.35018,39.57398],[-5.35468,39.59175],[-5.33669,39.60306],[-5.3232,39.63537],[-5.32994,39.65476],[-5.30295,39.67253],[-5.29396,39.6693],[-5.25572,39.68222],[-5.25122,39.71131],[-5.23998,39.721],[-5.25347,39.75331],[-5.21524,39.79047],[-5.20624,39.79693],[-5.1815,39.79855],[-5.16801,39.80016],[-5.15901,39.75977],[-5.17475,39.75008],[-5.13877,39.71454],[-5.15226,39.69676],[-5.14776,39.66768],[-5.16126,39.64668],[-5.1725,39.63537],[-5.18375,39.66284],[-5.24448,39.67899],[-5.25122,39.66445],[-5.27821,39.65637],[-5.25122,39.62729],[-5.20174,39.59175],[-5.21524,39.58206],[-5.31645,39.54974],[-5.35468,39.51743],[-5.37942,39.47542],[-5.40191,39.53036]]]}},{"type":"Feature","properties":{"name":"La Acebeda","layer":"municipio"},"geometry":{"type":"MultiLineString","coordinates":[[[-3.67684,41.0862],[-3.6521,41.10721],[-3.64535,41.12175],[-3.63186,41.12013],[-3.60037,41.0959],[-3.60936,41.07651],[-3.61611,41.07005],[-3.62736,41.06843],[-3.67684,41.0862]]]}},{"type":"Feature","properties":{"name":"Ajalvir","layer":"municipio"},"geometry":{"type":"MultiLineString","coordinates":[[[-3.51265,40.53851],[-3.50141,40.55305],[-3.48117,40.56274],[-3.47892,40.54497],[-3.46092,40.5272],[-3.46092,40.51104],[-3.43618,40.50943],[-3.46767,40.49327],[-3.47892,40.49488],[-3.51265,40.53851]]]}},{"type":"Feature","properties":{"name":"Alameda del Valle","layer":"municipio"},"geometry":{"type":"MultiLineString","coordinates":[[[-3.8995,40.95857],[-3.89051,40.96826],[-3.88151,40.97311],[-3.85452,40.94888],[-3.80954,40.88748],[-3.81853,40.86002],[-3.83878,40.87779],[-3.84327,40.9101],[-3.88151,40.93595],[-3.8995,40.95857]]]}},{"type":"Feature","properties":{"name":"El \u00c1lamo","layer":"municipio"},"geometry":{"type":"MultiLineString","coordinates":[[[-4.0232,40.24931],[-4.00296,40.25577],[-3.97597,40.25254],[-3.96922,40.23638],[-3.94673,40.22507],[-3.95348,40.21215],[-3.99172,40.20892],[-4.02545,40.23638],[-4.0232,40.24931]]]}},{"type":"Feature","properties":{"name":"Alcal\u00e1 de Henares","layer":"municipio"},"geometry":{"type":"MultiLineString","coordinates":[[[-3.44743,40.44642],[-3.42494,40.47227],[-3.42944,40.51104],[-3.43393,40.54335],[-3.41594,40.54497],[-3.41144,40.53043],[-3.39345,40.52397],[-3.35072,40.53204],[-3.32373,40.52073],[-3.28999,40.53204],[-3.28549,40.5175],[-3.30798,40.50296],[-3.29899,40.49488],[-3.28774,40.48681],[-3.32148,40.47227],[-3.35746,40.44803],[-3.3912,40.45934],[-3.40919,40.45288],[-3.42719,40.45288],[-3.44743,40.44642]]]}},{"type":"Feature","properties":{"name":"Alcobendas","layer":"municipio"},"geometry":{"type":"MultiLineString","coordinates":[[[-3.67459,40.58859],[-3.65435,40.55466],[-3.62511,40.54012],[-3.55314,40.53204],[-3.55314,40.51104],[-3.57113,40.51266],[-3.59362,40.50135],[-3.61611,40.51104],[-3.65885,40.51104],[-3.69033,40.5692],[-3.69933,40.5789],[-3.67459,40.58859]]]}},{"type":"Feature","properties":{"name":"Alcorc\u00f3n","layer":"municipio"},"geometry":{"type":"MultiLineString","coordinates":[[[-3.87026,40.35271],[-3.87926,40.37048],[-3.86801,40.37694],[-3.83878,40.40279],[-3.83428,40.39633],[-3.80954,40.36402],[-3.78705,40.35917],[-3.81853,40.32847],[-3.84327,40.32363],[-3.87026,40.35271]]]}},{"type":"Feature","properties":{"name":"Aldea del Fresno","layer":"municipio"},"geometry":{"type":"MultiLineString","coordinates":[[[-4.29535,40.32201],[-4.26836,40.33171],[-4.23687,40.32686],[-4.23237,40.33332],[-4.20763,40.34948],[-4.18739,40.33817],[-4.1694,40.31878],[-4.17165,40.28808],[-4.19189,40.29778],[-4.20313,40.28808],[-4.20313,40.2687],[-4.22562,40.27031],[-4.23237,40.27677],[-4.25486,40.28808],[-4.29535,40.32201]]]}},{"type":"Feature","properties":{"name":"Algete","layer":"municipio"},"geometry":{"type":"MultiLineString","coordinates":[[[-3.59362,40.65483],[-3.58462,40.64514],[-3.55988,40.64998],[-3.55988,40.61283],[-3.5284,40.61283],[-3.49016,40.62575],[-3.47667,40.60475],[-3.45418,40.60798],[-3.46542,40.59505],[-3.49016,40.58536],[-3.53964,40.58213],[-3.55764,40.58536],[-3.57788,40.60798],[-3.58462,40.62737],[-3.59137,40.64837],[-3.59362,40.65483]]]}},{"type":"Feature","properties":{"name":"Alpedrete","layer":"municipio"},"geometry":{"type":"MultiLineString","coordinates":[[[-4.04569,40.66291],[-4.01421,40.6823],[-3.99621,40.68068],[-4.02545,40.63221],[-4.04569,40.66291]]]}},{"type":"Feature","properties":{"name":"Ambite","layer":"municipio"},"geometry":{"type":"MultiLineString","coordinates":[[[-3.21577,40.31232],[-3.20452,40.3204],[-3.20452,40.34463],[-3.17753,40.36079],[-3.17753,40.37371],[-3.15054,40.37371],[-3.1438,40.35756],[-3.15054,40.33494],[-3.17978,40.31393],[-3.18203,40.30424],[-3.21577,40.31232]]]}},{"type":"Feature","properties":{"name":"Anchuelo","layer":"municipio"},"geometry":{"type":"MultiLineString","coordinates":[[[-3.32148,40.47227],[-3.28774,40.48681],[-3.29899,40.49488],[-3.2585,40.48358],[-3.23601,40.4448],[-3.2675,40.43995],[-3.32148,40.47227]]]}},{"type":"Feature","properties":{"name":"Aranjuez","layer":"municipio"},"geometry":{"type":"MultiLineString","coordinates":[[[-3.87476,39.91003],[-3.86576,39.93103],[-3.82303,39.94719],[-3.80954,39.95365],[-3.78705,39.94396],[-3.78705,39.95365],[-3.75781,39.96819],[-3.73532,39.96173],[-3.74656,39.9795],[-3.71507,40.00373],[-3.69933,40.01989],[-3.67909,40.01666],[-3.66784,40.02797],[-3.6521,40.0312],[-3.6386,40.05059],[-3.62286,40.05382],[-3.60936,40.08128],[-3.60712,40.10875],[-3.58462,40.12814],[-3.55764,40.12491],[-3.58013,40.09906],[-3.59362,40.06674],[-3.58687,40.05867],[-3.53514,40.06836],[-3.53289,40.0522],[-3.5149,40.04412],[-3.51715,40.03605],[-3.5194,40.02151],[-3.55089,40.01827],[-3.58912,40.01343],[-3.59362,40.00212],[-3.61611,39.99404],[-3.6386,39.98758],[-3.62961,39.96819],[-3.66559,39.96334],[-3.69708,39.94719],[-3.71058,39.95526],[-3.74431,39.94072],[-3.76006,39.91972],[-3.77805,39.91164],[-3.80504,39.88418],[-3.81403,39.88579],[-3.83428,39.90033],[-3.87476,39.91003]]]}},{"type":"Feature","properties":{"name":"Belmonte de Tajo","layer":"municipio"},"geometry":{"type":"MultiLineString","coordinates":[[[-3.37771,40.13298],[-3.33947,40.15076],[-3.32148,40.17822],[-3.29674,40.13137],[-3.30798,40.13137],[-3.34847,40.09744],[-3.34397,40.11037],[-3.37771,40.13298]]]}},{"type":"Feature","properties":{"name":"Berzosa del Lozoya","layer":"municipio"},"geometry":{"type":"MultiLineString","coordinates":[[[-3.56213,40.95695],[-3.55089,40.97796],[-3.49691,40.99411],[-3.49241,40.97796],[-3.5104,40.96503],[-3.54414,40.95534],[-3.56213,40.95695]]]}},{"type":"Feature","properties":{"name":"El Berrueco","layer":"municipio"},"geometry":{"type":"MultiLineString","coordinates":[[[-3.60037,40.8891],[-3.60262,40.89394],[-3.56888,40.90364],[-3.54414,40.90525],[-3.51715,40.90525],[-3.51265,40.89556],[-3.5239,40.87617],[-3.53739,40.86325],[-3.57113,40.85032],[-3.60037,40.8891]]]}},{"type":"Feature","properties":{"name":"Cabanillas de la Sierra","layer":"municipio"},"geometry":{"type":"MultiLineString","coordinates":[[[-3.65885,40.80508],[-3.6521,40.83417],[-3.6431,40.85194],[-3.61611,40.84063],[-3.61386,40.80993],[-3.63411,40.80993],[-3.64985,40.80185],[-3.65885,40.80508]]]}},{"type":"Feature","properties":{"name":"La Cabrera","layer":"municipio"},"geometry":{"type":"MultiLineString","coordinates":[[[-3.64985,40.8794],[-3.60037,40.8891],[-3.57113,40.85032],[-3.60487,40.84224],[-3.61611,40.84063],[-3.6431,40.85194],[-3.64985,40.8794]]]}},{"type":"Feature","properties":{"name":"Cadalso de los Vidrios","layer":"municipio"},"geometry":{"type":"MultiLineString","coordinates":[[[-4.49327,40.27839],[-4.50676,40.28324],[-4.46628,40.30909],[-4.47303,40.3204],[-4.45503,40.31878],[-4.45279,40.33332],[-4.41905,40.33171],[-4.38081,40.31878],[-4.38306,40.2897],[-4.43479,40.259],[-4.44829,40.27193],[-4.47753,40.28324],[-4.49327,40.27839]]]}},{"type":"Feature","properties":{"name":"Casarrubuelos","layer":"municipio"},"geometry":{"type":"MultiLineString","coordinates":[[[-3.85452,40.17984],[-3.80729,40.17661],[-3.84102,40.16207],[-3.85452,40.17984]]]}},{"type":"Feature","properties":{"name":"Cenicientos","layer":"municipio"},"geometry":{"type":"MultiLineString","coordinates":[[[-4.57874,40.217],[-4.56524,40.21861],[-4.55849,40.23477],[-4.56974,40.25739],[-4.55625,40.26547],[-4.51801,40.27031],[-4.49327,40.27839],[-4.47753,40.28324],[-4.44829,40.27193],[-4.43479,40.259],[-4.43704,40.23638],[-4.47303,40.23154],[-4.49777,40.22184],[-4.51801,40.21538],[-4.52251,40.20246],[-4.5495,40.20084],[-4.57424,40.2073],[-4.57874,40.217]]]}},{"type":"Feature","properties":{"name":"Valdaracete","layer":"municipio"},"geometry":{"type":"MultiLineString","coordinates":[[[-3.26975,40.21538],[-3.23601,40.21377],[-3.21802,40.238],[-3.19553,40.24769],[-3.17304,40.23477],[-3.15054,40.22346],[-3.16179,40.21053],[-3.15279,40.19438],[-3.15054,40.16207],[-3.15954,40.1556],[-3.19778,40.1556],[-3.21802,40.16368],[-3.22252,40.18468],[-3.24726,40.18307],[-3.26975,40.20084],[-3.26975,40.21538]]]}},{"type":"Feature","properties":{"name":"Corpa","layer":"municipio"},"geometry":{"type":"MultiLineString","coordinates":[[[-3.28774,40.41895],[-3.2675,40.43995],[-3.23601,40.4448],[-3.21127,40.43511],[-3.22027,40.40279],[-3.25625,40.3931],[-3.27874,40.39472],[-3.28774,40.41895]]]}},{"type":"Feature","properties":{"name":"Arganda del Rey","layer":"municipio"},"geometry":{"type":"MultiLineString","coordinates":[[[-3.5194,40.29455],[-3.50591,40.30747],[-3.5104,40.31878],[-3.46992,40.31878],[-3.47217,40.33817],[-3.45418,40.34302],[-3.42719,40.34948],[-3.42944,40.31717],[-3.37995,40.29778],[-3.38445,40.28162],[-3.36871,40.26547],[-3.3957,40.24769],[-3.42269,40.25416],[-3.48341,40.25739],[-3.5194,40.29455]]]}},{"type":"Feature","properties":{"name":"Arroyomolinos","layer":"municipio"},"geometry":{"type":"MultiLineString","coordinates":[[[-3.94448,40.26223],[-3.94223,40.29132],[-3.94223,40.29293],[-3.94223,40.29778],[-3.90175,40.30424],[-3.87701,40.28808],[-3.904,40.26062],[-3.94448,40.26223]]]}},{"type":"Feature","properties":{"name":"El Atazar","layer":"municipio"},"geometry":{"type":"MultiLineString","coordinates":[[[-3.50366,40.92464],[-3.48341,40.96342],[-3.42269,40.96665],[-3.45193,40.91333],[-3.49691,40.9101],[-3.50366,40.92464]]]}},{"type":"Feature","properties":{"name":"Batres","layer":"municipio"},"geometry":{"type":"MultiLineString","coordinates":[[[-3.95573,40.19922],[-3.95348,40.21215],[-3.94673,40.22507],[-3.95123,40.25092],[-3.93774,40.24931],[-3.904,40.23477],[-3.895,40.21053],[-3.89725,40.19599],[-3.92649,40.20084],[-3.93774,40.20246],[-3.95123,40.19599],[-3.95573,40.19922]]]}},{"type":"Feature","properties":{"name":"Valdemanco","layer":"municipio"},"geometry":{"type":"MultiLineString","coordinates":[[[-3.69483,40.88102],[-3.67459,40.89233],[-3.64985,40.8794],[-3.6431,40.85194],[-3.6521,40.83417],[-3.67009,40.83417],[-3.68359,40.86971],[-3.69483,40.88102]]]}},{"type":"Feature","properties":{"name":"Valdemaqueda","layer":"municipio"},"geometry":{"type":"MultiLineString","coordinates":[[[-4.33808,40.43187],[-4.32459,40.45934],[-4.31784,40.45773],[-4.32683,40.50943],[-4.32234,40.5175],[-4.32459,40.54658],[-4.2886,40.56436],[-4.27061,40.56113],[-4.25711,40.54658],[-4.26161,40.53043],[-4.26386,40.51266],[-4.2841,40.50296],[-4.2931,40.44642],[-4.33808,40.43187]]]}},{"type":"Feature","properties":{"name":"Valdemorillo","layer":"municipio"},"geometry":{"type":"MultiLineString","coordinates":[[[-4.12891,40.52235],[-4.11767,40.54335],[-4.07943,40.56759],[-4.04794,40.57082],[-4.05244,40.53689],[-4.0277,40.5272],[-4.01871,40.4965],[-4.00071,40.48519],[-3.99396,40.47227],[-4.01421,40.47065],[-4.0412,40.44803],[-4.07943,40.44157],[-4.11767,40.49004],[-4.12891,40.52235]]]}},{"type":"Feature","properties":{"name":"Valdemoro","layer":"municipio"},"geometry":{"type":"MultiLineString","coordinates":[[[-3.71732,40.14591],[-3.69933,40.16045],[-3.70833,40.17822],[-3.69933,40.19922],[-3.67684,40.22023],[-3.6431,40.22992],[-3.59137,40.19599],[-3.60262,40.16207],[-3.63635,40.17822],[-3.6386,40.1653],[-3.66784,40.14268],[-3.68359,40.13298],[-3.71282,40.14106],[-3.71732,40.14591]]]}},{"type":"Feature","properties":{"name":"Valdeolmos-Alalpardo","layer":"municipio"},"geometry":{"type":"MultiLineString","coordinates":[[[-3.49016,40.62575],[-3.48341,40.66776],[-3.48341,40.67099],[-3.46542,40.66614],[-3.43393,40.64514],[-3.42044,40.64514],[-3.44293,40.61767],[-3.45418,40.60798],[-3.47667,40.60475],[-3.49016,40.62575]]]}},{"type":"Feature","properties":{"name":"Becerril de la Sierra","layer":"municipio"},"geometry":{"type":"MultiLineString","coordinates":[[[-3.91974,40.64837],[-3.92874,40.65645],[-3.91974,40.64837]],[[-3.87476,40.65806],[-3.87476,40.68068],[-3.83878,40.68714],[-3.82978,40.68068],[-3.83203,40.67745],[-3.84102,40.66614],[-3.85452,40.66291],[-3.86576,40.64514],[-3.87926,40.6516],[-3.87476,40.65806]],[[-3.91525,40.67583],[-3.9085,40.67745],[-3.90625,40.6726],[-3.91974,40.6726],[-3.91525,40.67583]],[[-3.90625,40.6823],[-3.904,40.68068],[-3.91525,40.67583],[-3.90625,40.6823]],[[-3.96922,40.76631],[-3.96023,40.75985],[-3.96023,40.734],[-3.95123,40.72269],[-3.94898,40.71623],[-3.96023,40.70653],[-3.98047,40.70653],[-3.99846,40.69038],[-4.00521,40.70976],[-3.98722,40.73238],[-3.98272,40.755],[-3.96922,40.76631]]]}},{"type":"Feature","properties":{"name":"Valdilecha","layer":"municipio"},"geometry":{"type":"MultiLineString","coordinates":[[[-3.34847,40.27354],[-3.33272,40.31555],[-3.31248,40.32847],[-3.28774,40.33332],[-3.25175,40.30424],[-3.2675,40.29455],[-3.28549,40.26223],[-3.33497,40.26385],[-3.34847,40.27354]]]}},{"type":"Feature","properties":{"name":"Boadilla del Monte","layer":"municipio"},"geometry":{"type":"MultiLineString","coordinates":[[[-3.94898,40.4141],[-3.94448,40.45449],[-3.92424,40.44157],[-3.8995,40.45611],[-3.86352,40.4448],[-3.83878,40.40279],[-3.86801,40.37694],[-3.89051,40.39795],[-3.93774,40.41572],[-3.94898,40.4141]]]}},{"type":"Feature","properties":{"name":"El Boalo","layer":"municipio"},"geometry":{"type":"MultiLineString","coordinates":[[[-3.91974,40.6726],[-3.90625,40.6726],[-3.9085,40.67745],[-3.91525,40.67583],[-3.904,40.68068],[-3.87476,40.68068],[-3.87476,40.65806],[-3.8995,40.66937],[-3.90625,40.65322],[-3.91974,40.64837],[-3.92874,40.65645],[-3.91974,40.6726]],[[-3.83203,40.67745],[-3.84102,40.66614],[-3.83203,40.67745]],[[-3.913,40.68714],[-3.92424,40.67745],[-3.94898,40.69038],[-3.93999,40.71299],[-3.93324,40.72592],[-3.95123,40.72269],[-3.96023,40.734],[-3.96023,40.75985],[-3.96922,40.76631],[-3.95123,40.76308],[-3.90625,40.73884],[-3.89275,40.70492],[-3.913,40.68714]]]}},{"type":"Feature","properties":{"name":"Braojos","layer":"municipio"},"geometry":{"type":"MultiLineString","coordinates":[[[-3.70608,41.07651],[-3.68808,41.08459],[-3.67684,41.0862],[-3.62736,41.06843],[-3.62286,41.05066],[-3.63635,41.02966],[-3.67234,41.04258],[-3.70608,41.07651]]]}},{"type":"Feature","properties":{"name":"Cubas de la Sagra","layer":"municipio"},"geometry":{"type":"MultiLineString","coordinates":[[[-3.87701,40.19115],[-3.86801,40.20084],[-3.82078,40.20569],[-3.80729,40.17661],[-3.85452,40.17984],[-3.87701,40.19115]]]}},{"type":"Feature","properties":{"name":"Chapiner\u00eda","layer":"municipio"},"geometry":{"type":"MultiLineString","coordinates":[[[-4.23462,40.3931],[-4.21663,40.40441],[-4.17839,40.39956],[-4.19414,40.39148],[-4.18739,40.38017],[-4.19863,40.36725],[-4.18289,40.34786],[-4.18739,40.33817],[-4.20763,40.34948],[-4.23237,40.33332],[-4.23687,40.36402],[-4.22787,40.38825],[-4.23462,40.3931]]]}},{"type":"Feature","properties":{"name":"Chinch\u00f3n","layer":"municipio"},"geometry":{"type":"MultiLineString","coordinates":[[[-3.58013,40.09906],[-3.55764,40.12491],[-3.55089,40.14268],[-3.53514,40.14914],[-3.54639,40.16853],[-3.56213,40.17176],[-3.54189,40.18145],[-3.55988,40.18953],[-3.5239,40.19761],[-3.49916,40.217],[-3.46317,40.21377],[-3.45418,40.20246],[-3.42269,40.19761],[-3.40919,40.1863],[-3.38445,40.1346],[-3.41369,40.12006],[-3.45193,40.11844],[-3.48341,40.13783],[-3.52165,40.13622],[-3.54864,40.10229],[-3.58013,40.09906]]]}},{"type":"Feature","properties":{"name":"Brea de Tajo","layer":"municipio"},"geometry":{"type":"MultiLineString","coordinates":[[[-3.17304,40.23477],[-3.15279,40.26385],[-3.11231,40.28485],[-3.11006,40.28485],[-3.08757,40.24608],[-3.07857,40.20892],[-3.08757,40.20084],[-3.10781,40.20246],[-3.15054,40.22346],[-3.17304,40.23477]]]}},{"type":"Feature","properties":{"name":"Brunete","layer":"municipio"},"geometry":{"type":"MultiLineString","coordinates":[[[-4.04569,40.38825],[-4.02545,40.42864],[-4.01421,40.43511],[-3.98047,40.43672],[-3.96922,40.41733],[-3.94673,40.40764],[-3.94898,40.36887],[-3.98047,40.37048],[-4.00521,40.35917],[-4.03445,40.37856],[-4.04569,40.38825]]]}},{"type":"Feature","properties":{"name":"Buitrago del Lozoya","layer":"municipio"},"geometry":{"type":"MultiLineString","coordinates":[[[-3.66559,40.99573],[-3.65435,41.00704],[-3.63635,41.00219],[-3.63411,41.02158],[-3.61836,41.0135],[-3.58013,40.99088],[-3.62961,40.9618],[-3.64535,40.95372],[-3.6566,40.97634],[-3.66559,40.99573]]]}},{"type":"Feature","properties":{"name":"Bustarviejo","layer":"municipio"},"geometry":{"type":"MultiLineString","coordinates":[[[-3.78929,40.84709],[-3.77355,40.86648],[-3.73981,40.87456],[-3.72182,40.87133],[-3.69483,40.88102],[-3.68359,40.86971],[-3.67009,40.83417],[-3.70158,40.82447],[-3.70158,40.80024],[-3.72182,40.79701],[-3.77355,40.82609],[-3.78929,40.84709]]]}},{"type":"Feature","properties":{"name":"Daganzo de Arriba","layer":"municipio"},"geometry":{"type":"MultiLineString","coordinates":[[[-3.48117,40.56274],[-3.46542,40.59505],[-3.45418,40.60798],[-3.44293,40.61767],[-3.44293,40.59505],[-3.3957,40.57405],[-3.4002,40.55789],[-3.41594,40.54497],[-3.43393,40.54335],[-3.42944,40.51104],[-3.43618,40.50943],[-3.46092,40.51104],[-3.46092,40.5272],[-3.47892,40.54497],[-3.48117,40.56274]]]}},{"type":"Feature","properties":{"name":"El Escorial","layer":"municipio"},"geometry":{"type":"MultiLineString","coordinates":[[[-4.1604,40.56274],[-4.14016,40.57567],[-4.13116,40.59828],[-4.09293,40.6306],[-4.05694,40.63706],[-4.0322,40.6306],[-4.0412,40.61283],[-4.03445,40.59828],[-4.04345,40.58374],[-4.04794,40.57082],[-4.07943,40.56759],[-4.11767,40.54335],[-4.12891,40.52235],[-4.13341,40.51912],[-4.15365,40.53204],[-4.14915,40.55466],[-4.1604,40.56274]]]}},{"type":"Feature","properties":{"name":"Estremera","layer":"municipio"},"geometry":{"type":"MultiLineString","coordinates":[[[-3.15054,40.22346],[-3.10781,40.20246],[-3.08757,40.20084],[-3.07857,40.16691],[-3.06733,40.15722],[-3.08982,40.16368],[-3.09657,40.14268],[-3.07857,40.13622],[-3.05383,40.09906],[-3.09432,40.06836],[-3.11906,40.0619],[-3.10781,40.09582],[-3.12355,40.10875],[-3.15054,40.16207],[-3.15279,40.19438],[-3.16179,40.21053],[-3.15054,40.22346]]]}},{"type":"Feature","properties":{"name":"Fresnedillas de la Oliva","layer":"municipio"},"geometry":{"type":"MultiLineString","coordinates":[[[-4.21438,40.44803],[-4.21888,40.45773],[-4.20763,40.49812],[-4.17839,40.50781],[-4.14016,40.50619],[-4.16265,40.46742],[-4.17389,40.46096],[-4.1694,40.43672],[-4.20088,40.45449],[-4.21438,40.44803]]]}},{"type":"Feature","properties":{"name":"Camarma de Esteruelas","layer":"municipio"},"geometry":{"type":"MultiLineString","coordinates":[[[-3.41594,40.54497],[-3.4002,40.55789],[-3.3957,40.57405],[-3.3822,40.58536],[-3.3822,40.60798],[-3.33947,40.59667],[-3.34172,40.5789],[-3.36421,40.56113],[-3.35072,40.53204],[-3.39345,40.52397],[-3.41144,40.53043],[-3.41594,40.54497]]]}},{"type":"Feature","properties":{"name":"Fresno de Torote","layer":"municipio"},"geometry":{"type":"MultiLineString","coordinates":[[[-3.44293,40.61767],[-3.42044,40.64514],[-3.3822,40.6306],[-3.37096,40.62575],[-3.3822,40.60798],[-3.3822,40.58536],[-3.3957,40.57405],[-3.44293,40.59505],[-3.44293,40.61767]]]}},{"type":"Feature","properties":{"name":"Fuenlabrada","layer":"municipio"},"geometry":{"type":"MultiLineString","coordinates":[[[-3.84327,40.32363],[-3.81853,40.32847],[-3.81179,40.30424],[-3.76231,40.29455],[-3.75556,40.27677],[-3.73981,40.27031],[-3.74206,40.25416],[-3.80054,40.25092],[-3.81179,40.27677],[-3.83878,40.27677],[-3.84102,40.28647],[-3.84327,40.32363]]]}},{"type":"Feature","properties":{"name":"Campo Real","layer":"municipio"},"geometry":{"type":"MultiLineString","coordinates":[[[-3.42719,40.34948],[-3.37546,40.36402],[-3.35521,40.3624],[-3.31248,40.32847],[-3.33272,40.31555],[-3.34847,40.27354],[-3.36871,40.26547],[-3.38445,40.28162],[-3.37995,40.29778],[-3.42944,40.31717],[-3.42719,40.34948]]]}},{"type":"Feature","properties":{"name":"Canencia","layer":"municipio"},"geometry":{"type":"MultiLineString","coordinates":[[[-3.81853,40.86002],[-3.80954,40.88748],[-3.78705,40.91333],[-3.73756,40.94241],[-3.72632,40.93434],[-3.71507,40.89556],[-3.69483,40.88102],[-3.72182,40.87133],[-3.73981,40.87456],[-3.77355,40.86648],[-3.78929,40.84709],[-3.79829,40.84871],[-3.81853,40.86002]]]}},{"type":"Feature","properties":{"name":"Caraba\u00f1a","layer":"municipio"},"geometry":{"type":"MultiLineString","coordinates":[[[-3.28549,40.26223],[-3.2675,40.29455],[-3.25175,40.30424],[-3.19778,40.25739],[-3.19553,40.24769],[-3.21802,40.238],[-3.23601,40.21377],[-3.26975,40.21538],[-3.28549,40.26223]]]}},{"type":"Feature","properties":{"name":"Orusco de Taju\u00f1a","layer":"municipio"},"geometry":{"type":"MultiLineString","coordinates":[[[-3.25175,40.30424],[-3.21577,40.31232],[-3.18203,40.30424],[-3.17978,40.30101],[-3.18428,40.27031],[-3.19778,40.25739],[-3.25175,40.30424]]]}},{"type":"Feature","properties":{"name":"Cercedilla","layer":"municipio"},"geometry":{"type":"MultiLineString","coordinates":[[[-4.09742,40.74854],[-4.09742,40.76469],[-4.07043,40.79378],[-4.02095,40.78085],[-4.02995,40.76146],[-4.03445,40.74854],[-4.0412,40.71946],[-4.05019,40.71461],[-4.05919,40.71461],[-4.09742,40.74854]]]}},{"type":"Feature","properties":{"name":"Cervera de Buitrago","layer":"municipio"},"geometry":{"type":"MultiLineString","coordinates":[[[-3.54864,40.92141],[-3.53514,40.93434],[-3.50366,40.92464],[-3.49691,40.9101],[-3.51715,40.90525],[-3.54414,40.90525],[-3.54864,40.92141]]]}},{"type":"Feature","properties":{"name":"Ciempozuelos","layer":"municipio"},"geometry":{"type":"MultiLineString","coordinates":[[[-3.66784,40.14268],[-3.6386,40.1653],[-3.63635,40.17822],[-3.60262,40.16207],[-3.59137,40.19599],[-3.55988,40.18953],[-3.54189,40.18145],[-3.56213,40.17176],[-3.56663,40.14914],[-3.58462,40.12814],[-3.60712,40.10875],[-3.6566,40.12491],[-3.66784,40.14268]]]}},{"type":"Feature","properties":{"name":"Cobe\u00f1a","layer":"municipio"},"geometry":{"type":"MultiLineString","coordinates":[[[-3.54414,40.5692],[-3.53964,40.58213],[-3.49016,40.58536],[-3.46542,40.59505],[-3.48117,40.56274],[-3.50141,40.55305],[-3.51265,40.53851],[-3.55089,40.56436],[-3.54414,40.5692]]]}},{"type":"Feature","properties":{"name":"Colmenar del Arroyo","layer":"municipio"},"geometry":{"type":"MultiLineString","coordinates":[[[-4.25261,40.40602],[-4.23687,40.43187],[-4.21438,40.44803],[-4.20088,40.45449],[-4.1694,40.43672],[-4.1559,40.40926],[-4.1649,40.39472],[-4.1469,40.36402],[-4.1514,40.35594],[-4.18289,40.34786],[-4.19863,40.36725],[-4.18739,40.38017],[-4.19414,40.39148],[-4.17839,40.39956],[-4.21663,40.40441],[-4.23462,40.3931],[-4.25261,40.40602]]]}},{"type":"Feature","properties":{"name":"Colmenar de Oreja","layer":"municipio"},"geometry":{"type":"MultiLineString","coordinates":[[[-3.58013,40.09906],[-3.54864,40.10229],[-3.50366,40.08452],[-3.47892,40.08936],[-3.45193,40.11844],[-3.41369,40.12006],[-3.38445,40.1346],[-3.37771,40.13298],[-3.34397,40.11037],[-3.34847,40.09744],[-3.34397,40.07967],[-3.37771,40.07482],[-3.37771,40.05059],[-3.3957,40.03605],[-3.42494,40.04736],[-3.44743,40.03928],[-3.44968,40.04897],[-3.47217,40.04251],[-3.51265,40.04412],[-3.5149,40.04412],[-3.53289,40.0522],[-3.53514,40.06836],[-3.58687,40.05867],[-3.59362,40.06674],[-3.58013,40.09906]]]}},{"type":"Feature","properties":{"name":"Colmenarejo","layer":"municipio"},"geometry":{"type":"MultiLineString","coordinates":[[[-4.04794,40.57082],[-4.04345,40.58374],[-4.0322,40.58374],[-4.00521,40.56113],[-3.98497,40.51589],[-4.00071,40.48519],[-4.01871,40.4965],[-4.0277,40.5272],[-4.05244,40.53689],[-4.04794,40.57082]]]}},{"type":"Feature","properties":{"name":"Colmenar Viejo","layer":"municipio"},"geometry":{"type":"MultiLineString","coordinates":[[[-3.86576,40.64514],[-3.85452,40.66291],[-3.84102,40.66614],[-3.83203,40.67745],[-3.82978,40.68068],[-3.81853,40.70007],[-3.80054,40.71138],[-3.78255,40.70492],[-3.73307,40.73077],[-3.71058,40.72915],[-3.67684,40.72915],[-3.67684,40.72269],[-3.68134,40.70815],[-3.64085,40.68876],[-3.64085,40.67099],[-3.6521,40.64837],[-3.6386,40.63868],[-3.61161,40.64998],[-3.59137,40.64837],[-3.58462,40.62737],[-3.61161,40.62898],[-3.62511,40.61606],[-3.6386,40.63868],[-3.6566,40.64352],[-3.66784,40.62898],[-3.71732,40.64514],[-3.74206,40.62898],[-3.73981,40.61121],[-3.78929,40.61929],[-3.80954,40.60959],[-3.80504,40.5999],[-3.84327,40.59182],[-3.84552,40.61283],[-3.86576,40.64514]]]}},{"type":"Feature","properties":{"name":"Paracuellos de Jarama","layer":"municipio"},"geometry":{"type":"MultiLineString","coordinates":[[[-3.55314,40.51104],[-3.55314,40.53204],[-3.56663,40.55628],[-3.55539,40.57567],[-3.54414,40.5692],[-3.55089,40.56436],[-3.51265,40.53851],[-3.47892,40.49488],[-3.47667,40.48842],[-3.49916,40.47227],[-3.53065,40.47065],[-3.55314,40.51104]]]}},{"type":"Feature","properties":{"name":"Parla","layer":"municipio"},"geometry":{"type":"MultiLineString","coordinates":[[[-3.80729,40.22992],[-3.80054,40.25092],[-3.74206,40.25416],[-3.73307,40.21053],[-3.74431,40.20084],[-3.7803,40.20892],[-3.80279,40.22023],[-3.80729,40.22992]]]}},{"type":"Feature","properties":{"name":"Patones","layer":"municipio"},"geometry":{"type":"MultiLineString","coordinates":[[[-3.5239,40.87617],[-3.51265,40.89556],[-3.51715,40.90525],[-3.49691,40.9101],[-3.45193,40.91333],[-3.45867,40.89718],[-3.44068,40.88102],[-3.47217,40.86486],[-3.46992,40.85194],[-3.50815,40.84548],[-3.5239,40.87617]]]}},{"type":"Feature","properties":{"name":"Pedrezuela","layer":"municipio"},"geometry":{"type":"MultiLineString","coordinates":[[[-3.67684,40.72269],[-3.67684,40.72915],[-3.60936,40.77923],[-3.59362,40.75015],[-3.59137,40.73077],[-3.60712,40.71461],[-3.65885,40.72592],[-3.67684,40.72269]]]}},{"type":"Feature","properties":{"name":"Pelayos de la Presa","layer":"municipio"},"geometry":{"type":"MultiLineString","coordinates":[[[-4.30434,40.36725],[-4.32234,40.34463],[-4.34483,40.35432],[-4.33583,40.37533],[-4.30434,40.36725]]]}},{"type":"Feature","properties":{"name":"Collado Mediano","layer":"municipio"},"geometry":{"type":"MultiLineString","coordinates":[[[-4.06144,40.70007],[-4.05019,40.71461],[-4.0412,40.71946],[-4.00521,40.70976],[-3.99846,40.69038],[-3.99621,40.68068],[-4.01421,40.6823],[-4.04569,40.66291],[-4.06144,40.70007]]]}},{"type":"Feature","properties":{"name":"Collado Villalba","layer":"municipio"},"geometry":{"type":"MultiLineString","coordinates":[[[-4.02995,40.6306],[-4.02545,40.63221],[-3.99621,40.68068],[-3.99396,40.66776],[-3.94898,40.65645],[-3.95798,40.63221],[-3.98047,40.6209],[-4.00521,40.61606],[-4.02995,40.6306]]]}},{"type":"Feature","properties":{"name":"Coslada","layer":"municipio"},"geometry":{"type":"MultiLineString","coordinates":[[[-3.53065,40.42057],[-3.53964,40.41087],[-3.58013,40.41733],[-3.58013,40.43349],[-3.53065,40.44642],[-3.53065,40.42057]]]}},{"type":"Feature","properties":{"name":"Fuente el Saz de Jarama","layer":"municipio"},"geometry":{"type":"MultiLineString","coordinates":[[[-3.55988,40.64998],[-3.55764,40.66129],[-3.52615,40.67099],[-3.48341,40.66776],[-3.49016,40.62575],[-3.5284,40.61283],[-3.55988,40.61283],[-3.55988,40.64998]]]}},{"type":"Feature","properties":{"name":"Fuentidue\u00f1a de Tajo","layer":"municipio"},"geometry":{"type":"MultiLineString","coordinates":[[[-3.20002,40.08613],[-3.20452,40.11521],[-3.19778,40.1556],[-3.15954,40.1556],[-3.15054,40.16207],[-3.12355,40.10875],[-3.10781,40.09582],[-3.11906,40.0619],[-3.16179,40.06513],[-3.16629,40.09098],[-3.18878,40.0829],[-3.20002,40.08613]]]}},{"type":"Feature","properties":{"name":"Galapagar","layer":"municipio"},"geometry":{"type":"MultiLineString","coordinates":[[[-4.04345,40.58374],[-4.03445,40.59828],[-4.0412,40.61283],[-4.0322,40.6306],[-4.02995,40.6306],[-4.00521,40.61606],[-3.98047,40.6209],[-3.95798,40.63221],[-3.95348,40.59667],[-3.96023,40.57728],[-3.94448,40.55143],[-3.93999,40.50781],[-3.96698,40.51912],[-3.98497,40.51589],[-4.00521,40.56113],[-4.0322,40.58374],[-4.04345,40.58374]]]}},{"type":"Feature","properties":{"name":"Garganta de los Montes","layer":"municipio"},"geometry":{"type":"MultiLineString","coordinates":[[[-3.72632,40.93434],[-3.68584,40.95534],[-3.66559,40.97796],[-3.6566,40.97634],[-3.64535,40.95372],[-3.67459,40.89233],[-3.69483,40.88102],[-3.71507,40.89556],[-3.72632,40.93434]]]}},{"type":"Feature","properties":{"name":"Gargantilla del Lozoya y Pinilla de Buitrago","layer":"municipio"},"geometry":{"type":"MultiLineString","coordinates":[[[-3.73756,40.97473],[-3.67909,40.9925],[-3.66559,40.99573],[-3.6566,40.97634],[-3.66559,40.97796],[-3.68584,40.95534],[-3.72632,40.93434],[-3.73756,40.94241],[-3.73756,40.97473]]]}},{"type":"Feature","properties":{"name":"Gascones","layer":"municipio"},"geometry":{"type":"MultiLineString","coordinates":[[[-3.72182,41.0652],[-3.71507,41.07166],[-3.70608,41.07651],[-3.67234,41.04258],[-3.63635,41.02966],[-3.63411,41.02158],[-3.63635,41.00219],[-3.65435,41.00704],[-3.66559,41.01027],[-3.72182,41.0652]]]}},{"type":"Feature","properties":{"name":"Getafe","layer":"municipio"},"geometry":{"type":"MultiLineString","coordinates":[[[-3.76231,40.29455],[-3.74206,40.32524],[-3.72407,40.33494],[-3.69258,40.3204],[-3.64985,40.33332],[-3.62961,40.3204],[-3.59812,40.31232],[-3.57563,40.31555],[-3.57113,40.28647],[-3.59587,40.28485],[-3.59587,40.27354],[-3.62286,40.26708],[-3.6386,40.29132],[-3.64985,40.29293],[-3.67459,40.27677],[-3.71058,40.26708],[-3.73981,40.27031],[-3.75556,40.27677],[-3.76231,40.29455]]]}},{"type":"Feature","properties":{"name":"Gri\u00f1\u00f3n","layer":"municipio"},"geometry":{"type":"MultiLineString","coordinates":[[[-3.88376,40.23154],[-3.86801,40.22507],[-3.85227,40.23638],[-3.84102,40.22992],[-3.80729,40.22992],[-3.80279,40.22023],[-3.82078,40.20569],[-3.86801,40.20084],[-3.88376,40.23154]]]}},{"type":"Feature","properties":{"name":"Guadalix de la Sierra","layer":"municipio"},"geometry":{"type":"MultiLineString","coordinates":[[[-3.72182,40.79701],[-3.70158,40.80024],[-3.65885,40.80508],[-3.64985,40.80185],[-3.62511,40.78247],[-3.60936,40.7857],[-3.60936,40.77923],[-3.67684,40.72915],[-3.71058,40.72915],[-3.74431,40.76631],[-3.72182,40.79701]]]}},{"type":"Feature","properties":{"name":"Guadarrama","layer":"municipio"},"geometry":{"type":"MultiLineString","coordinates":[[[-4.16715,40.64837],[-4.17165,40.68068],[-4.1604,40.69038],[-4.14466,40.69522],[-4.12666,40.7243],[-4.10867,40.70492],[-4.06144,40.70007],[-4.04569,40.66291],[-4.02545,40.63221],[-4.02995,40.6306],[-4.0322,40.6306],[-4.0367,40.64352],[-4.05919,40.65322],[-4.09518,40.64998],[-4.13116,40.65483],[-4.16715,40.64837]]]}},{"type":"Feature","properties":{"name":"La Hiruela","layer":"municipio"},"geometry":{"type":"MultiLineString","coordinates":[[[-3.48566,41.06359],[-3.47442,41.0959],[-3.44743,41.08136],[-3.42719,41.08297],[-3.42719,41.0652],[-3.43843,41.04258],[-3.46767,41.04743],[-3.48566,41.06359]]]}},{"type":"Feature","properties":{"name":"Horcajo de la Sierra-Aoslos","layer":"municipio"},"geometry":{"type":"MultiLineString","coordinates":[[[-3.60936,41.07651],[-3.60037,41.0959],[-3.56663,41.11367],[-3.56438,41.11367],[-3.55539,41.09105],[-3.56213,41.05874],[-3.58687,41.05712],[-3.58687,41.0442],[-3.60712,41.05712],[-3.60936,41.07651]]]}},{"type":"Feature","properties":{"name":"Horcajuelo de la Sierra","layer":"municipio"},"geometry":{"type":"MultiLineString","coordinates":[[[-3.56438,41.11367],[-3.54639,41.13467],[-3.52615,41.12821],[-3.5239,41.0862],[-3.54189,41.05066],[-3.55988,41.04904],[-3.56213,41.05874],[-3.55539,41.09105],[-3.56438,41.11367]]]}},{"type":"Feature","properties":{"name":"Valverde de Alcal\u00e1","layer":"municipio"},"geometry":{"type":"MultiLineString","coordinates":[[[-3.33047,40.4238],[-3.29674,40.42541],[-3.28774,40.41895],[-3.27874,40.39472],[-3.27425,40.38017],[-3.30573,40.38664],[-3.31248,40.40118],[-3.33047,40.4238]]]}},{"type":"Feature","properties":{"name":"Hoyo de Manzanares","layer":"municipio"},"geometry":{"type":"MultiLineString","coordinates":[[[-3.95348,40.59667],[-3.93999,40.6209],[-3.91974,40.63868],[-3.87926,40.6516],[-3.86576,40.64514],[-3.84552,40.61283],[-3.84327,40.59182],[-3.88376,40.58536],[-3.95348,40.59667]]]}},{"type":"Feature","properties":{"name":"Venturada","layer":"municipio"},"geometry":{"type":"MultiLineString","coordinates":[[[-3.64985,40.80185],[-3.63411,40.80993],[-3.61386,40.80993],[-3.59362,40.80185],[-3.59587,40.79054],[-3.60936,40.7857],[-3.62511,40.78247],[-3.64985,40.80185]]]}},{"type":"Feature","properties":{"name":"Humanes de Madrid","layer":"municipio"},"geometry":{"type":"MultiLineString","coordinates":[[[-3.85227,40.23638],[-3.85452,40.24769],[-3.83878,40.27677],[-3.81179,40.27677],[-3.80054,40.25092],[-3.80729,40.22992],[-3.84102,40.22992],[-3.85227,40.23638]]]}},{"type":"Feature","properties":{"name":"Los Baldios","layer":"municipio"},"geometry":{"type":"MultiLineString","coordinates":[[[-4.03445,40.74854],[-4.02995,40.76146],[-4.02095,40.76146],[-4.00746,40.78731],[-4.00296,40.78893],[-3.99621,40.77923],[-4.00746,40.75823],[-4.03445,40.74854]]]}},{"type":"Feature","properties":{"name":"El Redeg\u00fcelo","layer":"municipio"},"geometry":{"type":"MultiLineString","coordinates":[[[-3.92424,40.67745],[-3.913,40.68714],[-3.9085,40.68391],[-3.92424,40.67745]]]}},{"type":"Feature","properties":{"name":"Legan\u00e9s","layer":"municipio"},"geometry":{"type":"MultiLineString","coordinates":[[[-3.81853,40.32847],[-3.78705,40.35917],[-3.75781,40.35756],[-3.72182,40.36563],[-3.72407,40.33494],[-3.74206,40.32524],[-3.76231,40.29455],[-3.81179,40.30424],[-3.81853,40.32847]]]}},{"type":"Feature","properties":{"name":"Loeches","layer":"municipio"},"geometry":{"type":"MultiLineString","coordinates":[[[-3.46542,40.38825],[-3.44068,40.41249],[-3.42944,40.42703],[-3.41144,40.42541],[-3.37096,40.37533],[-3.35297,40.36725],[-3.35521,40.3624],[-3.37546,40.36402],[-3.42719,40.34948],[-3.45418,40.34302],[-3.45193,40.35756],[-3.46542,40.38825]]]}},{"type":"Feature","properties":{"name":"Lozoya","layer":"municipio"},"geometry":{"type":"MultiLineString","coordinates":[[[-3.84552,40.9828],[-3.82978,40.98604],[-3.80954,40.98765],[-3.7803,41.00058],[-3.7713,41.01189],[-3.73756,40.97473],[-3.73756,40.94241],[-3.78705,40.91333],[-3.82978,40.95049],[-3.84552,40.9828]]]}},{"type":"Feature","properties":{"name":"Madarcos","layer":"municipio"},"geometry":{"type":"MultiLineString","coordinates":[[[-3.58687,41.0442],[-3.58687,41.05712],[-3.56213,41.05874],[-3.55988,41.04904],[-3.55764,41.02966],[-3.57563,41.02481],[-3.58687,41.0442]]]}},{"type":"Feature","properties":{"name":"Madrid","layer":"municipio"},"geometry":{"type":"MultiLineString","coordinates":[[[-3.88601,40.57405],[-3.88376,40.58536],[-3.84327,40.59182],[-3.80504,40.5999],[-3.80954,40.60959],[-3.80279,40.59828],[-3.77805,40.60152],[-3.71957,40.58213],[-3.69708,40.59021],[-3.68808,40.60636],[-3.66784,40.61929],[-3.66784,40.62898],[-3.6566,40.64352],[-3.6386,40.63868],[-3.62511,40.61606],[-3.60262,40.59182],[-3.62511,40.57405],[-3.64985,40.57728],[-3.6566,40.58859],[-3.67459,40.58859],[-3.69933,40.5789],[-3.69033,40.5692],[-3.65885,40.51104],[-3.61611,40.51104],[-3.59362,40.50135],[-3.57113,40.51266],[-3.55314,40.51104],[-3.53065,40.47065],[-3.53065,40.44642],[-3.58013,40.43349],[-3.58013,40.41733],[-3.53964,40.41087],[-3.53065,40.42057],[-3.5194,40.40926],[-3.5194,40.39148],[-3.54189,40.3931],[-3.55314,40.35594],[-3.58238,40.32686],[-3.57563,40.31555],[-3.59812,40.31232],[-3.62961,40.3204],[-3.64985,40.33332],[-3.69258,40.3204],[-3.72407,40.33494],[-3.72182,40.36563],[-3.75781,40.35756],[-3.78705,40.35917],[-3.80954,40.36402],[-3.83428,40.39633],[-3.78255,40.39472],[-3.7803,40.41733],[-3.7713,40.4448],[-3.78929,40.44157],[-3.80504,40.46257],[-3.83428,40.46419],[-3.83653,40.4755],[-3.83653,40.50619],[-3.85227,40.50943],[-3.85452,40.52397],[-3.88601,40.57405]]]}},{"type":"Feature","properties":{"name":"Majadahonda","layer":"municipio"},"geometry":{"type":"MultiLineString","coordinates":[[[-3.94448,40.45449],[-3.93774,40.48519],[-3.93324,40.49973],[-3.91075,40.50135],[-3.87701,40.48358],[-3.83653,40.4755],[-3.83428,40.46419],[-3.84777,40.4448],[-3.86352,40.4448],[-3.8995,40.45611],[-3.92424,40.44157],[-3.94448,40.45449]]]}},{"type":"Feature","properties":{"name":"Manzanares el Real","layer":"municipio"},"geometry":{"type":"MultiLineString","coordinates":[[[-3.93999,40.71299],[-3.94898,40.71623],[-3.95123,40.72269],[-3.93324,40.72592],[-3.93999,40.71299]],[[-3.97822,40.78731],[-3.86127,40.81478],[-3.83878,40.81155],[-3.82978,40.79378],[-3.81853,40.73884],[-3.80054,40.71138],[-3.81853,40.70007],[-3.82978,40.68068],[-3.83878,40.68714],[-3.87476,40.68068],[-3.904,40.68068],[-3.90625,40.6823],[-3.9085,40.68391],[-3.913,40.68714],[-3.89275,40.70492],[-3.90625,40.73884],[-3.95123,40.76308],[-3.96922,40.76631],[-3.98047,40.78408],[-3.97822,40.78731]]]}},{"type":"Feature","properties":{"name":"Meco","layer":"municipio"},"geometry":{"type":"MultiLineString","coordinates":[[[-3.35072,40.53204],[-3.36421,40.56113],[-3.34172,40.5789],[-3.33947,40.59667],[-3.33047,40.60152],[-3.31698,40.58374],[-3.28774,40.57243],[-3.28324,40.55143],[-3.28999,40.53204],[-3.32373,40.52073],[-3.35072,40.53204]]]}},{"type":"Feature","properties":{"name":"Mejorada del Campo","layer":"municipio"},"geometry":{"type":"MultiLineString","coordinates":[[[-3.50366,40.40764],[-3.44968,40.42218],[-3.44068,40.41249],[-3.46542,40.38825],[-3.50141,40.37856],[-3.50366,40.40764]]]}},{"type":"Feature","properties":{"name":"Miraflores de la Sierra","layer":"municipio"},"geometry":{"type":"MultiLineString","coordinates":[[[-3.82978,40.81316],[-3.82978,40.83093],[-3.79829,40.84871],[-3.78929,40.84709],[-3.77355,40.82609],[-3.72182,40.79701],[-3.74431,40.76631],[-3.71058,40.72915],[-3.73307,40.73077],[-3.73981,40.74692],[-3.76006,40.76146],[-3.80729,40.776],[-3.82978,40.81316]]]}},{"type":"Feature","properties":{"name":"El Molar","layer":"municipio"},"geometry":{"type":"MultiLineString","coordinates":[[[-3.60712,40.71461],[-3.59137,40.73077],[-3.59362,40.75015],[-3.57338,40.74854],[-3.54414,40.73561],[-3.52615,40.73238],[-3.53289,40.70492],[-3.55089,40.69038],[-3.55764,40.66129],[-3.55988,40.64998],[-3.58462,40.64514],[-3.59362,40.65483],[-3.60487,40.68068],[-3.60712,40.71461]]]}},{"type":"Feature","properties":{"name":"Los Molinos","layer":"municipio"},"geometry":{"type":"MultiLineString","coordinates":[[[-4.12666,40.7243],[-4.11092,40.74369],[-4.09742,40.74854],[-4.05919,40.71461],[-4.05019,40.71461],[-4.06144,40.70007],[-4.10867,40.70492],[-4.12666,40.7243]]]}},{"type":"Feature","properties":{"name":"Montejo de la Sierra","layer":"municipio"},"geometry":{"type":"MultiLineString","coordinates":[[[-3.54639,41.13467],[-3.54189,41.14921],[-3.5104,41.1379],[-3.48791,41.10398],[-3.47442,41.0959],[-3.48566,41.06359],[-3.5239,41.04904],[-3.54189,41.05066],[-3.5239,41.0862],[-3.52615,41.12821],[-3.54639,41.13467]]]}},{"type":"Feature","properties":{"name":"Moraleja de Enmedio","layer":"municipio"},"geometry":{"type":"MultiLineString","coordinates":[[[-3.94448,40.26223],[-3.904,40.26062],[-3.87701,40.28808],[-3.84102,40.28647],[-3.83878,40.27677],[-3.85452,40.24769],[-3.85227,40.23638],[-3.86801,40.22507],[-3.88376,40.23154],[-3.904,40.23477],[-3.93774,40.24931],[-3.94448,40.26223]]]}},{"type":"Feature","properties":{"name":"Moralzarzal","layer":"municipio"},"geometry":{"type":"MultiLineString","coordinates":[[[-3.94898,40.71623],[-3.93999,40.71299],[-3.94898,40.69038],[-3.92424,40.67745],[-3.9085,40.68391],[-3.90625,40.6823],[-3.91525,40.67583],[-3.91974,40.6726],[-3.92874,40.65645],[-3.91974,40.64837],[-3.90625,40.65322],[-3.8995,40.66937],[-3.87476,40.65806],[-3.87926,40.6516],[-3.91974,40.63868],[-3.93999,40.6209],[-3.95348,40.59667],[-3.95798,40.63221],[-3.94898,40.65645],[-3.99396,40.66776],[-3.99621,40.68068],[-3.99846,40.69038],[-3.98047,40.70653],[-3.96023,40.70653],[-3.94898,40.71623]],[[-3.90625,40.6726],[-3.9085,40.67745],[-3.90625,40.6726]]]}},{"type":"Feature","properties":{"name":"Morata de Taju\u00f1a","layer":"municipio"},"geometry":{"type":"MultiLineString","coordinates":[[[-3.49916,40.217],[-3.50591,40.23962],[-3.48341,40.25739],[-3.42269,40.25416],[-3.4002,40.23962],[-3.39345,40.21861],[-3.42269,40.19761],[-3.45418,40.20246],[-3.46317,40.21377],[-3.49916,40.217]]]}},{"type":"Feature","properties":{"name":"M\u00f3stoles","layer":"municipio"},"geometry":{"type":"MultiLineString","coordinates":[[[-3.94223,40.29293],[-3.94223,40.29132],[-3.94223,40.29293]],[[-3.94223,40.29939],[-3.94448,40.32363],[-3.93549,40.33817],[-3.88151,40.35432],[-3.87026,40.35271],[-3.84327,40.32363],[-3.84102,40.28647],[-3.87701,40.28808],[-3.90175,40.30424],[-3.94223,40.29778],[-3.94223,40.29939]]]}},{"type":"Feature","properties":{"name":"Pozuelo de Alarc\u00f3n","layer":"municipio"},"geometry":{"type":"MultiLineString","coordinates":[[[-3.86352,40.4448],[-3.84777,40.4448],[-3.83428,40.46419],[-3.80504,40.46257],[-3.78929,40.44157],[-3.7713,40.4448],[-3.7803,40.41733],[-3.78255,40.39472],[-3.83428,40.39633],[-3.83878,40.40279],[-3.86352,40.4448]]]}},{"type":"Feature","properties":{"name":"Navacerrada","layer":"municipio"},"geometry":{"type":"MultiLineString","coordinates":[[[-4.03445,40.74854],[-4.00746,40.75823],[-3.99621,40.77923],[-4.00296,40.78893],[-3.98047,40.78408],[-3.96922,40.76631],[-3.98272,40.755],[-3.98722,40.73238],[-4.00521,40.70976],[-4.0412,40.71946],[-4.03445,40.74854]],[[-4.02095,40.78085],[-4.00746,40.78731],[-4.02095,40.76146],[-4.02995,40.76146],[-4.02095,40.78085]]]}},{"type":"Feature","properties":{"name":"Pozuelo del Rey","layer":"municipio"},"geometry":{"type":"MultiLineString","coordinates":[[[-3.35521,40.3624],[-3.35297,40.36725],[-3.31923,40.38341],[-3.31248,40.40118],[-3.30573,40.38664],[-3.27425,40.38017],[-3.26975,40.36079],[-3.27874,40.34625],[-3.28774,40.33332],[-3.31248,40.32847],[-3.35521,40.3624]]]}},{"type":"Feature","properties":{"name":"Pr\u00e1dena del Rinc\u00f3n","layer":"municipio"},"geometry":{"type":"MultiLineString","coordinates":[[[-3.55988,41.04904],[-3.54189,41.05066],[-3.5239,41.04904],[-3.48566,41.06359],[-3.46767,41.04743],[-3.47892,41.04258],[-3.49241,41.01189],[-3.51265,41.02158],[-3.55764,41.02966],[-3.55988,41.04904]]]}},{"type":"Feature","properties":{"name":"Puebla de la Sierra","layer":"municipio"},"geometry":{"type":"MultiLineString","coordinates":[[[-3.49691,40.99411],[-3.49241,41.01189],[-3.47892,41.04258],[-3.46767,41.04743],[-3.43843,41.04258],[-3.40694,41.01512],[-3.39345,41.00058],[-3.41819,40.98765],[-3.41819,40.97473],[-3.42269,40.96665],[-3.48341,40.96342],[-3.49241,40.97796],[-3.49691,40.99411]]]}},{"type":"Feature","properties":{"name":"Quijorna","layer":"municipio"},"geometry":{"type":"MultiLineString","coordinates":[[[-4.11317,40.40279],[-4.09742,40.41572],[-4.07043,40.4238],[-4.07943,40.44157],[-4.0412,40.44803],[-4.02545,40.42864],[-4.04569,40.38825],[-4.07493,40.39795],[-4.11317,40.40279]]]}},{"type":"Feature","properties":{"name":"Navalafuente","layer":"municipio"},"geometry":{"type":"MultiLineString","coordinates":[[[-3.70158,40.80024],[-3.70158,40.82447],[-3.67009,40.83417],[-3.6521,40.83417],[-3.65885,40.80508],[-3.70158,40.80024]]]}},{"type":"Feature","properties":{"name":"Navalagamella","layer":"municipio"},"geometry":{"type":"MultiLineString","coordinates":[[[-4.1694,40.43672],[-4.17389,40.46096],[-4.16265,40.46742],[-4.14016,40.50619],[-4.13341,40.51912],[-4.12891,40.52235],[-4.11767,40.49004],[-4.07943,40.44157],[-4.07043,40.4238],[-4.09742,40.41572],[-4.11317,40.40279],[-4.11092,40.38987],[-4.13566,40.37048],[-4.1469,40.36402],[-4.1649,40.39472],[-4.1559,40.40926],[-4.1694,40.43672]]]}},{"type":"Feature","properties":{"name":"Navalcarnero","layer":"municipio"},"geometry":{"type":"MultiLineString","coordinates":[[[-4.07943,40.26708],[-4.08618,40.29939],[-4.07043,40.33494],[-4.02545,40.33332],[-4.00746,40.33978],[-3.94223,40.29939],[-3.94223,40.29778],[-3.94223,40.29293],[-3.94223,40.29132],[-3.94448,40.26223],[-3.93774,40.24931],[-3.95123,40.25092],[-3.94673,40.22507],[-3.96922,40.23638],[-3.97597,40.25254],[-4.00296,40.25577],[-4.0232,40.24931],[-4.05244,40.25092],[-4.07943,40.26708]]]}},{"type":"Feature","properties":{"name":"Rascafr\u00eda","layer":"municipio"},"geometry":{"type":"MultiLineString","coordinates":[[[-3.97822,40.78731],[-3.98047,40.79862],[-3.96248,40.82286],[-3.96473,40.83417],[-3.94673,40.86325],[-3.94448,40.90364],[-3.93774,40.92787],[-3.91974,40.93757],[-3.904,40.95695],[-3.8995,40.95857],[-3.88151,40.93595],[-3.84327,40.9101],[-3.83878,40.87779],[-3.81853,40.86002],[-3.79829,40.84871],[-3.82978,40.83093],[-3.82978,40.81316],[-3.83878,40.81155],[-3.86127,40.81478],[-3.97822,40.78731]]]}},{"type":"Feature","properties":{"name":"Navarredonda y San Mam\u00e9s","layer":"municipio"},"geometry":{"type":"MultiLineString","coordinates":[[[-3.7713,41.01189],[-3.7668,41.01996],[-3.75556,41.02804],[-3.74881,41.03612],[-3.71282,41.02643],[-3.67909,40.9925],[-3.73756,40.97473],[-3.7713,41.01189]]]}},{"type":"Feature","properties":{"name":"Navas del Rey","layer":"municipio"},"geometry":{"type":"MultiLineString","coordinates":[[[-4.32459,40.41895],[-4.27286,40.42864],[-4.25261,40.40602],[-4.23462,40.3931],[-4.22787,40.38825],[-4.23687,40.36402],[-4.23237,40.33332],[-4.23687,40.32686],[-4.30434,40.36725],[-4.30434,40.40118],[-4.32009,40.41087],[-4.32459,40.41895]]]}},{"type":"Feature","properties":{"name":"Nuevo Bazt\u00e1n","layer":"municipio"},"geometry":{"type":"MultiLineString","coordinates":[[[-3.27874,40.39472],[-3.25625,40.3931],[-3.22027,40.40279],[-3.22701,40.38502],[-3.23376,40.35756],[-3.27874,40.34625],[-3.26975,40.36079],[-3.27425,40.38017],[-3.27874,40.39472]]]}},{"type":"Feature","properties":{"name":"Olmeda de las Fuentes","layer":"municipio"},"geometry":{"type":"MultiLineString","coordinates":[[[-3.23376,40.35756],[-3.22701,40.38502],[-3.20227,40.39148],[-3.17753,40.37371],[-3.17753,40.36079],[-3.20452,40.34463],[-3.23376,40.35756]]]}},{"type":"Feature","properties":{"name":"Perales de Taju\u00f1a","layer":"municipio"},"geometry":{"type":"MultiLineString","coordinates":[[[-3.42269,40.25416],[-3.3957,40.24769],[-3.36871,40.26547],[-3.34847,40.27354],[-3.33497,40.26385],[-3.33497,40.238],[-3.31023,40.21861],[-3.29899,40.19115],[-3.32148,40.17822],[-3.35072,40.19761],[-3.37096,40.19922],[-3.39345,40.21861],[-3.4002,40.23962],[-3.42269,40.25416]]]}},{"type":"Feature","properties":{"name":"Pezuela de las Torres","layer":"municipio"},"geometry":{"type":"MultiLineString","coordinates":[[[-3.22701,40.38502],[-3.22027,40.40279],[-3.21127,40.43511],[-3.19778,40.44157],[-3.15504,40.43995],[-3.14155,40.41249],[-3.1303,40.40441],[-3.15054,40.37371],[-3.17753,40.37371],[-3.20227,40.39148],[-3.22701,40.38502]]]}},{"type":"Feature","properties":{"name":"Pinilla del Valle","layer":"municipio"},"geometry":{"type":"MultiLineString","coordinates":[[[-3.88151,40.97311],[-3.87926,40.97473],[-3.87026,40.97149],[-3.84552,40.9828],[-3.82978,40.95049],[-3.78705,40.91333],[-3.80954,40.88748],[-3.85452,40.94888],[-3.88151,40.97311]]]}},{"type":"Feature","properties":{"name":"Pinto","layer":"municipio"},"geometry":{"type":"MultiLineString","coordinates":[[[-3.74206,40.25416],[-3.73981,40.27031],[-3.71058,40.26708],[-3.67459,40.27677],[-3.64985,40.29293],[-3.6386,40.29132],[-3.62286,40.26708],[-3.63186,40.259],[-3.6431,40.22992],[-3.67684,40.22023],[-3.69933,40.19922],[-3.73307,40.21053],[-3.74206,40.25416]]]}},{"type":"Feature","properties":{"name":"Pi\u00f1u\u00e9car-Gandullas","layer":"municipio"},"geometry":{"type":"MultiLineString","coordinates":[[[-3.61836,41.0135],[-3.61161,41.02481],[-3.62286,41.05066],[-3.61611,41.07005],[-3.60936,41.07651],[-3.60712,41.05712],[-3.58687,41.0442],[-3.57563,41.02481],[-3.58013,40.99088],[-3.61836,41.0135]]]}},{"type":"Feature","properties":{"name":"Redue\u00f1a","layer":"municipio"},"geometry":{"type":"MultiLineString","coordinates":[[[-3.61611,40.84063],[-3.60487,40.84224],[-3.57338,40.82124],[-3.57338,40.79054],[-3.59587,40.79054],[-3.59362,40.80185],[-3.61386,40.80993],[-3.61611,40.84063]]]}},{"type":"Feature","properties":{"name":"Ribatejada","layer":"municipio"},"geometry":{"type":"MultiLineString","coordinates":[[[-3.48341,40.67099],[-3.46767,40.66937],[-3.46767,40.69038],[-3.42719,40.6726],[-3.42494,40.6823],[-3.40469,40.66937],[-3.4002,40.69199],[-3.3822,40.68391],[-3.37546,40.68068],[-3.36646,40.6516],[-3.37995,40.63221],[-3.3822,40.6306],[-3.42044,40.64514],[-3.43393,40.64514],[-3.46542,40.66614],[-3.48341,40.67099]]]}},{"type":"Feature","properties":{"name":"Rivas-Vaciamadrid","layer":"municipio"},"geometry":{"type":"MultiLineString","coordinates":[[[-3.57563,40.31555],[-3.58238,40.32686],[-3.55314,40.35594],[-3.54189,40.3931],[-3.5194,40.39148],[-3.5194,40.40926],[-3.50366,40.40764],[-3.50141,40.37856],[-3.50815,40.36079],[-3.48566,40.3624],[-3.47217,40.33817],[-3.46992,40.31878],[-3.5104,40.31878],[-3.50591,40.30747],[-3.5194,40.29455],[-3.55089,40.29778],[-3.57113,40.28647],[-3.57563,40.31555]]]}},{"type":"Feature","properties":{"name":"Robledillo de la Jara","layer":"municipio"},"geometry":{"type":"MultiLineString","coordinates":[[[-3.56213,40.95695],[-3.54414,40.95534],[-3.5104,40.96503],[-3.49241,40.97796],[-3.48341,40.96342],[-3.50366,40.92464],[-3.53514,40.93434],[-3.54864,40.92141],[-3.56213,40.95695]]]}},{"type":"Feature","properties":{"name":"Robledo de Chavela","layer":"municipio"},"geometry":{"type":"MultiLineString","coordinates":[[[-4.33808,40.43187],[-4.2931,40.44642],[-4.2841,40.50296],[-4.26386,40.51266],[-4.26161,40.53043],[-4.23237,40.53204],[-4.21438,40.55466],[-4.19639,40.55951],[-4.21213,40.51912],[-4.17614,40.53043],[-4.15365,40.53204],[-4.13341,40.51912],[-4.14016,40.50619],[-4.17839,40.50781],[-4.20763,40.49812],[-4.21888,40.45773],[-4.21438,40.44803],[-4.23687,40.43187],[-4.25261,40.40602],[-4.27286,40.42864],[-4.32459,40.41895],[-4.33808,40.43187]]]}},{"type":"Feature","properties":{"name":"Robregordo","layer":"municipio"},"geometry":{"type":"MultiLineString","coordinates":[[[-3.64535,41.12175],[-3.63411,41.12498],[-3.62061,41.14275],[-3.61386,41.14921],[-3.59587,41.15244],[-3.58912,41.12013],[-3.56663,41.11367],[-3.60037,41.0959],[-3.63186,41.12013],[-3.64535,41.12175]]]}},{"type":"Feature","properties":{"name":"Las Rozas de Madrid","layer":"municipio"},"geometry":{"type":"MultiLineString","coordinates":[[[-3.94448,40.55143],[-3.91974,40.55789],[-3.88601,40.57405],[-3.85452,40.52397],[-3.85227,40.50943],[-3.83653,40.50619],[-3.83653,40.4755],[-3.87701,40.48358],[-3.91075,40.50135],[-3.93324,40.49973],[-3.93999,40.50781],[-3.94448,40.55143]]]}},{"type":"Feature","properties":{"name":"Rozas de Puerto Real","layer":"municipio"},"geometry":{"type":"MultiLineString","coordinates":[[[-4.55625,40.26547],[-4.55625,40.27677],[-4.52926,40.29293],[-4.545,40.33009],[-4.54725,40.3414],[-4.52701,40.34463],[-4.50452,40.31555],[-4.47303,40.3204],[-4.46628,40.30909],[-4.50676,40.28324],[-4.49327,40.27839],[-4.51801,40.27031],[-4.55625,40.26547]]]}},{"type":"Feature","properties":{"name":"San Agust\u00edn del Guadalix","layer":"municipio"},"geometry":{"type":"MultiLineString","coordinates":[[[-3.67684,40.72269],[-3.65885,40.72592],[-3.60712,40.71461],[-3.60487,40.68068],[-3.59362,40.65483],[-3.59137,40.64837],[-3.61161,40.64998],[-3.6386,40.63868],[-3.6521,40.64837],[-3.64085,40.67099],[-3.64085,40.68876],[-3.68134,40.70815],[-3.67684,40.72269]]]}},{"type":"Feature","properties":{"name":"San Fernando de Henares","layer":"municipio"},"geometry":{"type":"MultiLineString","coordinates":[[[-3.53065,40.42057],[-3.53065,40.44642],[-3.53065,40.47065],[-3.49916,40.47227],[-3.48341,40.43187],[-3.44743,40.44642],[-3.42719,40.45288],[-3.41144,40.42541],[-3.42944,40.42703],[-3.44068,40.41249],[-3.44968,40.42218],[-3.50366,40.40764],[-3.5194,40.40926],[-3.53065,40.42057]]]}},{"type":"Feature","properties":{"name":"San Lorenzo de El Escorial","layer":"municipio"},"geometry":{"type":"MultiLineString","coordinates":[[[-4.16715,40.64837],[-4.13116,40.65483],[-4.09518,40.64998],[-4.05919,40.65322],[-4.0367,40.64352],[-4.0322,40.6306],[-4.05694,40.63706],[-4.09293,40.6306],[-4.13116,40.59828],[-4.14016,40.57567],[-4.1604,40.56274],[-4.16715,40.57082],[-4.19863,40.56759],[-4.19414,40.58374],[-4.16265,40.61444],[-4.1604,40.62413],[-4.17389,40.6306],[-4.16715,40.64837]]]}},{"type":"Feature","properties":{"name":"San Mart\u00edn de la Vega","layer":"municipio"},"geometry":{"type":"MultiLineString","coordinates":[[[-3.6431,40.22992],[-3.63186,40.259],[-3.62286,40.26708],[-3.59587,40.27354],[-3.59587,40.28485],[-3.57113,40.28647],[-3.55089,40.29778],[-3.5194,40.29455],[-3.48341,40.25739],[-3.50591,40.23962],[-3.49916,40.217],[-3.5239,40.19761],[-3.55988,40.18953],[-3.59137,40.19599],[-3.6431,40.22992]]]}},{"type":"Feature","properties":{"name":"San Mart\u00edn de Valdeiglesias","layer":"municipio"},"geometry":{"type":"MultiLineString","coordinates":[[[-4.30434,40.36725],[-4.23687,40.32686],[-4.26836,40.33171],[-4.29535,40.32201],[-4.32459,40.32524],[-4.35607,40.30909],[-4.38081,40.31878],[-4.41905,40.33171],[-4.45279,40.33332],[-4.46178,40.33978],[-4.43929,40.35109],[-4.44154,40.38825],[-4.4213,40.40602],[-4.39881,40.41087],[-4.32009,40.41087],[-4.30434,40.40118],[-4.30434,40.36725]],[[-4.30434,40.36725],[-4.33583,40.37533],[-4.34483,40.35432],[-4.32234,40.34463],[-4.30434,40.36725]]]}},{"type":"Feature","properties":{"name":"San Sebasti\u00e1n de los Reyes","layer":"municipio"},"geometry":{"type":"MultiLineString","coordinates":[[[-3.67459,40.58859],[-3.6566,40.58859],[-3.64985,40.57728],[-3.62511,40.57405],[-3.60262,40.59182],[-3.62511,40.61606],[-3.61161,40.62898],[-3.58462,40.62737],[-3.57788,40.60798],[-3.55764,40.58536],[-3.53964,40.58213],[-3.54414,40.5692],[-3.55539,40.57567],[-3.56663,40.55628],[-3.55314,40.53204],[-3.62511,40.54012],[-3.65435,40.55466],[-3.67459,40.58859]]]}},{"type":"Feature","properties":{"name":"Santa Mar\u00eda de la Alameda","layer":"municipio"},"geometry":{"type":"MultiLineString","coordinates":[[[-4.1604,40.62413],[-4.16265,40.61444],[-4.19414,40.58374],[-4.19863,40.56759],[-4.16715,40.57082],[-4.19639,40.55951],[-4.21438,40.55466],[-4.23237,40.53204],[-4.26161,40.53043],[-4.25711,40.54658],[-4.27061,40.56113],[-4.2886,40.56436],[-4.2796,40.60475],[-4.2886,40.60636],[-4.29085,40.62737],[-4.27061,40.62898],[-4.26161,40.60475],[-4.21438,40.60636],[-4.1604,40.62413]],[[-4.2751,40.67745],[-4.25486,40.66129],[-4.25711,40.6516],[-4.2886,40.65322],[-4.32009,40.64837],[-4.31559,40.66614],[-4.2841,40.68068],[-4.2751,40.67745]]]}},{"type":"Feature","properties":{"name":"Santorcaz","layer":"municipio"},"geometry":{"type":"MultiLineString","coordinates":[[[-3.2585,40.48358],[-3.22477,40.50458],[-3.20227,40.49812],[-3.19553,40.47873],[-3.19778,40.44157],[-3.21127,40.43511],[-3.23601,40.4448],[-3.2585,40.48358]]]}},{"type":"Feature","properties":{"name":"Los Santos de la Humosa","layer":"municipio"},"geometry":{"type":"MultiLineString","coordinates":[[[-3.29899,40.49488],[-3.30798,40.50296],[-3.28549,40.5175],[-3.28999,40.53204],[-3.25175,40.54174],[-3.23151,40.54012],[-3.22252,40.52558],[-3.20002,40.51427],[-3.20227,40.49812],[-3.22477,40.50458],[-3.2585,40.48358],[-3.29899,40.49488]]]}},{"type":"Feature","properties":{"name":"La Serna del Monte","layer":"municipio"},"geometry":{"type":"MultiLineString","coordinates":[[[-3.63635,41.02966],[-3.62286,41.05066],[-3.62736,41.06843],[-3.61611,41.07005],[-3.62286,41.05066],[-3.61161,41.02481],[-3.61836,41.0135],[-3.63411,41.02158],[-3.63635,41.02966]]]}},{"type":"Feature","properties":{"name":"Serranillos del Valle","layer":"municipio"},"geometry":{"type":"MultiLineString","coordinates":[[[-3.93774,40.20246],[-3.95123,40.19599],[-3.93774,40.20246]],[[-3.904,40.23477],[-3.88376,40.23154],[-3.86801,40.20084],[-3.87701,40.19115],[-3.88376,40.18953],[-3.91525,40.19115],[-3.92649,40.20084],[-3.89725,40.19599],[-3.895,40.21053],[-3.904,40.23477]]]}},{"type":"Feature","properties":{"name":"Tielmes","layer":"municipio"},"geometry":{"type":"MultiLineString","coordinates":[[[-3.33497,40.26385],[-3.28549,40.26223],[-3.26975,40.21538],[-3.29899,40.19115],[-3.31023,40.21861],[-3.33497,40.238],[-3.33497,40.26385]]]}},{"type":"Feature","properties":{"name":"Titulcia","layer":"municipio"},"geometry":{"type":"MultiLineString","coordinates":[[[-3.58462,40.12814],[-3.56663,40.14914],[-3.56213,40.17176],[-3.54639,40.16853],[-3.53514,40.14914],[-3.55089,40.14268],[-3.55764,40.12491],[-3.58462,40.12814]]]}},{"type":"Feature","properties":{"name":"Sevilla la Nueva","layer":"municipio"},"geometry":{"type":"MultiLineString","coordinates":[[[-4.07493,40.34302],[-4.07718,40.35756],[-4.05919,40.37533],[-4.03445,40.37856],[-4.00521,40.35917],[-4.00746,40.33978],[-4.02545,40.33332],[-4.07043,40.33494],[-4.07493,40.34302]]]}},{"type":"Feature","properties":{"name":"Somosierra","layer":"municipio"},"geometry":{"type":"MultiLineString","coordinates":[[[-3.61386,41.14921],[-3.58238,41.16214],[-3.53964,41.16537],[-3.54189,41.14921],[-3.54639,41.13467],[-3.56438,41.11367],[-3.56663,41.11367],[-3.58912,41.12013],[-3.59587,41.15244],[-3.61386,41.14921]]]}},{"type":"Feature","properties":{"name":"Soto del Real","layer":"municipio"},"geometry":{"type":"MultiLineString","coordinates":[[[-3.83878,40.81155],[-3.82978,40.81316],[-3.80729,40.776],[-3.76006,40.76146],[-3.73981,40.74692],[-3.73307,40.73077],[-3.78255,40.70492],[-3.80054,40.71138],[-3.81853,40.73884],[-3.82978,40.79378],[-3.83878,40.81155]]]}},{"type":"Feature","properties":{"name":"Talamanca de Jarama","layer":"municipio"},"geometry":{"type":"MultiLineString","coordinates":[[[-3.54414,40.73561],[-3.50815,40.78247],[-3.51265,40.78893],[-3.49916,40.78893],[-3.50591,40.77923],[-3.49016,40.76793],[-3.48117,40.74692],[-3.45193,40.73884],[-3.44968,40.73238],[-3.43843,40.73561],[-3.43618,40.72269],[-3.46767,40.69038],[-3.46992,40.70653],[-3.49691,40.71461],[-3.52615,40.73238],[-3.54414,40.73561]]]}},{"type":"Feature","properties":{"name":"Torrej\u00f3n de Ardoz","layer":"municipio"},"geometry":{"type":"MultiLineString","coordinates":[[[-3.49916,40.47227],[-3.47667,40.48842],[-3.47892,40.49488],[-3.46767,40.49327],[-3.43618,40.50943],[-3.42944,40.51104],[-3.42494,40.47227],[-3.44743,40.44642],[-3.48341,40.43187],[-3.49916,40.47227]]]}},{"type":"Feature","properties":{"name":"Torrej\u00f3n de la Calzada","layer":"municipio"},"geometry":{"type":"MultiLineString","coordinates":[[[-3.82078,40.20569],[-3.80279,40.22023],[-3.7803,40.20892],[-3.80054,40.17499],[-3.80729,40.17661],[-3.82078,40.20569]]]}},{"type":"Feature","properties":{"name":"Torrej\u00f3n de Velasco","layer":"municipio"},"geometry":{"type":"MultiLineString","coordinates":[[[-3.80054,40.17499],[-3.7803,40.20892],[-3.74431,40.20084],[-3.73307,40.21053],[-3.69933,40.19922],[-3.70833,40.17822],[-3.69933,40.16045],[-3.71732,40.14591],[-3.74206,40.1346],[-3.7713,40.13945],[-3.80054,40.17499]]]}},{"type":"Feature","properties":{"name":"Torrelaguna","layer":"municipio"},"geometry":{"type":"MultiLineString","coordinates":[[[-3.60487,40.84224],[-3.57113,40.85032],[-3.53739,40.86325],[-3.5104,40.8374],[-3.50591,40.81801],[-3.5149,40.80347],[-3.50141,40.79701],[-3.51265,40.78893],[-3.57338,40.79054],[-3.57338,40.82124],[-3.60487,40.84224]]]}},{"type":"Feature","properties":{"name":"Torrelodones","layer":"municipio"},"geometry":{"type":"MultiLineString","coordinates":[[[-3.95348,40.59667],[-3.88376,40.58536],[-3.88601,40.57405],[-3.91974,40.55789],[-3.94448,40.55143],[-3.96023,40.57728],[-3.95348,40.59667]]]}},{"type":"Feature","properties":{"name":"Torremocha de Jarama","layer":"municipio"},"geometry":{"type":"MultiLineString","coordinates":[[[-3.53739,40.86325],[-3.5239,40.87617],[-3.50815,40.84548],[-3.46992,40.85194],[-3.47667,40.82609],[-3.50141,40.79701],[-3.5149,40.80347],[-3.50591,40.81801],[-3.5104,40.8374],[-3.53739,40.86325]]]}},{"type":"Feature","properties":{"name":"Torres de la Alameda","layer":"municipio"},"geometry":{"type":"MultiLineString","coordinates":[[[-3.42719,40.45288],[-3.40919,40.45288],[-3.35072,40.42541],[-3.33047,40.4238],[-3.31248,40.40118],[-3.31923,40.38341],[-3.35297,40.36725],[-3.37096,40.37533],[-3.41144,40.42541],[-3.42719,40.45288]]]}},{"type":"Feature","properties":{"name":"Valdeavero","layer":"municipio"},"geometry":{"type":"MultiLineString","coordinates":[[[-3.3822,40.60798],[-3.37096,40.62575],[-3.37995,40.63221],[-3.36646,40.6516],[-3.32822,40.64029],[-3.31698,40.65483],[-3.32373,40.62898],[-3.33722,40.62575],[-3.32148,40.61121],[-3.33047,40.60152],[-3.33947,40.59667],[-3.3822,40.60798]]]}},{"type":"Feature","properties":{"name":"Valdelaguna","layer":"municipio"},"geometry":{"type":"MultiLineString","coordinates":[[[-3.42269,40.19761],[-3.39345,40.21861],[-3.37096,40.19922],[-3.35072,40.19761],[-3.32148,40.17822],[-3.33947,40.15076],[-3.37771,40.13298],[-3.38445,40.1346],[-3.40919,40.1863],[-3.42269,40.19761]]]}},{"type":"Feature","properties":{"name":"Valdepi\u00e9lagos","layer":"municipio"},"geometry":{"type":"MultiLineString","coordinates":[[[-3.43843,40.73561],[-3.44968,40.73238],[-3.43843,40.73561]],[[-3.44743,40.76469],[-3.45193,40.73884],[-3.48117,40.74692],[-3.49016,40.76793],[-3.50591,40.77923],[-3.49916,40.78893],[-3.46767,40.78408],[-3.44743,40.76469]]]}},{"type":"Feature","properties":{"name":"Valdetorres de Jarama","layer":"municipio"},"geometry":{"type":"MultiLineString","coordinates":[[[-3.55764,40.66129],[-3.55089,40.69038],[-3.53289,40.70492],[-3.52615,40.73238],[-3.49691,40.71461],[-3.46992,40.70653],[-3.46767,40.69038],[-3.46767,40.66937],[-3.48341,40.67099],[-3.48341,40.66776],[-3.52615,40.67099],[-3.55764,40.66129]]]}},{"type":"Feature","properties":{"name":"Velilla de San Antonio","layer":"municipio"},"geometry":{"type":"MultiLineString","coordinates":[[[-3.50141,40.37856],[-3.46542,40.38825],[-3.45193,40.35756],[-3.45418,40.34302],[-3.47217,40.33817],[-3.48566,40.3624],[-3.50815,40.36079],[-3.50141,40.37856]]]}},{"type":"Feature","properties":{"name":"El Vell\u00f3n","layer":"municipio"},"geometry":{"type":"MultiLineString","coordinates":[[[-3.60936,40.7857],[-3.59587,40.79054],[-3.57338,40.79054],[-3.51265,40.78893],[-3.50815,40.78247],[-3.54414,40.73561],[-3.57338,40.74854],[-3.59362,40.75015],[-3.60936,40.77923],[-3.60936,40.7857]]]}},{"type":"Feature","properties":{"name":"Villaconejos","layer":"municipio"},"geometry":{"type":"MultiLineString","coordinates":[[[-3.54864,40.10229],[-3.52165,40.13622],[-3.48341,40.13783],[-3.45193,40.11844],[-3.47892,40.08936],[-3.50366,40.08452],[-3.54864,40.10229]]]}},{"type":"Feature","properties":{"name":"Villa del Prado","layer":"municipio"},"geometry":{"type":"MultiLineString","coordinates":[[[-4.35607,40.30909],[-4.32459,40.32524],[-4.29535,40.32201],[-4.25486,40.28808],[-4.23237,40.27677],[-4.24587,40.27354],[-4.27061,40.23638],[-4.29535,40.21861],[-4.31109,40.23477],[-4.32234,40.22669],[-4.34933,40.23638],[-4.34483,40.25254],[-4.35607,40.27031],[-4.35607,40.30909]]]}},{"type":"Feature","properties":{"name":"Villalbilla","layer":"municipio"},"geometry":{"type":"MultiLineString","coordinates":[[[-3.40919,40.45288],[-3.3912,40.45934],[-3.35746,40.44803],[-3.32148,40.47227],[-3.2675,40.43995],[-3.28774,40.41895],[-3.29674,40.42541],[-3.33047,40.4238],[-3.35072,40.42541],[-3.40919,40.45288]]]}},{"type":"Feature","properties":{"name":"Villamanrique de Tajo","layer":"municipio"},"geometry":{"type":"MultiLineString","coordinates":[[[-3.28549,40.0522],[-3.27425,40.10229],[-3.2585,40.11198],[-3.22926,40.08613],[-3.22027,40.06997],[-3.20002,40.08613],[-3.18878,40.0829],[-3.20227,40.06674],[-3.24276,40.05382],[-3.28549,40.0522]]]}},{"type":"Feature","properties":{"name":"Villamanta","layer":"municipio"},"geometry":{"type":"MultiLineString","coordinates":[[[-4.17165,40.28808],[-4.1694,40.31878],[-4.1649,40.32847],[-4.12441,40.32201],[-4.10192,40.33655],[-4.07493,40.34302],[-4.07043,40.33494],[-4.08618,40.29939],[-4.07943,40.26708],[-4.10417,40.24123],[-4.13116,40.24931],[-4.14466,40.24446],[-4.14466,40.26385],[-4.16715,40.27354],[-4.17165,40.28808]]]}},{"type":"Feature","properties":{"name":"Villamantilla","layer":"municipio"},"geometry":{"type":"MultiLineString","coordinates":[[[-4.18739,40.33817],[-4.18289,40.34786],[-4.1514,40.35594],[-4.1469,40.36402],[-4.13566,40.37048],[-4.11992,40.36402],[-4.10192,40.33655],[-4.12441,40.32201],[-4.1649,40.32847],[-4.1694,40.31878],[-4.18739,40.33817]]]}},{"type":"Feature","properties":{"name":"Villanueva de la Ca\u00f1ada","layer":"municipio"},"geometry":{"type":"MultiLineString","coordinates":[[[-4.0412,40.44803],[-4.01421,40.47065],[-3.99396,40.47227],[-3.97372,40.45773],[-3.93774,40.48519],[-3.94448,40.45449],[-3.94898,40.4141],[-3.94673,40.40764],[-3.96922,40.41733],[-3.98047,40.43672],[-4.01421,40.43511],[-4.02545,40.42864],[-4.0412,40.44803]]]}},{"type":"Feature","properties":{"name":"Villanueva del Pardillo","layer":"municipio"},"geometry":{"type":"MultiLineString","coordinates":[[[-4.00071,40.48519],[-3.98497,40.51589],[-3.96698,40.51912],[-3.93999,40.50781],[-3.93324,40.49973],[-3.93774,40.48519],[-3.97372,40.45773],[-3.99396,40.47227],[-4.00071,40.48519]]]}},{"type":"Feature","properties":{"name":"Villanueva de Perales","layer":"municipio"},"geometry":{"type":"MultiLineString","coordinates":[[[-4.13566,40.37048],[-4.11092,40.38987],[-4.11317,40.40279],[-4.07493,40.39795],[-4.04569,40.38825],[-4.03445,40.37856],[-4.05919,40.37533],[-4.07718,40.35756],[-4.07493,40.34302],[-4.10192,40.33655],[-4.11992,40.36402],[-4.13566,40.37048]]]}},{"type":"Feature","properties":{"name":"Villar del Olmo","layer":"municipio"},"geometry":{"type":"MultiLineString","coordinates":[[[-3.28774,40.33332],[-3.27874,40.34625],[-3.23376,40.35756],[-3.20452,40.34463],[-3.20452,40.3204],[-3.21577,40.31232],[-3.25175,40.30424],[-3.28774,40.33332]]]}},{"type":"Feature","properties":{"name":"Villarejo de Salvan\u00e9s","layer":"municipio"},"geometry":{"type":"MultiLineString","coordinates":[[[-3.34847,40.09744],[-3.30798,40.13137],[-3.29674,40.13137],[-3.32148,40.17822],[-3.29899,40.19115],[-3.26975,40.21538],[-3.26975,40.20084],[-3.24726,40.18307],[-3.22252,40.18468],[-3.21802,40.16368],[-3.19778,40.1556],[-3.20452,40.11521],[-3.20002,40.08613],[-3.22027,40.06997],[-3.22926,40.08613],[-3.2585,40.11198],[-3.27425,40.10229],[-3.28549,40.0522],[-3.29224,40.0522],[-3.30348,40.05382],[-3.32822,40.07967],[-3.34397,40.07967],[-3.34847,40.09744]]]}},{"type":"Feature","properties":{"name":"Villaviciosa de Od\u00f3n","layer":"municipio"},"geometry":{"type":"MultiLineString","coordinates":[[[-4.00746,40.33978],[-4.00521,40.35917],[-3.98047,40.37048],[-3.94898,40.36887],[-3.94673,40.40764],[-3.94898,40.4141],[-3.93774,40.41572],[-3.89051,40.39795],[-3.86801,40.37694],[-3.87926,40.37048],[-3.87026,40.35271],[-3.88151,40.35432],[-3.93549,40.33817],[-3.94448,40.32363],[-3.94223,40.29939],[-4.00746,40.33978]]]}},{"type":"Feature","properties":{"name":"Villavieja del Lozoya","layer":"municipio"},"geometry":{"type":"MultiLineString","coordinates":[[[-3.75556,41.02804],[-3.73981,41.05389],[-3.72182,41.0652],[-3.66559,41.01027],[-3.65435,41.00704],[-3.66559,40.99573],[-3.67909,40.9925],[-3.71282,41.02643],[-3.74881,41.03612],[-3.75556,41.02804]]]}},{"type":"Feature","properties":{"name":"Zarzalejo","layer":"municipio"},"geometry":{"type":"MultiLineString","coordinates":[[[-4.19639,40.55951],[-4.16715,40.57082],[-4.1604,40.56274],[-4.14915,40.55466],[-4.15365,40.53204],[-4.17614,40.53043],[-4.21213,40.51912],[-4.19639,40.55951]]]}},{"type":"Feature","properties":{"name":"Lozoyuela-Navas-Sieteiglesias","layer":"municipio"},"geometry":{"type":"MultiLineString","coordinates":[[[-3.67459,40.89233],[-3.64535,40.95372],[-3.62961,40.9618],[-3.61386,40.9408],[-3.58462,40.94888],[-3.56888,40.93272],[-3.57563,40.91818],[-3.56888,40.90364],[-3.60262,40.89394],[-3.60037,40.8891],[-3.64985,40.8794],[-3.67459,40.89233]]]}},{"type":"Feature","properties":{"name":"Puentes Viejas","layer":"municipio"},"geometry":{"type":"MultiLineString","coordinates":[[[-3.62961,40.9618],[-3.58013,40.99088],[-3.57563,41.02481],[-3.55764,41.02966],[-3.51265,41.02158],[-3.49241,41.01189],[-3.49691,40.99411],[-3.55089,40.97796],[-3.56213,40.95695],[-3.54864,40.92141],[-3.54414,40.90525],[-3.56888,40.90364],[-3.57563,40.91818],[-3.56888,40.93272],[-3.58462,40.94888],[-3.61386,40.9408],[-3.62961,40.9618]]]}},{"type":"Feature","properties":{"name":"Tres Cantos","layer":"municipio"},"geometry":{"type":"MultiLineString","coordinates":[[[-3.80954,40.60959],[-3.78929,40.61929],[-3.73981,40.61121],[-3.74206,40.62898],[-3.71732,40.64514],[-3.66784,40.62898],[-3.66784,40.61929],[-3.68808,40.60636],[-3.69708,40.59021],[-3.71957,40.58213],[-3.77805,40.60152],[-3.80279,40.59828],[-3.80954,40.60959]]]}},{"type":"Feature","properties":{"name":"Burgos","layer":"provincia"},"geometry":{"type":"MultiLineString","coordinates":[[[-3.54189,41.57735],[-3.56663,41.58059],[-3.57338,41.56605],[-3.61611,41.57735],[-3.64535,41.57251],[-3.68134,41.5515],[-3.68808,41.5402],[-3.69258,41.53373],[-3.72857,41.51758],[-3.72857,41.48688],[-3.72857,41.4578],[-3.73981,41.45134],[-3.74431,41.46103],[-3.76905,41.45941],[-3.7713,41.48203],[-3.7713,41.52081],[-3.7668,41.53858],[-3.79604,41.52242],[-3.80279,41.52404],[-3.79829,41.49173],[-3.78705,41.48526],[-3.82303,41.48042],[-3.83428,41.4998],[-3.83653,41.4998],[-3.84327,41.50142],[-3.86352,41.52889],[-3.88601,41.53212],[-3.88601,41.53696],[-3.895,41.5515],[-3.91525,41.56281],[-3.94223,41.56928],[-3.96473,41.58543],[-3.98047,41.58382],[-4.00296,41.61613]]]}},{"type":"Feature","properties":{"name":"\u00c1vila","layer":"provincia"},"geometry":{"type":"MultiLineString","coordinates":[[[-5.46264,40.49165],[-5.4514,40.49488],[-5.4469,40.52073],[-5.4334,40.53366],[-5.42666,40.55628],[-5.43115,40.56759],[-5.50762,40.5482],[-5.52562,40.54012],[-5.52787,40.55466],[-5.51662,40.57728],[-5.50987,40.59021],[-5.49863,40.58213],[-5.4469,40.5789],[-5.41541,40.60959],[-5.40866,40.60959],[-5.39742,40.61444],[-5.38167,40.6306],[-5.36593,40.64837],[-5.38617,40.66937],[-5.36818,40.68068],[-5.34119,40.68714],[-5.32769,40.70492],[-5.30745,40.70653],[-5.25347,40.734],[-5.25572,40.73884],[-5.21524,40.75823],[-5.21974,40.77277],[-5.17925,40.79701],[-5.177,40.80508],[-5.15901,40.81963],[-5.16801,40.84063],[-5.16351,40.86486],[-5.16351,40.86809],[-5.12752,40.90041],[-5.11628,40.90202],[-5.11178,40.91495],[-5.12752,40.94888],[-5.12752,40.95372],[-5.11628,40.95372],[-5.09828,40.97796],[-5.08929,40.99734],[-5.10728,41.02966],[-5.14102,41.03774],[-5.14551,41.0442],[-5.15226,41.08136],[-5.12977,41.10559],[-5.12527,41.13144],[-5.10053,41.1476],[-5.07579,41.13952],[-5.0488,41.14275],[-5.02181,41.15406],[-5.01282,41.16375],[-4.99033,41.16052],[-4.96783,41.15244],[-4.95884,41.13952],[-4.94984,41.14114],[-4.91161,41.12013],[-4.90936,41.11852],[-4.86437,41.09428],[-4.85538,41.10074],[-4.82839,41.09913],[-4.81489,41.10398],[-4.81264,41.12983],[-4.78566,41.14437],[-4.72268,41.14921],[-4.71593,41.13306],[-4.72493,41.12336],[-4.71593,41.10721],[-4.70694,41.08944],[-4.71593,41.07166],[-4.70244,41.05228],[-4.6597,41.04097],[-4.63946,41.02966],[-4.62372,41.00704],[-4.61697,41.00381],[-4.61247,40.98765],[-4.59673,40.96503],[-4.56524,40.95695],[-4.56749,40.94564],[-4.55849,40.9408],[-4.55849,40.91656],[-4.55175,40.90687],[-4.55849,40.88587],[-4.53375,40.86486],[-4.55849,40.83901],[-4.54725,40.82609],[-4.49777,40.83417],[-4.47303,40.80024],[-4.48202,40.79216],[-4.45503,40.755],[-4.43254,40.74208],[-4.43479,40.71623],[-4.41905,40.65483],[-4.41905,40.63383],[-4.38756,40.63544],[-4.36507,40.63706],[-4.33358,40.63706],[-4.32009,40.64837],[-4.2886,40.65322],[-4.25711,40.6516],[-4.25486,40.66129],[-4.2751,40.67745],[-4.25261,40.68876],[-4.18739,40.69522],[-4.1604,40.69038],[-4.17165,40.68068],[-4.16715,40.64837],[-4.17389,40.6306],[-4.1604,40.62413],[-4.21438,40.60636],[-4.26161,40.60475],[-4.27061,40.62898],[-4.29085,40.62737],[-4.2886,40.60636],[-4.2796,40.60475],[-4.2886,40.56436],[-4.32459,40.54658],[-4.32234,40.5175],[-4.32683,40.50943],[-4.31784,40.45773],[-4.32459,40.45934],[-4.33808,40.43187],[-4.32459,40.41895],[-4.32009,40.41087],[-4.39881,40.41087],[-4.4213,40.40602],[-4.44154,40.38825],[-4.43929,40.35109],[-4.46178,40.33978],[-4.45279,40.33332],[-4.45503,40.31878],[-4.47303,40.3204],[-4.50452,40.31555],[-4.52701,40.34463],[-4.54725,40.3414],[-4.545,40.33009],[-4.52926,40.29293],[-4.55625,40.27677],[-4.55625,40.26547],[-4.56974,40.25739],[-4.55849,40.23477],[-4.56524,40.21861],[-4.57874,40.217],[-4.61697,40.19922],[-4.65746,40.19922],[-4.6732,40.20892],[-4.67995,40.2073],[-4.68669,40.21053],[-4.68669,40.24931],[-4.70019,40.25739],[-4.69794,40.28162],[-4.72718,40.27354],[-4.74292,40.27516],[-4.76092,40.26062],[-4.80365,40.27516],[-4.81714,40.25577],[-4.8059,40.23477],[-4.81939,40.23154],[-4.83514,40.21215],[-4.84863,40.20892],[-4.85988,40.20246],[-4.89586,40.18468],[-4.9251,40.17014],[-4.92285,40.14106],[-4.94534,40.13298],[-4.94984,40.13298],[-4.95434,40.12167],[-5.01282,40.11198],[-5.00607,40.12652],[-5.01731,40.15883],[-5.05555,40.14914],[-5.0668,40.15076],[-5.10053,40.12652],[-5.14327,40.09098],[-5.16576,40.08936],[-5.1815,40.08775],[-5.19949,40.08128],[-5.21074,40.10552],[-5.24897,40.10875],[-5.29396,40.11037],[-5.31645,40.10713],[-5.33669,40.11521],[-5.36818,40.16368],[-5.36368,40.17822],[-5.37043,40.21538],[-5.35918,40.22507],[-5.34344,40.26385],[-5.39517,40.25092],[-5.4289,40.25254],[-5.44015,40.23315],[-5.46714,40.22346],[-5.47164,40.2073],[-5.48738,40.20407],[-5.49638,40.19922],[-5.51887,40.19761],[-5.53011,40.19438],[-5.59759,40.217]],[[-5.59084,40.46742],[-5.5616,40.47711],[-5.55935,40.46742],[-5.57285,40.44803],[-5.54586,40.4238],[-5.51212,40.42864],[-5.52112,40.44642],[-5.50762,40.46257],[-5.48063,40.45611],[-5.46489,40.4658],[-5.46264,40.48519],[-5.46264,40.49165]]]}},{"type":"Feature","properties":{"name":"Salamanca","layer":"provincia"},"geometry":{"type":"MultiLineString","coordinates":[[[-5.58859,41.20253],[-5.5706,41.21707],[-5.5571,41.21384],[-5.51437,41.19122],[-5.48738,41.17991],[-5.48513,41.14598],[-5.47389,41.15406],[-5.47614,41.17829],[-5.4424,41.18476],[-5.40866,41.18637],[-5.39742,41.16375],[-5.39967,41.1476],[-5.38392,41.13467],[-5.35693,41.14114],[-5.32994,41.1169],[-5.29846,41.12659],[-5.29621,41.13467],[-5.29171,41.15083],[-5.29846,41.16052],[-5.28946,41.18153],[-5.28946,41.19607],[-5.25347,41.1993],[-5.22873,41.1896],[-5.21749,41.15891],[-5.17925,41.16699],[-5.12527,41.13144],[-5.12977,41.10559],[-5.15226,41.08136],[-5.14551,41.0442],[-5.14102,41.03774],[-5.10728,41.02966],[-5.08929,40.99734],[-5.09828,40.97796],[-5.11628,40.95372],[-5.12752,40.95372],[-5.12752,40.94888],[-5.11178,40.91495],[-5.11628,40.90202],[-5.12752,40.90041],[-5.16351,40.86809],[-5.16351,40.86486],[-5.16801,40.84063],[-5.15901,40.81963],[-5.177,40.80508],[-5.17925,40.79701],[-5.21974,40.77277],[-5.21524,40.75823],[-5.25572,40.73884],[-5.25347,40.734],[-5.30745,40.70653],[-5.32769,40.70492],[-5.34119,40.68714],[-5.36818,40.68068],[-5.38617,40.66937],[-5.36593,40.64837],[-5.38167,40.6306],[-5.39742,40.61444],[-5.40866,40.60959],[-5.41541,40.60959],[-5.4469,40.5789],[-5.49863,40.58213],[-5.50987,40.59021],[-5.51662,40.57728],[-5.52787,40.55466],[-5.52562,40.54012],[-5.50762,40.5482],[-5.43115,40.56759],[-5.42666,40.55628],[-5.4334,40.53366],[-5.4469,40.52073],[-5.4514,40.49488],[-5.46264,40.49165],[-5.46264,40.48519],[-5.46489,40.4658],[-5.48063,40.45611],[-5.50762,40.46257],[-5.52112,40.44642],[-5.51212,40.42864],[-5.54586,40.4238],[-5.57285,40.44803],[-5.55935,40.46742],[-5.5616,40.47711],[-5.59084,40.46742],[-5.62233,40.4658]]]}},{"type":"Feature","properties":{"name":"Zamora","layer":"provincia"},"geometry":{"type":"MultiLineString","coordinates":[[[-5.29396,41.57412],[-5.27371,41.54989],[-5.24673,41.54666],[-5.22873,41.52889],[-5.25347,41.5095],[-5.3007,41.4998],[-5.31195,41.49011],[-5.33444,41.47557],[-5.33894,41.46265],[-5.32544,41.45457],[-5.33894,41.42549],[-5.30745,41.41418],[-5.33219,41.38186],[-5.33444,41.36409],[-5.3232,41.32693],[-5.3052,41.31885],[-5.29171,41.26877],[-5.3007,41.26231],[-5.29621,41.22999],[-5.34119,41.19445],[-5.33219,41.17829],[-5.28946,41.18153],[-5.29846,41.16052],[-5.29171,41.15083],[-5.29621,41.13467],[-5.29846,41.12659],[-5.32994,41.1169],[-5.35693,41.14114],[-5.38392,41.13467],[-5.39967,41.1476],[-5.39742,41.16375],[-5.40866,41.18637],[-5.4424,41.18476],[-5.47614,41.17829],[-5.47389,41.15406],[-5.48513,41.14598],[-5.48738,41.17991],[-5.51437,41.19122],[-5.5571,41.21384],[-5.5706,41.21707],[-5.58859,41.20253],[-5.62908,41.21384]]]}},{"type":"Feature","properties":{"name":"Segovia","layer":"provincia"},"geometry":{"type":"MultiLineString","coordinates":[[[-4.22787,41.45941],[-4.15815,41.48203],[-4.14241,41.47072],[-4.12216,41.48042],[-4.09967,41.48688],[-4.07493,41.49496],[-4.06594,41.49496],[-4.05694,41.4998],[-4.0277,41.51758],[-4.00071,41.51596],[-3.99396,41.5305],[-3.99396,41.5402],[-3.99396,41.55635],[-3.98047,41.58382],[-3.96473,41.58543],[-3.94223,41.56928],[-3.91525,41.56281],[-3.895,41.5515],[-3.88601,41.53696],[-3.88601,41.53212],[-3.86352,41.52889],[-3.84327,41.50142],[-3.83653,41.4998],[-3.83428,41.4998],[-3.82303,41.48042],[-3.78705,41.48526],[-3.79829,41.49173],[-3.80279,41.52404],[-3.79604,41.52242],[-3.7668,41.53858],[-3.7713,41.52081],[-3.7713,41.48203],[-3.76905,41.45941],[-3.74431,41.46103],[-3.73981,41.45134],[-3.72857,41.4578],[-3.72857,41.48688],[-3.72857,41.51758],[-3.69258,41.53373],[-3.68808,41.5402],[-3.68134,41.5515],[-3.64535,41.57251],[-3.61611,41.57735],[-3.57338,41.56605],[-3.56663,41.58059],[-3.54189,41.57735],[-3.53514,41.54827],[-3.47892,41.52081],[-3.45867,41.53696],[-3.42044,41.51273],[-3.42494,41.48203],[-3.41369,41.47557],[-3.38445,41.46588],[-3.36421,41.46749],[-3.35072,41.4578],[-3.33047,41.46103],[-3.34622,41.42872],[-3.34172,41.41741],[-3.34622,41.3964],[-3.32822,41.37702],[-3.272,41.35278],[-3.26975,41.34147],[-3.23601,41.31885],[-3.20677,41.30431],[-3.23826,41.28816],[-3.254,41.25908],[-3.27425,41.26069],[-3.27649,41.27523],[-3.29224,41.25746],[-3.32598,41.26231],[-3.33722,41.25261],[-3.36871,41.26069],[-3.39345,41.25746],[-3.41594,41.27362],[-3.41144,41.26069],[-3.4002,41.25423],[-3.40694,41.23323],[-3.40245,41.21384],[-3.44293,41.21545],[-3.45418,41.20253],[-3.46542,41.18314],[-3.49916,41.17829],[-3.51715,41.16214],[-3.53964,41.16537],[-3.58238,41.16214],[-3.61386,41.14921],[-3.62061,41.14275],[-3.63411,41.12498],[-3.64535,41.12175],[-3.6521,41.10721],[-3.67684,41.0862],[-3.68808,41.08459],[-3.70608,41.07651],[-3.71507,41.07166],[-3.72182,41.0652],[-3.73981,41.05389],[-3.75556,41.02804],[-3.7668,41.01996],[-3.7713,41.01189],[-3.7803,41.00058],[-3.80954,40.98765],[-3.82978,40.98604],[-3.84552,40.9828],[-3.87026,40.97149],[-3.87926,40.97473],[-3.88151,40.97311],[-3.89051,40.96826],[-3.8995,40.95857],[-3.904,40.95695],[-3.91974,40.93757],[-3.93774,40.92787],[-3.94448,40.90364],[-3.94673,40.86325],[-3.96473,40.83417],[-3.96248,40.82286],[-3.98047,40.79862],[-3.97822,40.78731],[-3.98047,40.78408],[-4.00296,40.78893],[-4.00746,40.78731],[-4.02095,40.78085],[-4.07043,40.79378],[-4.09742,40.76469],[-4.09742,40.74854],[-4.11092,40.74369],[-4.12666,40.7243],[-4.14466,40.69522],[-4.1604,40.69038],[-4.18739,40.69522],[-4.25261,40.68876],[-4.2751,40.67745],[-4.2841,40.68068],[-4.31559,40.66614],[-4.32009,40.64837],[-4.33358,40.63706],[-4.36507,40.63706],[-4.38756,40.63544],[-4.41905,40.63383],[-4.41905,40.65483],[-4.43479,40.71623],[-4.43254,40.74208],[-4.45503,40.755],[-4.48202,40.79216],[-4.47303,40.80024],[-4.49777,40.83417],[-4.54725,40.82609],[-4.55849,40.83901],[-4.53375,40.86486],[-4.55849,40.88587],[-4.55175,40.90687],[-4.55849,40.91656],[-4.55849,40.9408],[-4.56749,40.94564],[-4.56524,40.95695],[-4.59673,40.96503],[-4.61247,40.98765],[-4.61697,41.00381],[-4.62372,41.00704],[-4.63946,41.02966],[-4.6597,41.04097],[-4.70244,41.05228],[-4.71593,41.07166],[-4.70694,41.08944],[-4.71593,41.10721],[-4.72493,41.12336],[-4.71593,41.13306],[-4.72268,41.14921],[-4.72043,41.15729],[-4.70244,41.17506],[-4.67995,41.18637],[-4.64396,41.1686],[-4.62822,41.17022],[-4.63272,41.18476],[-4.65071,41.1993],[-4.64846,41.22353],[-4.61472,41.2413],[-4.61247,41.24454],[-4.59898,41.26392],[-4.57424,41.27523],[-4.59448,41.29624],[-4.60573,41.31239],[-4.59673,41.32047],[-4.55849,41.3027],[-4.53375,41.31885],[-4.50452,41.31078],[-4.50002,41.30108],[-4.47078,41.29139],[-4.46853,41.29624],[-4.47303,41.32209],[-4.49327,41.32693],[-4.50227,41.34309],[-4.49552,41.36409],[-4.48427,41.36571],[-4.48427,41.36732],[-4.51576,41.39479],[-4.51351,41.40933],[-4.48652,41.40933],[-4.46628,41.41741],[-4.43029,41.43195],[-4.4078,41.44164],[-4.36507,41.4368],[-4.36282,41.44972],[-4.33133,41.44487],[-4.29985,41.4578],[-4.26161,41.45134],[-4.24362,41.46103],[-4.22787,41.45941]]]}},{"type":"Feature","properties":{"name":"Soria","layer":"provincia"},"geometry":{"type":"MultiLineString","coordinates":[[[-2.62425,41.22353],[-2.6355,41.22353],[-2.64674,41.23969],[-2.66923,41.23646],[-2.69622,41.24615],[-2.70972,41.25261],[-2.71646,41.27523],[-2.76145,41.27362],[-2.77494,41.24938],[-2.78169,41.25423],[-2.81992,41.25746],[-2.86715,41.27523],[-2.8739,41.29785],[-2.86715,41.31239],[-2.8829,41.32209],[-2.8874,41.32532],[-2.90764,41.32693],[-2.93463,41.31401],[-2.95037,41.293],[-3.0066,41.28493],[-3.01785,41.28977],[-3.06283,41.27362],[-3.09881,41.28008],[-3.10781,41.28816],[-3.16404,41.29462],[-3.17753,41.29947],[-3.20677,41.30431],[-3.23601,41.31885],[-3.26975,41.34147],[-3.272,41.35278],[-3.32822,41.37702],[-3.34622,41.3964],[-3.34172,41.41741],[-3.34622,41.42872],[-3.33047,41.46103],[-3.35072,41.4578],[-3.36421,41.46749],[-3.38445,41.46588],[-3.41369,41.47557],[-3.42494,41.48203],[-3.42044,41.51273],[-3.45867,41.53696],[-3.47892,41.52081],[-3.53514,41.54827],[-3.54189,41.57735],[-3.55089,41.59674]],[[-2.53653,41.16214],[-2.53878,41.15406],[-2.57477,41.13952],[-2.59501,41.14921],[-2.57702,41.17829],[-2.60176,41.18799],[-2.61975,41.18314],[-2.61975,41.19607],[-2.60176,41.19445],[-2.58826,41.22353],[-2.59051,41.22515],[-2.62425,41.22353]]]}},{"type":"Feature","properties":{"name":"Valladolid","layer":"provincia"},"geometry":{"type":"MultiLineString","coordinates":[[[-3.98047,41.58382],[-3.99396,41.55635],[-3.99396,41.5402],[-3.99396,41.5305],[-4.00071,41.51596],[-4.0277,41.51758],[-4.05694,41.4998],[-4.06594,41.49496],[-4.07493,41.49496],[-4.09967,41.48688],[-4.12216,41.48042],[-4.14241,41.47072],[-4.15815,41.48203],[-4.22787,41.45941],[-4.24362,41.46103],[-4.26161,41.45134],[-4.29985,41.4578],[-4.33133,41.44487],[-4.36282,41.44972],[-4.36507,41.4368],[-4.4078,41.44164],[-4.43029,41.43195],[-4.46628,41.41741],[-4.48652,41.40933],[-4.51351,41.40933],[-4.51576,41.39479],[-4.48427,41.36732],[-4.48427,41.36571],[-4.49552,41.36409],[-4.50227,41.34309],[-4.49327,41.32693],[-4.47303,41.32209],[-4.46853,41.29624],[-4.47078,41.29139],[-4.50002,41.30108],[-4.50452,41.31078],[-4.53375,41.31885],[-4.55849,41.3027],[-4.59673,41.32047],[-4.60573,41.31239],[-4.59448,41.29624],[-4.57424,41.27523],[-4.59898,41.26392],[-4.61247,41.24454],[-4.61472,41.2413],[-4.64846,41.22353],[-4.65071,41.1993],[-4.63272,41.18476],[-4.62822,41.17022],[-4.64396,41.1686],[-4.67995,41.18637],[-4.70244,41.17506],[-4.72043,41.15729],[-4.72268,41.14921],[-4.78566,41.14437],[-4.81264,41.12983],[-4.81489,41.10398],[-4.82839,41.09913],[-4.85538,41.10074],[-4.86437,41.09428],[-4.90936,41.11852],[-4.91161,41.12013],[-4.94984,41.14114],[-4.95884,41.13952],[-4.96783,41.15244],[-4.99033,41.16052],[-5.01282,41.16375],[-5.02181,41.15406],[-5.0488,41.14275],[-5.07579,41.13952],[-5.10053,41.1476],[-5.12527,41.13144],[-5.17925,41.16699],[-5.21749,41.15891],[-5.22873,41.1896],[-5.25347,41.1993],[-5.28946,41.19607],[-5.28946,41.18153],[-5.33219,41.17829],[-5.34119,41.19445],[-5.29621,41.22999],[-5.3007,41.26231],[-5.29171,41.26877],[-5.3052,41.31885],[-5.3232,41.32693],[-5.33444,41.36409],[-5.33219,41.38186],[-5.30745,41.41418],[-5.33894,41.42549],[-5.32544,41.45457],[-5.33894,41.46265],[-5.33444,41.47557],[-5.31195,41.49011],[-5.3007,41.4998],[-5.25347,41.5095],[-5.22873,41.52889],[-5.24673,41.54666],[-5.27371,41.54989],[-5.29396,41.57412],[-5.26697,41.59028]]]}},{"type":"Feature","properties":{"name":"Cuenca","layer":"provincia"},"geometry":{"type":"MultiLineString","coordinates":[[[-2.68048,40.40279],[-2.70297,40.42218],[-2.70072,40.43026],[-2.65124,40.43995],[-2.63999,40.44803],[-2.61076,40.44642],[-2.59051,40.44965],[-2.55678,40.43511],[-2.52079,40.4238]],[[-2.54553,40.47388],[-2.52979,40.49812],[-2.54553,40.51912],[-2.52754,40.54497],[-2.51404,40.51589]],[[-2.54778,39.32355],[-2.59951,39.33971],[-2.61975,39.33971],[-2.6355,39.3284],[-2.66248,39.32194],[-2.74345,39.31871],[-2.77269,39.37041],[-2.77719,39.39464],[-2.79293,39.39787],[-2.81318,39.37525],[-2.84691,39.34779],[-2.86491,39.35587],[-2.8829,39.3494],[-2.89639,39.36556],[-2.8694,39.39141],[-2.90314,39.42534],[-2.93238,39.47219],[-2.93463,39.48189],[-2.92563,39.55621],[-2.92113,39.58206],[-2.92563,39.60144],[-2.91664,39.62568],[-2.90764,39.64183],[-2.91888,39.64668],[-2.95037,39.67738],[-2.97061,39.6903],[-2.99985,39.72261],[-3.0156,39.76462],[-3.0201,39.77108],[-3.05158,39.81309],[-3.06058,39.83732],[-3.09657,39.86964],[-3.12805,39.87448],[-3.10781,39.90356],[-3.10781,39.91326],[-3.09432,39.95526],[-3.09657,39.98758],[-3.14155,39.98435],[-3.15054,40.0102],[-3.16629,40.02797],[-3.17079,40.04736],[-3.16179,40.06513],[-3.11906,40.0619],[-3.09432,40.06836],[-3.05383,40.09906],[-3.07857,40.13622],[-3.09657,40.14268],[-3.08982,40.16368],[-3.06733,40.15722],[-3.06283,40.16853],[-3.0156,40.15237],[-3.01335,40.17337],[-3.0201,40.19276],[-2.9976,40.20892],[-2.94587,40.17014],[-2.91888,40.15883],[-2.8874,40.1653],[-2.86266,40.20084],[-2.82667,40.20246],[-2.80643,40.25254],[-2.80868,40.32686],[-2.81543,40.33171],[-2.81767,40.36402],[-2.80643,40.40441],[-2.77719,40.44642],[-2.7592,40.44157],[-2.77044,40.42218],[-2.72321,40.39633],[-2.71421,40.41087],[-2.70522,40.41572],[-2.69172,40.39472],[-2.68048,40.40279]]]}},{"type":"Feature","properties":{"name":"Guadalajara","layer":"provincia"},"geometry":{"type":"MultiLineString","coordinates":[[[-3.19778,40.44157],[-3.19553,40.47873],[-3.20227,40.49812],[-3.20002,40.51427],[-3.22252,40.52558],[-3.23151,40.54012],[-3.25175,40.54174],[-3.28999,40.53204],[-3.28324,40.55143],[-3.28774,40.57243],[-3.31698,40.58374],[-3.33047,40.60152],[-3.32148,40.61121],[-3.33722,40.62575],[-3.32373,40.62898],[-3.31698,40.65483],[-3.32822,40.64029],[-3.36646,40.6516],[-3.37546,40.68068],[-3.3822,40.68391],[-3.4002,40.69199],[-3.40469,40.66937],[-3.42494,40.6823],[-3.42719,40.6726],[-3.46767,40.69038],[-3.43618,40.72269],[-3.43843,40.73561],[-3.44968,40.73238],[-3.45193,40.73884],[-3.44743,40.76469],[-3.46767,40.78408],[-3.49916,40.78893],[-3.51265,40.78893],[-3.50141,40.79701],[-3.47667,40.82609],[-3.46992,40.85194],[-3.47217,40.86486],[-3.44068,40.88102],[-3.45867,40.89718],[-3.45193,40.91333],[-3.42269,40.96665],[-3.41819,40.97473],[-3.41819,40.98765],[-3.39345,41.00058],[-3.40694,41.01512],[-3.43843,41.04258],[-3.42719,41.0652],[-3.42719,41.08297],[-3.44743,41.08136],[-3.47442,41.0959],[-3.48791,41.10398],[-3.5104,41.1379],[-3.54189,41.14921],[-3.53964,41.16537],[-3.51715,41.16214],[-3.49916,41.17829],[-3.46542,41.18314],[-3.45418,41.20253],[-3.44293,41.21545],[-3.40245,41.21384],[-3.40694,41.23323],[-3.4002,41.25423],[-3.41144,41.26069],[-3.41594,41.27362],[-3.39345,41.25746],[-3.36871,41.26069],[-3.33722,41.25261],[-3.32598,41.26231],[-3.29224,41.25746],[-3.27649,41.27523],[-3.27425,41.26069],[-3.254,41.25908],[-3.23826,41.28816],[-3.20677,41.30431],[-3.17753,41.29947],[-3.16404,41.29462],[-3.10781,41.28816],[-3.09881,41.28008],[-3.06283,41.27362],[-3.01785,41.28977],[-3.0066,41.28493],[-2.95037,41.293],[-2.93463,41.31401],[-2.90764,41.32693],[-2.8874,41.32532],[-2.8829,41.32209],[-2.86715,41.31239],[-2.8739,41.29785],[-2.86715,41.27523],[-2.81992,41.25746],[-2.78169,41.25423],[-2.77494,41.24938],[-2.76145,41.27362],[-2.71646,41.27523],[-2.70972,41.25261],[-2.69622,41.24615],[-2.66923,41.23646],[-2.64674,41.23969],[-2.6355,41.22353],[-2.62425,41.22353],[-2.59051,41.22515],[-2.58826,41.22353],[-2.60176,41.19445],[-2.61975,41.19607],[-2.61975,41.18314],[-2.60176,41.18799],[-2.57702,41.17829],[-2.59501,41.14921],[-2.57477,41.13952],[-2.53878,41.15406],[-2.53653,41.16214],[-2.51629,41.14598]],[[-2.52754,40.54497],[-2.54553,40.51912],[-2.52979,40.49812],[-2.54553,40.47388],[-2.51629,40.45934]],[[-2.55678,40.43511],[-2.59051,40.44965],[-2.61076,40.44642],[-2.63999,40.44803],[-2.65124,40.43995],[-2.70072,40.43026],[-2.70297,40.42218],[-2.68048,40.40279],[-2.69172,40.39472],[-2.70522,40.41572],[-2.71421,40.41087],[-2.72321,40.39633],[-2.77044,40.42218],[-2.7592,40.44157],[-2.77719,40.44642],[-2.80643,40.40441],[-2.81767,40.36402],[-2.81543,40.33171],[-2.80868,40.32686],[-2.80643,40.25254],[-2.82667,40.20246],[-2.86266,40.20084],[-2.8874,40.1653],[-2.91888,40.15883],[-2.94587,40.17014],[-2.9976,40.20892],[-3.0201,40.19276],[-3.01335,40.17337],[-3.0156,40.15237],[-3.06283,40.16853],[-3.06733,40.15722],[-3.07857,40.16691],[-3.08757,40.20084],[-3.07857,40.20892],[-3.08757,40.24608],[-3.11006,40.28485],[-3.11231,40.28485],[-3.15279,40.26385],[-3.17304,40.23477],[-3.19553,40.24769],[-3.19778,40.25739],[-3.18428,40.27031],[-3.17978,40.30101],[-3.18203,40.30424],[-3.17978,40.31393],[-3.15054,40.33494],[-3.1438,40.35756],[-3.15054,40.37371],[-3.1303,40.40441],[-3.14155,40.41249],[-3.15504,40.43995],[-3.19778,40.44157]],[[-3.37995,40.63221],[-3.37096,40.62575],[-3.3822,40.6306],[-3.37995,40.63221]]]}},{"type":"Feature","properties":{"name":"Albacete","layer":"provincia"},"geometry":{"type":"MultiLineString","coordinates":[[[-2.7592,39.22985],[-2.72321,39.26701],[-2.74345,39.31871],[-2.66248,39.32194],[-2.6355,39.3284],[-2.61975,39.33971],[-2.59951,39.33971],[-2.54778,39.32355],[-2.51179,39.34294]]]}},{"type":"Feature","properties":{"name":"C\u00e1ceres","layer":"provincia"},"geometry":{"type":"MultiLineString","coordinates":[[[-5.53011,40.19438],[-5.51887,40.19761],[-5.49638,40.19922],[-5.48738,40.20407],[-5.47164,40.2073],[-5.46714,40.22346],[-5.44015,40.23315],[-5.4289,40.25254],[-5.39517,40.25092],[-5.34344,40.26385],[-5.35918,40.22507],[-5.37043,40.21538],[-5.36368,40.17822],[-5.36818,40.16368],[-5.33669,40.11521],[-5.35918,40.10875],[-5.36818,40.10067],[-5.37493,40.05867],[-5.36593,40.03605],[-5.36368,40.02635],[-5.36593,39.98435],[-5.39517,39.91811],[-5.40191,39.88579],[-5.40641,39.87771],[-5.37043,39.88902],[-5.33894,39.89064],[-5.31645,39.89064],[-5.28946,39.86479],[-5.28496,39.86317],[-5.31195,39.82278],[-5.3142,39.78886],[-5.3097,39.75977],[-5.25347,39.75331],[-5.21524,39.79047],[-5.20624,39.79693],[-5.1815,39.79855],[-5.16801,39.80016],[-5.15901,39.75977],[-5.17475,39.75008],[-5.13877,39.71454],[-5.15226,39.69676],[-5.14776,39.66768],[-5.16126,39.64668],[-5.1725,39.63537],[-5.18375,39.6176],[-5.20624,39.59983],[-5.20174,39.59175],[-5.14551,39.54974],[-5.12302,39.52228],[-5.08254,39.48996],[-5.0578,39.48996],[-5.03981,39.47058],[-5.00832,39.43503],[-4.95209,39.39464],[-4.97233,39.39464],[-4.97008,39.38333],[-4.99257,39.37041],[-5.01507,39.37525],[-5.01956,39.36879],[-5.05555,39.36395],[-5.08929,39.3898],[-5.11403,39.38818],[-5.11178,39.36879],[-5.11853,39.34294],[-5.15001,39.32032],[-5.16576,39.31709],[-5.24673,39.30255],[-5.28271,39.32032],[-5.30295,39.32032],[-5.33894,39.33325],[-5.35468,39.27185],[-5.35018,39.23146],[-5.36818,39.21369]]]}},{"type":"Feature","properties":{"name":"Ciudad Real","layer":"provincia"},"geometry":{"type":"MultiLineString","coordinates":[[[-4.71368,39.24439],[-4.73168,39.2557],[-4.76092,39.32032],[-4.70694,39.3284],[-4.71143,39.34617],[-4.6687,39.42372],[-4.68669,39.44957],[-4.61922,39.45442],[-4.61922,39.48512],[-4.58998,39.49966],[-4.56749,39.49804],[-4.554,39.51097],[-4.56074,39.53359],[-4.5315,39.55621],[-4.48202,39.53843],[-4.50227,39.5352],[-4.50002,39.51905],[-4.48427,39.48835],[-4.46178,39.47865],[-4.45279,39.51743],[-4.43254,39.51905],[-4.4213,39.50774],[-4.36507,39.49643],[-4.32009,39.4835],[-4.23687,39.47865],[-4.20538,39.48835],[-4.19189,39.49804],[-4.16715,39.56751],[-4.15815,39.57721],[-4.12441,39.56428],[-4.0412,39.57559],[-4.02995,39.52228],[-4.05919,39.52228],[-4.06819,39.50289],[-4.05919,39.47219],[-4.07943,39.45119],[-4.11767,39.45604],[-4.12666,39.40757],[-4.14915,39.36233],[-4.12891,39.36556],[-4.09967,39.34294],[-4.07268,39.36556],[-4.00521,39.35264],[-3.97147,39.35264],[-3.96922,39.32355],[-3.95798,39.31063],[-3.96473,39.2977],[-3.92874,39.28478],[-3.90175,39.27993],[-3.87701,39.26216],[-3.84102,39.25893],[-3.80954,39.28801],[-3.79379,39.29286],[-3.7668,39.29286],[-3.74431,39.28316],[-3.72182,39.27024],[-3.69708,39.27993],[-3.67459,39.29609],[-3.6566,39.29932],[-3.61161,39.30417],[-3.58687,39.3074],[-3.56663,39.29932],[-3.53289,39.30417],[-3.53065,39.30901],[-3.47667,39.34294],[-3.46992,39.37202],[-3.40919,39.40434],[-3.34397,39.40757],[-3.33047,39.40595],[-3.30798,39.39787],[-3.31698,39.42857],[-3.29449,39.47058],[-3.18428,39.47542],[-3.18428,39.48835],[-3.1438,39.49481],[-3.07632,39.45765],[-3.06958,39.44957],[-3.02234,39.45765],[-2.99985,39.4415],[-2.97736,39.44473],[-2.93238,39.47219],[-2.90314,39.42534],[-2.8694,39.39141],[-2.89639,39.36556],[-2.8829,39.3494],[-2.86491,39.35587],[-2.84691,39.34779],[-2.81318,39.37525],[-2.79293,39.39787],[-2.77719,39.39464],[-2.77269,39.37041],[-2.74345,39.31871],[-2.72321,39.26701],[-2.7592,39.22985],[-2.78169,39.19592]],[[-4.94084,39.39464],[-4.90711,39.4932],[-4.88012,39.53843],[-4.86213,39.55621],[-4.8104,39.53036],[-4.76316,39.5142],[-4.74292,39.48996],[-4.74967,39.46896],[-4.74067,39.45604],[-4.76541,39.43503],[-4.75642,39.41565],[-4.76766,39.4011],[-4.8059,39.39787],[-4.87112,39.36879],[-4.90936,39.37849],[-4.94084,39.39464]]]}},{"type":"Feature","properties":{"name":"Toledo","layer":"provincia"},"geometry":{"type":"MultiLineString","coordinates":[[[-4.22562,40.27031],[-4.20313,40.2687],[-4.20313,40.28808],[-4.19189,40.29778],[-4.17165,40.28808],[-4.16715,40.27354],[-4.14466,40.26385],[-4.14466,40.24446],[-4.13116,40.24931],[-4.10417,40.24123],[-4.07943,40.26708],[-4.05244,40.25092],[-4.0232,40.24931],[-4.02545,40.23638],[-3.99172,40.20892],[-3.95348,40.21215],[-3.95573,40.19922],[-3.95123,40.19599],[-3.93774,40.20246],[-3.92649,40.20084],[-3.91525,40.19115],[-3.88376,40.18953],[-3.87701,40.19115],[-3.85452,40.17984],[-3.84102,40.16207],[-3.80729,40.17661],[-3.80054,40.17499],[-3.7713,40.13945],[-3.74206,40.1346],[-3.71732,40.14591],[-3.71282,40.14106],[-3.68359,40.13298],[-3.66784,40.14268],[-3.6566,40.12491],[-3.60712,40.10875],[-3.60936,40.08128],[-3.62286,40.05382],[-3.6386,40.05059],[-3.6521,40.0312],[-3.66784,40.02797],[-3.67909,40.01666],[-3.69933,40.01989],[-3.71507,40.00373],[-3.74656,39.9795],[-3.73532,39.96173],[-3.75781,39.96819],[-3.78705,39.95365],[-3.78705,39.94396],[-3.80954,39.95365],[-3.82303,39.94719],[-3.86576,39.93103],[-3.87476,39.91003],[-3.83428,39.90033],[-3.81403,39.88579],[-3.80504,39.88418],[-3.77805,39.91164],[-3.76006,39.91972],[-3.74431,39.94072],[-3.71058,39.95526],[-3.69708,39.94719],[-3.66559,39.96334],[-3.62961,39.96819],[-3.6386,39.98758],[-3.61611,39.99404],[-3.59362,40.00212],[-3.58912,40.01343],[-3.55089,40.01827],[-3.5194,40.02151],[-3.51715,40.03605],[-3.5149,40.04412],[-3.51265,40.04412],[-3.47217,40.04251],[-3.44968,40.04897],[-3.44743,40.03928],[-3.42494,40.04736],[-3.3957,40.03605],[-3.37771,40.05059],[-3.37771,40.07482],[-3.34397,40.07967],[-3.32822,40.07967],[-3.30348,40.05382],[-3.29224,40.0522],[-3.28549,40.0522],[-3.24276,40.05382],[-3.20227,40.06674],[-3.18878,40.0829],[-3.16629,40.09098],[-3.16179,40.06513],[-3.17079,40.04736],[-3.16629,40.02797],[-3.15054,40.0102],[-3.14155,39.98435],[-3.09657,39.98758],[-3.09432,39.95526],[-3.10781,39.91326],[-3.10781,39.90356],[-3.12805,39.87448],[-3.09657,39.86964],[-3.06058,39.83732],[-3.05158,39.81309],[-3.0201,39.77108],[-3.0156,39.76462],[-2.99985,39.72261],[-2.97061,39.6903],[-2.95037,39.67738],[-2.91888,39.64668],[-2.90764,39.64183],[-2.91664,39.62568],[-2.92563,39.60144],[-2.92113,39.58206],[-2.92563,39.55621],[-2.93463,39.48189],[-2.93238,39.47219],[-2.97736,39.44473],[-2.99985,39.4415],[-3.02234,39.45765],[-3.06958,39.44957],[-3.07632,39.45765],[-3.1438,39.49481],[-3.18428,39.48835],[-3.18428,39.47542],[-3.29449,39.47058],[-3.31698,39.42857],[-3.30798,39.39787],[-3.33047,39.40595],[-3.34397,39.40757],[-3.40919,39.40434],[-3.46992,39.37202],[-3.47667,39.34294],[-3.53065,39.30901],[-3.53289,39.30417],[-3.56663,39.29932],[-3.58687,39.3074],[-3.61161,39.30417],[-3.6566,39.29932],[-3.67459,39.29609],[-3.69708,39.27993],[-3.72182,39.27024],[-3.74431,39.28316],[-3.7668,39.29286],[-3.79379,39.29286],[-3.80954,39.28801],[-3.84102,39.25893],[-3.87701,39.26216],[-3.90175,39.27993],[-3.92874,39.28478],[-3.96473,39.2977],[-3.95798,39.31063],[-3.96922,39.32355],[-3.97147,39.35264],[-4.00521,39.35264],[-4.07268,39.36556],[-4.09967,39.34294],[-4.12891,39.36556],[-4.14915,39.36233],[-4.12666,39.40757],[-4.11767,39.45604],[-4.07943,39.45119],[-4.05919,39.47219],[-4.06819,39.50289],[-4.05919,39.52228],[-4.02995,39.52228],[-4.0412,39.57559],[-4.12441,39.56428],[-4.15815,39.57721],[-4.16715,39.56751],[-4.19189,39.49804],[-4.20538,39.48835],[-4.23687,39.47865],[-4.32009,39.4835],[-4.36507,39.49643],[-4.4213,39.50774],[-4.43254,39.51905],[-4.45279,39.51743],[-4.46178,39.47865],[-4.48427,39.48835],[-4.50002,39.51905],[-4.50227,39.5352],[-4.48202,39.53843],[-4.5315,39.55621],[-4.56074,39.53359],[-4.554,39.51097],[-4.56749,39.49804],[-4.58998,39.49966],[-4.61922,39.48512],[-4.61922,39.45442],[-4.68669,39.44957],[-4.75642,39.41565],[-4.76541,39.43503],[-4.74067,39.45604],[-4.74967,39.46896],[-4.74292,39.48996],[-4.76316,39.5142],[-4.8104,39.53036],[-4.86213,39.55621],[-4.88012,39.53843],[-4.90711,39.4932],[-4.94084,39.39464],[-4.95209,39.39464],[-5.00832,39.43503],[-5.03981,39.47058],[-5.0578,39.48996],[-5.08254,39.48996],[-5.12302,39.52228],[-5.14551,39.54974],[-5.20174,39.59175],[-5.20624,39.59983],[-5.18375,39.6176],[-5.1725,39.63537],[-5.16126,39.64668],[-5.14776,39.66768],[-5.15226,39.69676],[-5.13877,39.71454],[-5.17475,39.75008],[-5.15901,39.75977],[-5.16801,39.80016],[-5.1815,39.79855],[-5.20624,39.79693],[-5.21524,39.79047],[-5.25347,39.75331],[-5.3097,39.75977],[-5.3142,39.78886],[-5.31195,39.82278],[-5.28496,39.86317],[-5.28946,39.86479],[-5.31645,39.89064],[-5.33894,39.89064],[-5.37043,39.88902],[-5.40641,39.87771],[-5.40191,39.88579],[-5.39517,39.91811],[-5.36593,39.98435],[-5.36368,40.02635],[-5.36593,40.03605],[-5.37493,40.05867],[-5.36818,40.10067],[-5.35918,40.10875],[-5.33669,40.11521],[-5.31645,40.10713],[-5.29396,40.11037],[-5.24897,40.10875],[-5.21074,40.10552],[-5.19949,40.08128],[-5.1815,40.08775],[-5.16576,40.08936],[-5.14327,40.09098],[-5.10053,40.12652],[-5.0668,40.15076],[-5.05555,40.14914],[-5.01731,40.15883],[-5.00607,40.12652],[-5.01282,40.11198],[-4.95434,40.12167],[-4.94984,40.13298],[-4.94534,40.13298],[-4.92285,40.14106],[-4.9251,40.17014],[-4.89586,40.18468],[-4.85988,40.20246],[-4.84863,40.20892],[-4.83514,40.21215],[-4.81939,40.23154],[-4.8059,40.23477],[-4.81714,40.25577],[-4.80365,40.27516],[-4.76092,40.26062],[-4.74292,40.27516],[-4.72718,40.27354],[-4.69794,40.28162],[-4.70019,40.25739],[-4.68669,40.24931],[-4.68669,40.21053],[-4.67995,40.2073],[-4.6732,40.20892],[-4.65746,40.19922],[-4.61697,40.19922],[-4.57874,40.217],[-4.57424,40.2073],[-4.5495,40.20084],[-4.52251,40.20246],[-4.51801,40.21538],[-4.49777,40.22184],[-4.47303,40.23154],[-4.43704,40.23638],[-4.43479,40.259],[-4.38306,40.2897],[-4.38081,40.31878],[-4.35607,40.30909],[-4.35607,40.27031],[-4.34483,40.25254],[-4.34933,40.23638],[-4.32234,40.22669],[-4.31109,40.23477],[-4.29535,40.21861],[-4.27061,40.23638],[-4.24587,40.27354],[-4.23237,40.27677],[-4.22562,40.27031]]]}},{"type":"Feature","properties":{"name":"Badajoz","layer":"provincia"},"geometry":{"type":"MultiLineString","coordinates":[[[-5.35018,39.23146],[-5.35468,39.27185],[-5.33894,39.33325],[-5.30295,39.32032],[-5.28271,39.32032],[-5.24673,39.30255],[-5.16576,39.31709],[-5.15001,39.32032],[-5.11853,39.34294],[-5.11178,39.36879],[-5.11403,39.38818],[-5.08929,39.3898],[-5.05555,39.36395],[-5.01956,39.36879],[-5.01507,39.37525],[-4.99257,39.37041],[-4.97008,39.38333],[-4.97233,39.39464],[-4.95209,39.39464],[-4.94084,39.39464],[-4.90936,39.37849],[-4.87112,39.36879],[-4.8059,39.39787],[-4.76766,39.4011],[-4.75642,39.41565],[-4.68669,39.44957],[-4.6687,39.42372],[-4.71143,39.34617],[-4.70694,39.3284],[-4.76092,39.32032],[-4.73168,39.2557],[-4.71368,39.24439],[-4.70919,39.21046]]]}},{"type":"Feature","properties":{"name":"Madrid","layer":"provincia"},"geometry":{"type":"MultiLineString","coordinates":[[[-3.61386,41.14921],[-3.58238,41.16214],[-3.53964,41.16537],[-3.54189,41.14921],[-3.5104,41.1379],[-3.48791,41.10398],[-3.47442,41.0959],[-3.44743,41.08136],[-3.42719,41.08297],[-3.42719,41.0652],[-3.43843,41.04258],[-3.40694,41.01512],[-3.39345,41.00058],[-3.41819,40.98765],[-3.41819,40.97473],[-3.42269,40.96665],[-3.45193,40.91333],[-3.45867,40.89718],[-3.44068,40.88102],[-3.47217,40.86486],[-3.46992,40.85194],[-3.47667,40.82609],[-3.50141,40.79701],[-3.51265,40.78893],[-3.49916,40.78893],[-3.46767,40.78408],[-3.44743,40.76469],[-3.45193,40.73884],[-3.44968,40.73238],[-3.43843,40.73561],[-3.43618,40.72269],[-3.46767,40.69038],[-3.42719,40.6726],[-3.42494,40.6823],[-3.40469,40.66937],[-3.4002,40.69199],[-3.3822,40.68391],[-3.37546,40.68068],[-3.36646,40.6516],[-3.32822,40.64029],[-3.31698,40.65483],[-3.32373,40.62898],[-3.33722,40.62575],[-3.32148,40.61121],[-3.33047,40.60152],[-3.31698,40.58374],[-3.28774,40.57243],[-3.28324,40.55143],[-3.28999,40.53204],[-3.25175,40.54174],[-3.23151,40.54012],[-3.22252,40.52558],[-3.20002,40.51427],[-3.20227,40.49812],[-3.19553,40.47873],[-3.19778,40.44157],[-3.15504,40.43995],[-3.14155,40.41249],[-3.1303,40.40441],[-3.15054,40.37371],[-3.1438,40.35756],[-3.15054,40.33494],[-3.17978,40.31393],[-3.18203,40.30424],[-3.17978,40.30101],[-3.18428,40.27031],[-3.19778,40.25739],[-3.19553,40.24769],[-3.17304,40.23477],[-3.15279,40.26385],[-3.11231,40.28485],[-3.11006,40.28485],[-3.08757,40.24608],[-3.07857,40.20892],[-3.08757,40.20084],[-3.07857,40.16691],[-3.06733,40.15722],[-3.08982,40.16368],[-3.09657,40.14268],[-3.07857,40.13622],[-3.05383,40.09906],[-3.09432,40.06836],[-3.11906,40.0619],[-3.16179,40.06513],[-3.16629,40.09098],[-3.18878,40.0829],[-3.20227,40.06674],[-3.24276,40.05382],[-3.28549,40.0522],[-3.29224,40.0522],[-3.30348,40.05382],[-3.32822,40.07967],[-3.34397,40.07967],[-3.37771,40.07482],[-3.37771,40.05059],[-3.3957,40.03605],[-3.42494,40.04736],[-3.44743,40.03928],[-3.44968,40.04897],[-3.47217,40.04251],[-3.51265,40.04412],[-3.5149,40.04412],[-3.51715,40.03605],[-3.5194,40.02151],[-3.55089,40.01827],[-3.58912,40.01343],[-3.59362,40.00212],[-3.61611,39.99404],[-3.6386,39.98758],[-3.62961,39.96819],[-3.66559,39.96334],[-3.69708,39.94719],[-3.71058,39.95526],[-3.74431,39.94072],[-3.76006,39.91972],[-3.77805,39.91164],[-3.80504,39.88418],[-3.81403,39.88579],[-3.83428,39.90033],[-3.87476,39.91003],[-3.86576,39.93103],[-3.82303,39.94719],[-3.80954,39.95365],[-3.78705,39.94396],[-3.78705,39.95365],[-3.75781,39.96819],[-3.73532,39.96173],[-3.74656,39.9795],[-3.71507,40.00373],[-3.69933,40.01989],[-3.67909,40.01666],[-3.66784,40.02797],[-3.6521,40.0312],[-3.6386,40.05059],[-3.62286,40.05382],[-3.60936,40.08128],[-3.60712,40.10875],[-3.6566,40.12491],[-3.66784,40.14268],[-3.68359,40.13298],[-3.71282,40.14106],[-3.71732,40.14591],[-3.74206,40.1346],[-3.7713,40.13945],[-3.80054,40.17499],[-3.80729,40.17661],[-3.84102,40.16207],[-3.85452,40.17984],[-3.87701,40.19115],[-3.88376,40.18953],[-3.91525,40.19115],[-3.92649,40.20084],[-3.93774,40.20246],[-3.95123,40.19599],[-3.95573,40.19922],[-3.95348,40.21215],[-3.99172,40.20892],[-4.02545,40.23638],[-4.0232,40.24931],[-4.05244,40.25092],[-4.07943,40.26708],[-4.10417,40.24123],[-4.13116,40.24931],[-4.14466,40.24446],[-4.14466,40.26385],[-4.16715,40.27354],[-4.17165,40.28808],[-4.19189,40.29778],[-4.20313,40.28808],[-4.20313,40.2687],[-4.22562,40.27031],[-4.23237,40.27677],[-4.24587,40.27354],[-4.27061,40.23638],[-4.29535,40.21861],[-4.31109,40.23477],[-4.32234,40.22669],[-4.34933,40.23638],[-4.34483,40.25254],[-4.35607,40.27031],[-4.35607,40.30909],[-4.38081,40.31878],[-4.38306,40.2897],[-4.43479,40.259],[-4.43704,40.23638],[-4.47303,40.23154],[-4.49777,40.22184],[-4.51801,40.21538],[-4.52251,40.20246],[-4.5495,40.20084],[-4.57424,40.2073],[-4.57874,40.217],[-4.56524,40.21861],[-4.55849,40.23477],[-4.56974,40.25739],[-4.55625,40.26547],[-4.55625,40.27677],[-4.52926,40.29293],[-4.545,40.33009],[-4.54725,40.3414],[-4.52701,40.34463],[-4.50452,40.31555],[-4.47303,40.3204],[-4.45503,40.31878],[-4.45279,40.33332],[-4.46178,40.33978],[-4.43929,40.35109],[-4.44154,40.38825],[-4.4213,40.40602],[-4.39881,40.41087],[-4.32009,40.41087],[-4.32459,40.41895],[-4.33808,40.43187],[-4.32459,40.45934],[-4.31784,40.45773],[-4.32683,40.50943],[-4.32234,40.5175],[-4.32459,40.54658],[-4.2886,40.56436],[-4.2796,40.60475],[-4.2886,40.60636],[-4.29085,40.62737],[-4.27061,40.62898],[-4.26161,40.60475],[-4.21438,40.60636],[-4.1604,40.62413],[-4.17389,40.6306],[-4.16715,40.64837],[-4.17165,40.68068],[-4.1604,40.69038],[-4.14466,40.69522],[-4.12666,40.7243],[-4.11092,40.74369],[-4.09742,40.74854],[-4.09742,40.76469],[-4.07043,40.79378],[-4.02095,40.78085],[-4.00746,40.78731],[-4.00296,40.78893],[-3.98047,40.78408],[-3.97822,40.78731],[-3.98047,40.79862],[-3.96248,40.82286],[-3.96473,40.83417],[-3.94673,40.86325],[-3.94448,40.90364],[-3.93774,40.92787],[-3.91974,40.93757],[-3.904,40.95695],[-3.8995,40.95857],[-3.89051,40.96826],[-3.88151,40.97311],[-3.87926,40.97473],[-3.87026,40.97149],[-3.84552,40.9828],[-3.82978,40.98604],[-3.80954,40.98765],[-3.7803,41.00058],[-3.7713,41.01189],[-3.7668,41.01996],[-3.75556,41.02804],[-3.73981,41.05389],[-3.72182,41.0652],[-3.71507,41.07166],[-3.70608,41.07651],[-3.68808,41.08459],[-3.67684,41.0862],[-3.6521,41.10721],[-3.64535,41.12175],[-3.63411,41.12498],[-3.62061,41.14275],[-3.61386,41.14921]],[[-3.37096,40.62575],[-3.37995,40.63221],[-3.3822,40.6306],[-3.37096,40.62575]],[[-4.2751,40.67745],[-4.25486,40.66129],[-4.25711,40.6516],[-4.2886,40.65322],[-4.32009,40.64837],[-4.31559,40.66614],[-4.2841,40.68068],[-4.2751,40.67745]]]}}]}